#
# There is insufficient memory for the Java Runtime Environment to continue.
# Native memory allocation (malloc) failed to allocate 1530576 bytes. Error detail: Chunk::new
# Possible reasons:
#   The system is out of physical RAM or swap space
#   This process is running with CompressedOops enabled, and the Java Heap may be blocking the growth of the native heap
# Possible solutions:
#   Reduce memory load on the system
#   Increase physical memory or swap space
#   Check if swap backing store is full
#   Decrease Java heap size (-Xmx/-Xms)
#   Decrease number of Java threads
#   Decrease Java thread stack sizes (-Xss)
#   Set larger code cache with -XX:ReservedCodeCacheSize=
#   JVM is running with Unscaled Compressed Oops mode in which the Java heap is
#     placed in the first 4GB address space. The Java Heap base address is the
#     maximum limit for the native heap growth. Please use -XX:HeapBaseMinAddress
#     to set the Java Heap base and to place the Java Heap above 4GB virtual address.
# This output file may be truncated or incomplete.
#
#  Out of Memory Error (arena.cpp:168), pid=10468, tid=10036
#
# JRE version: OpenJDK Runtime Environment (21.0.6) (build 21.0.6+-13391695-b895.109)
# Java VM: OpenJDK 64-Bit Server VM (21.0.6+-13391695-b895.109, mixed mode, tiered, compressed oops, compressed class ptrs, g1 gc, windows-amd64)
# No core dump will be written. Minidumps are not enabled by default on client versions of Windows
#

---------------  S U M M A R Y ------------

Command Line: --add-opens=java.base/java.lang=ALL-UNNAMED --add-opens=java.base/java.lang.invoke=ALL-UNNAMED --add-opens=java.base/java.util=ALL-UNNAMED --add-opens=java.prefs/java.util.prefs=ALL-UNNAMED --add-exports=jdk.compiler/com.sun.tools.javac.api=ALL-UNNAMED --add-exports=jdk.compiler/com.sun.tools.javac.util=ALL-UNNAMED --add-opens=java.base/java.util=ALL-UNNAMED --add-opens=java.prefs/java.util.prefs=ALL-UNNAMED --add-opens=java.base/java.nio.charset=ALL-UNNAMED --add-opens=java.base/java.net=ALL-UNNAMED --add-opens=java.base/java.util.concurrent.atomic=ALL-UNNAMED --add-opens=java.xml/javax.xml.namespace=ALL-UNNAMED -Xmx2048m -Dfile.encoding=UTF-8 -Duser.country=ES -Duser.language=es -Duser.variant -javaagent:C:\Users\USUARIO\.gradle\wrapper\dists\gradle-8.13-bin\5xuhj0ry160q40clulazy9h7d\gradle-8.13\lib\agents\gradle-instrumentation-agent-8.13.jar org.gradle.launcher.daemon.bootstrap.GradleDaemon 8.13

Host: AMD Ryzen 5 4500U with Radeon Graphics         , 6 cores, 3G,  Windows 10 , 64 bit Build 19041 (10.0.19041.5915)
Time: Tue Dec 23 10:44:29 2025 Hora estándar romance elapsed time: 38.637373 seconds (0d 0h 0m 38s)

---------------  T H R E A D  ---------------

Current thread (0x0000022f1b16ff30):  JavaThread "C2 CompilerThread0" daemon [_thread_in_native, id=10036, stack(0x0000003b56400000,0x0000003b56500000) (1024K)]


Current CompileTask:
C2:38638 11477       4       org.gradle.internal.reflect.ClassInspector::inspectClass (179 bytes)

Stack: [0x0000003b56400000,0x0000003b56500000]
Native frames: (J=compiled Java code, j=interpreted, Vv=VM code, C=native code)
V  [jvm.dll+0x6d0639]
V  [jvm.dll+0x85eb03]
V  [jvm.dll+0x86105e]
V  [jvm.dll+0x861743]
V  [jvm.dll+0x27e6e6]
V  [jvm.dll+0xbff6d]
V  [jvm.dll+0xc04a3]
V  [jvm.dll+0x3b6171]
V  [jvm.dll+0x3820c7]
V  [jvm.dll+0x38153a]
V  [jvm.dll+0x247c82]
V  [jvm.dll+0x247251]
V  [jvm.dll+0x1c5f04]
V  [jvm.dll+0x2569ac]
V  [jvm.dll+0x254ef6]
V  [jvm.dll+0x3f0e96]
V  [jvm.dll+0x806ed8]
V  [jvm.dll+0x6cef0d]
C  [ucrtbase.dll+0x21bb2]
C  [KERNEL32.DLL+0x17374]
C  [ntdll.dll+0x4cc91]


---------------  P R O C E S S  ---------------

Threads class SMR info:
_java_thread_list=0x0000022f24bfead0, length=84, elements={
0x0000022f019b4040, 0x0000022f1b182400, 0x0000022f1b1835f0, 0x0000022f1b188670,
0x0000022f1b186be0, 0x0000022f1b164f40, 0x0000022f1b16a250, 0x0000022f1b16ff30,
0x0000022f1b1709c0, 0x0000022f1b2aa760, 0x0000022f1b4c7b70, 0x0000022f210dbce0,
0x0000022f211f56a0, 0x0000022f20ff2f30, 0x0000022f21054470, 0x0000022f20f77b30,
0x0000022f2102f0f0, 0x0000022f1b5452f0, 0x0000022f1b696930, 0x0000022f1b696fc0,
0x0000022f1b697650, 0x0000022f1b699090, 0x0000022f1b697ce0, 0x0000022f1b698370,
0x0000022f1b6962a0, 0x0000022f1b698a00, 0x0000022f1b699720, 0x0000022f21ce9d70,
0x0000022f21ce96e0, 0x0000022f21ce3b00, 0x0000022f21ce5540, 0x0000022f21ce7ca0,
0x0000022f21ce6f80, 0x0000022f21ce4eb0, 0x0000022f21ce6260, 0x0000022f21ce9050,
0x0000022f21ce89c0, 0x0000022f21ce7610, 0x0000022f21ce68f0, 0x0000022f21ce3470,
0x0000022f21ce4190, 0x0000022f21ce4820, 0x0000022f248c87d0, 0x0000022f248c6070,
0x0000022f248c6700, 0x0000022f248c6d90, 0x0000022f248c8e60, 0x0000022f248c7420,
0x0000022f248c8140, 0x0000022f248c7ab0, 0x0000022f222f1b30, 0x0000022f222f0780,
0x0000022f222f4290, 0x0000022f222f4920, 0x0000022f222f4fb0, 0x0000022f222f5640,
0x0000022f222f6360, 0x0000022f222f5cd0, 0x0000022f222f69f0, 0x0000022f222f7080,
0x0000022f222f14a0, 0x0000022f222f00f0, 0x0000022f222f7710, 0x0000022f222f3570,
0x0000022f222f0e10, 0x0000022f230a6200, 0x0000022f230a4130, 0x0000022f230a5b70,
0x0000022f230a82d0, 0x0000022f230a7c40, 0x0000022f230a1340, 0x0000022f230a8960,
0x0000022f230a19d0, 0x0000022f230a26f0, 0x0000022f230a2d80, 0x0000022f230a3410,
0x0000022f230741b0, 0x0000022f23074840, 0x0000022f23075560, 0x0000022f23076fa0,
0x0000022f23074ed0, 0x0000022f23076280, 0x0000022f230a6890, 0x0000022f25496060
}

Java Threads: ( => current thread )
  0x0000022f019b4040 JavaThread "main"                              [_thread_blocked, id=1552, stack(0x0000003b55600000,0x0000003b55700000) (1024K)]
  0x0000022f1b182400 JavaThread "Reference Handler"          daemon [_thread_blocked, id=5760, stack(0x0000003b55e00000,0x0000003b55f00000) (1024K)]
  0x0000022f1b1835f0 JavaThread "Finalizer"                  daemon [_thread_blocked, id=12156, stack(0x0000003b55f00000,0x0000003b56000000) (1024K)]
  0x0000022f1b188670 JavaThread "Signal Dispatcher"          daemon [_thread_blocked, id=4680, stack(0x0000003b56000000,0x0000003b56100000) (1024K)]
  0x0000022f1b186be0 JavaThread "Attach Listener"            daemon [_thread_blocked, id=11876, stack(0x0000003b56100000,0x0000003b56200000) (1024K)]
  0x0000022f1b164f40 JavaThread "Service Thread"             daemon [_thread_blocked, id=2460, stack(0x0000003b56200000,0x0000003b56300000) (1024K)]
  0x0000022f1b16a250 JavaThread "Monitor Deflation Thread"   daemon [_thread_blocked, id=8820, stack(0x0000003b56300000,0x0000003b56400000) (1024K)]
=>0x0000022f1b16ff30 JavaThread "C2 CompilerThread0"         daemon [_thread_in_native, id=10036, stack(0x0000003b56400000,0x0000003b56500000) (1024K)]
  0x0000022f1b1709c0 JavaThread "C1 CompilerThread0"         daemon [_thread_blocked, id=8076, stack(0x0000003b56500000,0x0000003b56600000) (1024K)]
  0x0000022f1b2aa760 JavaThread "Common-Cleaner"             daemon [_thread_blocked, id=11784, stack(0x0000003b56600000,0x0000003b56700000) (1024K)]
  0x0000022f1b4c7b70 JavaThread "Notification Thread"        daemon [_thread_blocked, id=7936, stack(0x0000003b56700000,0x0000003b56800000) (1024K)]
  0x0000022f210dbce0 JavaThread "Daemon health stats"               [_thread_blocked, id=8072, stack(0x0000003b56d00000,0x0000003b56e00000) (1024K)]
  0x0000022f211f56a0 JavaThread "Incoming local TCP Connector on port 65462"        [_thread_in_native, id=7736, stack(0x0000003b56e00000,0x0000003b56f00000) (1024K)]
  0x0000022f20ff2f30 JavaThread "Daemon periodic checks"            [_thread_blocked, id=3560, stack(0x0000003b56f00000,0x0000003b57000000) (1024K)]
  0x0000022f21054470 JavaThread "Daemon"                            [_thread_blocked, id=1732, stack(0x0000003b57000000,0x0000003b57100000) (1024K)]
  0x0000022f20f77b30 JavaThread "Handler for socket connection from /127.0.0.1:65462 to /127.0.0.1:65463"        [_thread_in_native, id=11420, stack(0x0000003b57100000,0x0000003b57200000) (1024K)]
  0x0000022f2102f0f0 JavaThread "Cancel handler"                    [_thread_blocked, id=10812, stack(0x0000003b57200000,0x0000003b57300000) (1024K)]
  0x0000022f1b5452f0 JavaThread "Daemon worker"                     [_thread_in_vm, id=8672, stack(0x0000003b57300000,0x0000003b57400000) (1024K)]
  0x0000022f1b696930 JavaThread "Asynchronous log dispatcher for DefaultDaemonConnection: socket connection from /127.0.0.1:65462 to /127.0.0.1:65463"        [_thread_blocked, id=4280, stack(0x0000003b57400000,0x0000003b57500000) (1024K)]
  0x0000022f1b696fc0 JavaThread "Stdin handler"                     [_thread_blocked, id=9436, stack(0x0000003b57500000,0x0000003b57600000) (1024K)]
  0x0000022f1b697650 JavaThread "Daemon client event forwarder"        [_thread_blocked, id=3472, stack(0x0000003b57600000,0x0000003b57700000) (1024K)]
  0x0000022f1b699090 JavaThread "Cache worker for journal cache (C:\Users\USUARIO\.gradle\caches\journal-1)"        [_thread_blocked, id=10924, stack(0x0000003b57800000,0x0000003b57900000) (1024K)]
  0x0000022f1b697ce0 JavaThread "File lock request listener"        [_thread_in_native, id=9308, stack(0x0000003b57900000,0x0000003b57a00000) (1024K)]
  0x0000022f1b698370 JavaThread "Cache worker for file hash cache (C:\Users\USUARIO\.gradle\caches\8.13\fileHashes)"        [_thread_blocked, id=11320, stack(0x0000003b57a00000,0x0000003b57b00000) (1024K)]
  0x0000022f1b6962a0 JavaThread "Cache worker for file hash cache (C:\Users\USUARIO\Desktop\PROGRAMACION\AsuntosInstitucionalesInmemorial\.gradle\8.13\fileHashes)"        [_thread_blocked, id=8608, stack(0x0000003b57b00000,0x0000003b57c00000) (1024K)]
  0x0000022f1b698a00 JavaThread "Cache worker for Build Output Cleanup Cache (C:\Users\USUARIO\Desktop\PROGRAMACION\AsuntosInstitucionalesInmemorial\.gradle\buildOutputCleanup)"        [_thread_blocked, id=280, stack(0x0000003b57c00000,0x0000003b57d00000) (1024K)]
  0x0000022f1b699720 JavaThread "File watcher server"        daemon [_thread_in_native, id=7808, stack(0x0000003b57d00000,0x0000003b57e00000) (1024K)]
  0x0000022f21ce9d70 JavaThread "File watcher consumer"      daemon [_thread_blocked, id=2396, stack(0x0000003b57e00000,0x0000003b57f00000) (1024K)]
  0x0000022f21ce96e0 JavaThread "jar transforms"                    [_thread_blocked, id=11396, stack(0x0000003b57f00000,0x0000003b58000000) (1024K)]
  0x0000022f21ce3b00 JavaThread "jar transforms Thread 2"           [_thread_blocked, id=7992, stack(0x0000003b58000000,0x0000003b58100000) (1024K)]
  0x0000022f21ce5540 JavaThread "jar transforms Thread 3"           [_thread_blocked, id=4084, stack(0x0000003b58100000,0x0000003b58200000) (1024K)]
  0x0000022f21ce7ca0 JavaThread "jar transforms Thread 4"           [_thread_blocked, id=10444, stack(0x0000003b58200000,0x0000003b58300000) (1024K)]
  0x0000022f21ce6f80 JavaThread "jar transforms Thread 5"           [_thread_blocked, id=11632, stack(0x0000003b58300000,0x0000003b58400000) (1024K)]
  0x0000022f21ce4eb0 JavaThread "jar transforms Thread 6"           [_thread_blocked, id=6440, stack(0x0000003b58400000,0x0000003b58500000) (1024K)]
  0x0000022f21ce6260 JavaThread "Cache worker for checksums cache (C:\Users\USUARIO\Desktop\PROGRAMACION\AsuntosInstitucionalesInmemorial\.gradle\8.13\checksums)"        [_thread_blocked, id=10420, stack(0x0000003b58500000,0x0000003b58600000) (1024K)]
  0x0000022f21ce9050 JavaThread "Cache worker for file content cache (C:\Users\USUARIO\.gradle\caches\8.13\fileContent)"        [_thread_blocked, id=4556, stack(0x0000003b58600000,0x0000003b58700000) (1024K)]
  0x0000022f21ce89c0 JavaThread "Cache worker for cache directory md-supplier (C:\Users\USUARIO\.gradle\caches\8.13\md-supplier)"        [_thread_blocked, id=10584, stack(0x0000003b58700000,0x0000003b58800000) (1024K)]
  0x0000022f21ce7610 JavaThread "Cache worker for cache directory md-rule (C:\Users\USUARIO\.gradle\caches\8.13\md-rule)"        [_thread_blocked, id=7248, stack(0x0000003b58800000,0x0000003b58900000) (1024K)]
  0x0000022f21ce68f0 JavaThread "Unconstrained build operations"        [_thread_blocked, id=3168, stack(0x0000003b58900000,0x0000003b58a00000) (1024K)]
  0x0000022f21ce3470 JavaThread "Unconstrained build operations Thread 2"        [_thread_blocked, id=10612, stack(0x0000003b58a00000,0x0000003b58b00000) (1024K)]
  0x0000022f21ce4190 JavaThread "Unconstrained build operations Thread 3"        [_thread_blocked, id=10544, stack(0x0000003b58b00000,0x0000003b58c00000) (1024K)]
  0x0000022f21ce4820 JavaThread "Unconstrained build operations Thread 4"        [_thread_blocked, id=8088, stack(0x0000003b58c00000,0x0000003b58d00000) (1024K)]
  0x0000022f248c87d0 JavaThread "Unconstrained build operations Thread 5"        [_thread_blocked, id=8516, stack(0x0000003b58d00000,0x0000003b58e00000) (1024K)]
  0x0000022f248c6070 JavaThread "Unconstrained build operations Thread 6"        [_thread_blocked, id=10220, stack(0x0000003b58e00000,0x0000003b58f00000) (1024K)]
  0x0000022f248c6700 JavaThread "Unconstrained build operations Thread 7"        [_thread_blocked, id=8556, stack(0x0000003b58f00000,0x0000003b59000000) (1024K)]
  0x0000022f248c6d90 JavaThread "Unconstrained build operations Thread 8"        [_thread_blocked, id=5592, stack(0x0000003b59000000,0x0000003b59100000) (1024K)]
  0x0000022f248c8e60 JavaThread "Unconstrained build operations Thread 9"        [_thread_blocked, id=3356, stack(0x0000003b59100000,0x0000003b59200000) (1024K)]
  0x0000022f248c7420 JavaThread "Unconstrained build operations Thread 10"        [_thread_blocked, id=10472, stack(0x0000003b59200000,0x0000003b59300000) (1024K)]
  0x0000022f248c8140 JavaThread "Unconstrained build operations Thread 11"        [_thread_blocked, id=3620, stack(0x0000003b59300000,0x0000003b59400000) (1024K)]
  0x0000022f248c7ab0 JavaThread "Unconstrained build operations Thread 12"        [_thread_blocked, id=256, stack(0x0000003b59400000,0x0000003b59500000) (1024K)]
  0x0000022f222f1b30 JavaThread "Unconstrained build operations Thread 13"        [_thread_blocked, id=11536, stack(0x0000003b59500000,0x0000003b59600000) (1024K)]
  0x0000022f222f0780 JavaThread "Unconstrained build operations Thread 14"        [_thread_blocked, id=3588, stack(0x0000003b59600000,0x0000003b59700000) (1024K)]
  0x0000022f222f4290 JavaThread "Unconstrained build operations Thread 15"        [_thread_blocked, id=4548, stack(0x0000003b59700000,0x0000003b59800000) (1024K)]
  0x0000022f222f4920 JavaThread "Unconstrained build operations Thread 16"        [_thread_blocked, id=7756, stack(0x0000003b59800000,0x0000003b59900000) (1024K)]
  0x0000022f222f4fb0 JavaThread "Unconstrained build operations Thread 17"        [_thread_blocked, id=11752, stack(0x0000003b59900000,0x0000003b59a00000) (1024K)]
  0x0000022f222f5640 JavaThread "Unconstrained build operations Thread 18"        [_thread_blocked, id=8104, stack(0x0000003b59a00000,0x0000003b59b00000) (1024K)]
  0x0000022f222f6360 JavaThread "Unconstrained build operations Thread 19"        [_thread_blocked, id=9264, stack(0x0000003b59b00000,0x0000003b59c00000) (1024K)]
  0x0000022f222f5cd0 JavaThread "Unconstrained build operations Thread 20"        [_thread_blocked, id=4076, stack(0x0000003b59c00000,0x0000003b59d00000) (1024K)]
  0x0000022f222f69f0 JavaThread "Unconstrained build operations Thread 21"        [_thread_blocked, id=9360, stack(0x0000003b59d00000,0x0000003b59e00000) (1024K)]
  0x0000022f222f7080 JavaThread "Unconstrained build operations Thread 22"        [_thread_blocked, id=9232, stack(0x0000003b59e00000,0x0000003b59f00000) (1024K)]
  0x0000022f222f14a0 JavaThread "Unconstrained build operations Thread 23"        [_thread_blocked, id=1748, stack(0x0000003b59f00000,0x0000003b5a000000) (1024K)]
  0x0000022f222f00f0 JavaThread "Unconstrained build operations Thread 24"        [_thread_blocked, id=4140, stack(0x0000003b5a000000,0x0000003b5a100000) (1024K)]
  0x0000022f222f7710 JavaThread "Unconstrained build operations Thread 25"        [_thread_blocked, id=1764, stack(0x0000003b5a100000,0x0000003b5a200000) (1024K)]
  0x0000022f222f3570 JavaThread "Unconstrained build operations Thread 26"        [_thread_blocked, id=5700, stack(0x0000003b5a200000,0x0000003b5a300000) (1024K)]
  0x0000022f222f0e10 JavaThread "Unconstrained build operations Thread 27"        [_thread_blocked, id=12172, stack(0x0000003b5a300000,0x0000003b5a400000) (1024K)]
  0x0000022f230a6200 JavaThread "Unconstrained build operations Thread 28"        [_thread_blocked, id=10400, stack(0x0000003b5a400000,0x0000003b5a500000) (1024K)]
  0x0000022f230a4130 JavaThread "Unconstrained build operations Thread 29"        [_thread_blocked, id=12176, stack(0x0000003b5a500000,0x0000003b5a600000) (1024K)]
  0x0000022f230a5b70 JavaThread "Unconstrained build operations Thread 30"        [_thread_blocked, id=9696, stack(0x0000003b5a600000,0x0000003b5a700000) (1024K)]
  0x0000022f230a82d0 JavaThread "Unconstrained build operations Thread 31"        [_thread_blocked, id=9444, stack(0x0000003b5a700000,0x0000003b5a800000) (1024K)]
  0x0000022f230a7c40 JavaThread "Unconstrained build operations Thread 32"        [_thread_blocked, id=2312, stack(0x0000003b5a800000,0x0000003b5a900000) (1024K)]
  0x0000022f230a1340 JavaThread "Unconstrained build operations Thread 33"        [_thread_blocked, id=11612, stack(0x0000003b5a900000,0x0000003b5aa00000) (1024K)]
  0x0000022f230a8960 JavaThread "Unconstrained build operations Thread 34"        [_thread_blocked, id=4164, stack(0x0000003b5aa00000,0x0000003b5ab00000) (1024K)]
  0x0000022f230a19d0 JavaThread "Unconstrained build operations Thread 35"        [_thread_blocked, id=9220, stack(0x0000003b5ab00000,0x0000003b5ac00000) (1024K)]
  0x0000022f230a26f0 JavaThread "Unconstrained build operations Thread 36"        [_thread_blocked, id=5352, stack(0x0000003b5ac00000,0x0000003b5ad00000) (1024K)]
  0x0000022f230a2d80 JavaThread "Unconstrained build operations Thread 37"        [_thread_blocked, id=10328, stack(0x0000003b5ad00000,0x0000003b5ae00000) (1024K)]
  0x0000022f230a3410 JavaThread "Unconstrained build operations Thread 38"        [_thread_blocked, id=11988, stack(0x0000003b5ae00000,0x0000003b5af00000) (1024K)]
  0x0000022f230741b0 JavaThread "Unconstrained build operations Thread 39"        [_thread_blocked, id=9576, stack(0x0000003b5af00000,0x0000003b5b000000) (1024K)]
  0x0000022f23074840 JavaThread "Unconstrained build operations Thread 40"        [_thread_blocked, id=2992, stack(0x0000003b5b000000,0x0000003b5b100000) (1024K)]
  0x0000022f23075560 JavaThread "Unconstrained build operations Thread 41"        [_thread_blocked, id=5364, stack(0x0000003b5b100000,0x0000003b5b200000) (1024K)]
  0x0000022f23076fa0 JavaThread "Unconstrained build operations Thread 42"        [_thread_blocked, id=4604, stack(0x0000003b5b200000,0x0000003b5b300000) (1024K)]
  0x0000022f23074ed0 JavaThread "Unconstrained build operations Thread 43"        [_thread_blocked, id=9204, stack(0x0000003b5b300000,0x0000003b5b400000) (1024K)]
  0x0000022f23076280 JavaThread "Unconstrained build operations Thread 44"        [_thread_blocked, id=5632, stack(0x0000003b5b400000,0x0000003b5b500000) (1024K)]
  0x0000022f230a6890 JavaThread "Memory manager"                    [_thread_blocked, id=5628, stack(0x0000003b5b500000,0x0000003b5b600000) (1024K)]
  0x0000022f25496060 JavaThread "build event listener"              [_thread_blocked, id=8812, stack(0x0000003b5b600000,0x0000003b5b700000) (1024K)]
Total: 84

Other Threads:
  0x0000022f1aff3730 VMThread "VM Thread"                           [id=7792, stack(0x0000003b55d00000,0x0000003b55e00000) (1024K)]
  0x0000022f1af5f2c0 WatcherThread "VM Periodic Task Thread"        [id=1848, stack(0x0000003b55c00000,0x0000003b55d00000) (1024K)]
  0x0000022f03dbf510 WorkerThread "GC Thread#0"                     [id=8768, stack(0x0000003b55700000,0x0000003b55800000) (1024K)]
  0x0000022f1b5ec130 WorkerThread "GC Thread#1"                     [id=10492, stack(0x0000003b56800000,0x0000003b56900000) (1024K)]
  0x0000022f1b5edf20 WorkerThread "GC Thread#2"                     [id=3624, stack(0x0000003b56900000,0x0000003b56a00000) (1024K)]
  0x0000022f2018c300 WorkerThread "GC Thread#3"                     [id=9944, stack(0x0000003b56a00000,0x0000003b56b00000) (1024K)]
  0x0000022f2036b430 WorkerThread "GC Thread#4"                     [id=8460, stack(0x0000003b56b00000,0x0000003b56c00000) (1024K)]
  0x0000022f20ec5e40 WorkerThread "GC Thread#5"                     [id=10460, stack(0x0000003b56c00000,0x0000003b56d00000) (1024K)]
  0x0000022f03dd0500 ConcurrentGCThread "G1 Main Marker"            [id=11484, stack(0x0000003b55800000,0x0000003b55900000) (1024K)]
  0x0000022f03dd17b0 WorkerThread "G1 Conc#0"                       [id=2076, stack(0x0000003b55900000,0x0000003b55a00000) (1024K)]
  0x0000022f1b39df80 WorkerThread "G1 Conc#1"                       [id=6516, stack(0x0000003b57700000,0x0000003b57800000) (1024K)]
  0x0000022f03e23300 ConcurrentGCThread "G1 Refine#0"               [id=9932, stack(0x0000003b55a00000,0x0000003b55b00000) (1024K)]
  0x0000022f1ae40090 ConcurrentGCThread "G1 Service"                [id=10436, stack(0x0000003b55b00000,0x0000003b55c00000) (1024K)]
Total: 13

Threads with active compile tasks:
C2 CompilerThread0  38717 11477       4       org.gradle.internal.reflect.ClassInspector::inspectClass (179 bytes)
Total: 1

VM state: not at safepoint (normal execution)

VM Mutex/Monitor currently owned by a thread: None

Heap address: 0x0000000080000000, size: 2048 MB, Compressed Oops mode: 32-bit

CDS archive(s) not mapped
Compressed class space mapped at: 0x0000000100000000-0x0000000140000000, reserved size: 1073741824
Narrow klass base: 0x0000000000000000, Narrow klass shift: 3, Narrow klass range: 0x140000000

GC Precious Log:
 CardTable entry size: 512
 Card Set container configuration: InlinePtr #cards 5 size 8 Array Of Cards #cards 12 size 40 Howl #buckets 4 coarsen threshold 1843 Howl Bitmap #cards 512 size 80 coarsen threshold 460 Card regions per heap region 1 cards per card region 2048
 CPUs: 6 total, 6 available
 Memory: 3445M
 Large Page Support: Disabled
 NUMA Support: Disabled
 Compressed Oops: Enabled (32-bit)
 Heap Region Size: 1M
 Heap Min Capacity: 8M
 Heap Initial Capacity: 54M
 Heap Max Capacity: 2G
 Pre-touch: Disabled
 Parallel Workers: 6
 Concurrent Workers: 2
 Concurrent Refinement Workers: 6
 Periodic GC: Disabled

Heap:
 garbage-first heap   total 254976K, used 167936K [0x0000000080000000, 0x0000000100000000)
  region size 1024K, 25 young (25600K), 9 survivors (9216K)
 Metaspace       used 101008K, committed 103104K, reserved 1179648K
  class space    used 13434K, committed 14528K, reserved 1048576K

Heap Regions: E=young(eden), S=young(survivor), O=old, HS=humongous(starts), HC=humongous(continues), CS=collection set, F=free, TAMS=top-at-mark-start, PB=parsable bottom
|   0|0x0000000080000000, 0x0000000080100000, 0x0000000080100000|100%|HS|  |TAMS 0x0000000080000000| PB 0x0000000080000000| Complete 
|   1|0x0000000080100000, 0x0000000080200000, 0x0000000080200000|100%|HC|  |TAMS 0x0000000080100000| PB 0x0000000080100000| Complete 
|   2|0x0000000080200000, 0x0000000080300000, 0x0000000080300000|100%|HC|  |TAMS 0x0000000080200000| PB 0x0000000080200000| Complete 
|   3|0x0000000080300000, 0x0000000080400000, 0x0000000080400000|100%| O|  |TAMS 0x0000000080300000| PB 0x0000000080300000| Untracked 
|   4|0x0000000080400000, 0x0000000080500000, 0x0000000080500000|100%| O|  |TAMS 0x0000000080400000| PB 0x0000000080400000| Untracked 
|   5|0x0000000080500000, 0x0000000080600000, 0x0000000080600000|100%| O|  |TAMS 0x0000000080500000| PB 0x0000000080500000| Untracked 
|   6|0x0000000080600000, 0x0000000080700000, 0x0000000080700000|100%| O|  |TAMS 0x0000000080600000| PB 0x0000000080600000| Untracked 
|   7|0x0000000080700000, 0x0000000080800000, 0x0000000080800000|100%| O|  |TAMS 0x0000000080700000| PB 0x0000000080700000| Untracked 
|   8|0x0000000080800000, 0x0000000080900000, 0x0000000080900000|100%| O|  |TAMS 0x0000000080800000| PB 0x0000000080800000| Untracked 
|   9|0x0000000080900000, 0x0000000080a00000, 0x0000000080a00000|100%| O|  |TAMS 0x0000000080900000| PB 0x0000000080900000| Untracked 
|  10|0x0000000080a00000, 0x0000000080b00000, 0x0000000080b00000|100%| O|  |TAMS 0x0000000080a00000| PB 0x0000000080a00000| Untracked 
|  11|0x0000000080b00000, 0x0000000080c00000, 0x0000000080c00000|100%|HS|  |TAMS 0x0000000080b00000| PB 0x0000000080b00000| Complete 
|  12|0x0000000080c00000, 0x0000000080d00000, 0x0000000080d00000|100%| O|  |TAMS 0x0000000080c00000| PB 0x0000000080c00000| Untracked 
|  13|0x0000000080d00000, 0x0000000080e00000, 0x0000000080e00000|100%| O|  |TAMS 0x0000000080d00000| PB 0x0000000080d00000| Untracked 
|  14|0x0000000080e00000, 0x0000000080f00000, 0x0000000080f00000|100%| O|  |TAMS 0x0000000080e00000| PB 0x0000000080e00000| Untracked 
|  15|0x0000000080f00000, 0x0000000081000000, 0x0000000081000000|100%| O|  |TAMS 0x0000000080f00000| PB 0x0000000080f00000| Untracked 
|  16|0x0000000081000000, 0x0000000081100000, 0x0000000081100000|100%| O|  |TAMS 0x0000000081000000| PB 0x0000000081000000| Untracked 
|  17|0x0000000081100000, 0x0000000081200000, 0x0000000081200000|100%| O|  |TAMS 0x0000000081100000| PB 0x0000000081100000| Untracked 
|  18|0x0000000081200000, 0x0000000081300000, 0x0000000081300000|100%| O|  |TAMS 0x0000000081200000| PB 0x0000000081200000| Untracked 
|  19|0x0000000081300000, 0x0000000081400000, 0x0000000081400000|100%| O|  |TAMS 0x0000000081300000| PB 0x0000000081300000| Untracked 
|  20|0x0000000081400000, 0x0000000081500000, 0x0000000081500000|100%| O|  |TAMS 0x0000000081400000| PB 0x0000000081400000| Untracked 
|  21|0x0000000081500000, 0x0000000081600000, 0x0000000081600000|100%| O|  |TAMS 0x0000000081500000| PB 0x0000000081500000| Untracked 
|  22|0x0000000081600000, 0x0000000081700000, 0x0000000081700000|100%| O|  |TAMS 0x0000000081600000| PB 0x0000000081600000| Untracked 
|  23|0x0000000081700000, 0x0000000081800000, 0x0000000081800000|100%| O|  |TAMS 0x0000000081700000| PB 0x0000000081700000| Untracked 
|  24|0x0000000081800000, 0x0000000081900000, 0x0000000081900000|100%|HS|  |TAMS 0x0000000081800000| PB 0x0000000081800000| Complete 
|  25|0x0000000081900000, 0x0000000081a00000, 0x0000000081a00000|100%| O|  |TAMS 0x0000000081900000| PB 0x0000000081900000| Untracked 
|  26|0x0000000081a00000, 0x0000000081b00000, 0x0000000081b00000|100%|HS|  |TAMS 0x0000000081a00000| PB 0x0000000081a00000| Complete 
|  27|0x0000000081b00000, 0x0000000081c00000, 0x0000000081c00000|100%|HC|  |TAMS 0x0000000081b00000| PB 0x0000000081b00000| Complete 
|  28|0x0000000081c00000, 0x0000000081d00000, 0x0000000081d00000|100%|HC|  |TAMS 0x0000000081c00000| PB 0x0000000081c00000| Complete 
|  29|0x0000000081d00000, 0x0000000081e00000, 0x0000000081e00000|100%|HC|  |TAMS 0x0000000081d00000| PB 0x0000000081d00000| Complete 
|  30|0x0000000081e00000, 0x0000000081f00000, 0x0000000081f00000|100%|HC|  |TAMS 0x0000000081e00000| PB 0x0000000081e00000| Complete 
|  31|0x0000000081f00000, 0x0000000082000000, 0x0000000082000000|100%|HC|  |TAMS 0x0000000081f00000| PB 0x0000000081f00000| Complete 
|  32|0x0000000082000000, 0x0000000082100000, 0x0000000082100000|100%|HS|  |TAMS 0x0000000082000000| PB 0x0000000082000000| Complete 
|  33|0x0000000082100000, 0x0000000082200000, 0x0000000082200000|100%| O|  |TAMS 0x0000000082100000| PB 0x0000000082100000| Untracked 
|  34|0x0000000082200000, 0x0000000082300000, 0x0000000082300000|100%|HS|  |TAMS 0x0000000082200000| PB 0x0000000082200000| Complete 
|  35|0x0000000082300000, 0x0000000082400000, 0x0000000082400000|100%|HC|  |TAMS 0x0000000082300000| PB 0x0000000082300000| Complete 
|  36|0x0000000082400000, 0x0000000082500000, 0x0000000082500000|100%|HC|  |TAMS 0x0000000082400000| PB 0x0000000082400000| Complete 
|  37|0x0000000082500000, 0x0000000082600000, 0x0000000082600000|100%|HC|  |TAMS 0x0000000082500000| PB 0x0000000082500000| Complete 
|  38|0x0000000082600000, 0x0000000082700000, 0x0000000082700000|100%|HS|  |TAMS 0x0000000082600000| PB 0x0000000082600000| Complete 
|  39|0x0000000082700000, 0x0000000082800000, 0x0000000082800000|100%|HC|  |TAMS 0x0000000082700000| PB 0x0000000082700000| Complete 
|  40|0x0000000082800000, 0x0000000082900000, 0x0000000082900000|100%|HS|  |TAMS 0x0000000082800000| PB 0x0000000082800000| Complete 
|  41|0x0000000082900000, 0x0000000082a00000, 0x0000000082a00000|100%| O|  |TAMS 0x0000000082900000| PB 0x0000000082900000| Untracked 
|  42|0x0000000082a00000, 0x0000000082b00000, 0x0000000082b00000|100%| O|  |TAMS 0x0000000082a00000| PB 0x0000000082a00000| Untracked 
|  43|0x0000000082b00000, 0x0000000082c00000, 0x0000000082c00000|100%| O|  |TAMS 0x0000000082b00000| PB 0x0000000082b00000| Untracked 
|  44|0x0000000082c00000, 0x0000000082d00000, 0x0000000082d00000|100%| O|  |TAMS 0x0000000082c00000| PB 0x0000000082c00000| Untracked 
|  45|0x0000000082d00000, 0x0000000082e00000, 0x0000000082e00000|100%| O|  |TAMS 0x0000000082d00000| PB 0x0000000082d00000| Untracked 
|  46|0x0000000082e00000, 0x0000000082f00000, 0x0000000082f00000|100%| O|  |TAMS 0x0000000082e00000| PB 0x0000000082e00000| Untracked 
|  47|0x0000000082f00000, 0x0000000083000000, 0x0000000083000000|100%| O|  |TAMS 0x0000000082f00000| PB 0x0000000082f00000| Untracked 
|  48|0x0000000083000000, 0x0000000083100000, 0x0000000083100000|100%| O|  |TAMS 0x0000000083000000| PB 0x0000000083000000| Untracked 
|  49|0x0000000083100000, 0x0000000083200000, 0x0000000083200000|100%|HS|  |TAMS 0x0000000083100000| PB 0x0000000083100000| Complete 
|  50|0x0000000083200000, 0x0000000083300000, 0x0000000083300000|100%|HC|  |TAMS 0x0000000083200000| PB 0x0000000083200000| Complete 
|  51|0x0000000083300000, 0x0000000083400000, 0x0000000083400000|100%| O|  |TAMS 0x0000000083300000| PB 0x0000000083300000| Untracked 
|  52|0x0000000083400000, 0x0000000083500000, 0x0000000083500000|100%| O|  |TAMS 0x0000000083400000| PB 0x0000000083400000| Untracked 
|  53|0x0000000083500000, 0x0000000083600000, 0x0000000083600000|100%| O|  |TAMS 0x0000000083500000| PB 0x0000000083500000| Untracked 
|  54|0x0000000083600000, 0x0000000083700000, 0x0000000083700000|100%|HS|  |TAMS 0x0000000083600000| PB 0x0000000083600000| Complete 
|  55|0x0000000083700000, 0x0000000083800000, 0x0000000083800000|100%|HC|  |TAMS 0x0000000083700000| PB 0x0000000083700000| Complete 
|  56|0x0000000083800000, 0x0000000083900000, 0x0000000083900000|100%|HC|  |TAMS 0x0000000083800000| PB 0x0000000083800000| Complete 
|  57|0x0000000083900000, 0x0000000083a00000, 0x0000000083a00000|100%|HC|  |TAMS 0x0000000083900000| PB 0x0000000083900000| Complete 
|  58|0x0000000083a00000, 0x0000000083b00000, 0x0000000083b00000|100%|HC|  |TAMS 0x0000000083a00000| PB 0x0000000083a00000| Complete 
|  59|0x0000000083b00000, 0x0000000083c00000, 0x0000000083c00000|100%|HC|  |TAMS 0x0000000083b00000| PB 0x0000000083b00000| Complete 
|  60|0x0000000083c00000, 0x0000000083d00000, 0x0000000083d00000|100%|HS|  |TAMS 0x0000000083c00000| PB 0x0000000083c00000| Complete 
|  61|0x0000000083d00000, 0x0000000083e00000, 0x0000000083e00000|100%|HS|  |TAMS 0x0000000083d00000| PB 0x0000000083d00000| Complete 
|  62|0x0000000083e00000, 0x0000000083f00000, 0x0000000083f00000|100%|HC|  |TAMS 0x0000000083e00000| PB 0x0000000083e00000| Complete 
|  63|0x0000000083f00000, 0x0000000084000000, 0x0000000084000000|100%|HC|  |TAMS 0x0000000083f00000| PB 0x0000000083f00000| Complete 
|  64|0x0000000084000000, 0x0000000084100000, 0x0000000084100000|100%|HC|  |TAMS 0x0000000084000000| PB 0x0000000084000000| Complete 
|  65|0x0000000084100000, 0x0000000084200000, 0x0000000084200000|100%|HS|  |TAMS 0x0000000084100000| PB 0x0000000084100000| Complete 
|  66|0x0000000084200000, 0x0000000084300000, 0x0000000084300000|100%|HC|  |TAMS 0x0000000084200000| PB 0x0000000084200000| Complete 
|  67|0x0000000084300000, 0x0000000084400000, 0x0000000084400000|100%| O|  |TAMS 0x0000000084300000| PB 0x0000000084300000| Untracked 
|  68|0x0000000084400000, 0x0000000084500000, 0x0000000084500000|100%| O|  |TAMS 0x0000000084400000| PB 0x0000000084400000| Untracked 
|  69|0x0000000084500000, 0x0000000084600000, 0x0000000084600000|100%| O|  |TAMS 0x0000000084500000| PB 0x0000000084500000| Untracked 
|  70|0x0000000084600000, 0x0000000084700000, 0x0000000084700000|100%|HS|  |TAMS 0x0000000084600000| PB 0x0000000084600000| Complete 
|  71|0x0000000084700000, 0x0000000084800000, 0x0000000084800000|100%|HS|  |TAMS 0x0000000084700000| PB 0x0000000084700000| Complete 
|  72|0x0000000084800000, 0x0000000084900000, 0x0000000084900000|100%|HC|  |TAMS 0x0000000084800000| PB 0x0000000084800000| Complete 
|  73|0x0000000084900000, 0x0000000084a00000, 0x0000000084a00000|100%|HC|  |TAMS 0x0000000084900000| PB 0x0000000084900000| Complete 
|  74|0x0000000084a00000, 0x0000000084b00000, 0x0000000084b00000|100%|HC|  |TAMS 0x0000000084a00000| PB 0x0000000084a00000| Complete 
|  75|0x0000000084b00000, 0x0000000084c00000, 0x0000000084c00000|100%|HC|  |TAMS 0x0000000084b00000| PB 0x0000000084b00000| Complete 
|  76|0x0000000084c00000, 0x0000000084d00000, 0x0000000084d00000|100%|HC|  |TAMS 0x0000000084c00000| PB 0x0000000084c00000| Complete 
|  77|0x0000000084d00000, 0x0000000084e00000, 0x0000000084e00000|100%|HS|  |TAMS 0x0000000084d00000| PB 0x0000000084d00000| Complete 
|  78|0x0000000084e00000, 0x0000000084f00000, 0x0000000084f00000|100%|HS|  |TAMS 0x0000000084e00000| PB 0x0000000084e00000| Complete 
|  79|0x0000000084f00000, 0x0000000085000000, 0x0000000085000000|100%|HC|  |TAMS 0x0000000084f00000| PB 0x0000000084f00000| Complete 
|  80|0x0000000085000000, 0x0000000085100000, 0x0000000085100000|100%|HC|  |TAMS 0x0000000085000000| PB 0x0000000085000000| Complete 
|  81|0x0000000085100000, 0x0000000085200000, 0x0000000085200000|100%|HC|  |TAMS 0x0000000085100000| PB 0x0000000085100000| Complete 
|  82|0x0000000085200000, 0x0000000085300000, 0x0000000085300000|100%|HC|  |TAMS 0x0000000085200000| PB 0x0000000085200000| Complete 
|  83|0x0000000085300000, 0x0000000085400000, 0x0000000085400000|100%|HC|  |TAMS 0x0000000085300000| PB 0x0000000085300000| Complete 
|  84|0x0000000085400000, 0x0000000085500000, 0x0000000085500000|100%|HS|  |TAMS 0x0000000085400000| PB 0x0000000085400000| Complete 
|  85|0x0000000085500000, 0x0000000085600000, 0x0000000085600000|100%| O|  |TAMS 0x0000000085500000| PB 0x0000000085500000| Untracked 
|  86|0x0000000085600000, 0x0000000085700000, 0x0000000085700000|100%| O|  |TAMS 0x0000000085600000| PB 0x0000000085600000| Untracked 
|  87|0x0000000085700000, 0x0000000085800000, 0x0000000085800000|100%| O|  |TAMS 0x0000000085700000| PB 0x0000000085700000| Untracked 
|  88|0x0000000085800000, 0x0000000085900000, 0x0000000085900000|100%| O|  |TAMS 0x0000000085800000| PB 0x0000000085800000| Untracked 
|  89|0x0000000085900000, 0x0000000085a00000, 0x0000000085a00000|100%| O|  |TAMS 0x0000000085900000| PB 0x0000000085900000| Untracked 
|  90|0x0000000085a00000, 0x0000000085b00000, 0x0000000085b00000|100%| O|  |TAMS 0x0000000085a00000| PB 0x0000000085a00000| Untracked 
|  91|0x0000000085b00000, 0x0000000085b00000, 0x0000000085c00000|  0%| F|  |TAMS 0x0000000085b00000| PB 0x0000000085b00000| Untracked 
|  92|0x0000000085c00000, 0x0000000085d00000, 0x0000000085d00000|100%| O|  |TAMS 0x0000000085c00000| PB 0x0000000085c00000| Untracked 
|  93|0x0000000085d00000, 0x0000000085e00000, 0x0000000085e00000|100%| O|  |TAMS 0x0000000085d00000| PB 0x0000000085d00000| Untracked 
|  94|0x0000000085e00000, 0x0000000085f00000, 0x0000000085f00000|100%| O|  |TAMS 0x0000000085e00000| PB 0x0000000085e00000| Untracked 
|  95|0x0000000085f00000, 0x0000000086000000, 0x0000000086000000|100%| O|  |TAMS 0x0000000085f00000| PB 0x0000000085f00000| Untracked 
|  96|0x0000000086000000, 0x0000000086100000, 0x0000000086100000|100%| O|  |TAMS 0x0000000086000000| PB 0x0000000086000000| Untracked 
|  97|0x0000000086100000, 0x0000000086200000, 0x0000000086200000|100%| O|  |TAMS 0x0000000086100000| PB 0x0000000086100000| Untracked 
|  98|0x0000000086200000, 0x0000000086300000, 0x0000000086300000|100%| O|  |TAMS 0x0000000086200000| PB 0x0000000086200000| Untracked 
|  99|0x0000000086300000, 0x0000000086300000, 0x0000000086400000|  0%| F|  |TAMS 0x0000000086300000| PB 0x0000000086300000| Untracked 
| 100|0x0000000086400000, 0x0000000086500000, 0x0000000086500000|100%|HS|  |TAMS 0x0000000086400000| PB 0x0000000086400000| Complete 
| 101|0x0000000086500000, 0x0000000086600000, 0x0000000086600000|100%|HS|  |TAMS 0x0000000086500000| PB 0x0000000086500000| Complete 
| 102|0x0000000086600000, 0x0000000086700000, 0x0000000086700000|100%|HC|  |TAMS 0x0000000086600000| PB 0x0000000086600000| Complete 
| 103|0x0000000086700000, 0x0000000086800000, 0x0000000086800000|100%|HS|  |TAMS 0x0000000086700000| PB 0x0000000086700000| Complete 
| 104|0x0000000086800000, 0x0000000086900000, 0x0000000086900000|100%|HC|  |TAMS 0x0000000086800000| PB 0x0000000086800000| Complete 
| 105|0x0000000086900000, 0x0000000086a00000, 0x0000000086a00000|100%|HS|  |TAMS 0x0000000086900000| PB 0x0000000086900000| Complete 
| 106|0x0000000086a00000, 0x0000000086b00000, 0x0000000086b00000|100%|HS|  |TAMS 0x0000000086a00000| PB 0x0000000086a00000| Complete 
| 107|0x0000000086b00000, 0x0000000086c00000, 0x0000000086c00000|100%|HC|  |TAMS 0x0000000086b00000| PB 0x0000000086b00000| Complete 
| 108|0x0000000086c00000, 0x0000000086d00000, 0x0000000086d00000|100%|HC|  |TAMS 0x0000000086c00000| PB 0x0000000086c00000| Complete 
| 109|0x0000000086d00000, 0x0000000086e00000, 0x0000000086e00000|100%|HS|  |TAMS 0x0000000086d00000| PB 0x0000000086d00000| Complete 
| 110|0x0000000086e00000, 0x0000000086f00000, 0x0000000086f00000|100%| O|Cm|TAMS 0x0000000086e00000| PB 0x0000000086e00000| Complete 
| 111|0x0000000086f00000, 0x0000000087000000, 0x0000000087000000|100%|HS|  |TAMS 0x0000000086f00000| PB 0x0000000086f00000| Complete 
| 112|0x0000000087000000, 0x0000000087100000, 0x0000000087100000|100%| O|  |TAMS 0x0000000087000000| PB 0x0000000087000000| Untracked 
| 113|0x0000000087100000, 0x0000000087200000, 0x0000000087200000|100%| O|  |TAMS 0x0000000087100000| PB 0x0000000087100000| Untracked 
| 114|0x0000000087200000, 0x0000000087300000, 0x0000000087300000|100%|HS|  |TAMS 0x0000000087200000| PB 0x0000000087200000| Complete 
| 115|0x0000000087300000, 0x0000000087400000, 0x0000000087400000|100%| O|  |TAMS 0x0000000087300000| PB 0x0000000087300000| Untracked 
| 116|0x0000000087400000, 0x0000000087500000, 0x0000000087500000|100%| O|  |TAMS 0x0000000087400000| PB 0x0000000087400000| Untracked 
| 117|0x0000000087500000, 0x0000000087600000, 0x0000000087600000|100%| O|  |TAMS 0x0000000087500000| PB 0x0000000087500000| Untracked 
| 118|0x0000000087600000, 0x0000000087700000, 0x0000000087700000|100%| O|  |TAMS 0x0000000087600000| PB 0x0000000087600000| Untracked 
| 119|0x0000000087700000, 0x0000000087800000, 0x0000000087800000|100%| O|Cm|TAMS 0x0000000087700000| PB 0x0000000087700000| Complete 
| 120|0x0000000087800000, 0x0000000087900000, 0x0000000087900000|100%| O|  |TAMS 0x0000000087800000| PB 0x0000000087800000| Untracked 
| 121|0x0000000087900000, 0x0000000087a00000, 0x0000000087a00000|100%| O|  |TAMS 0x0000000087900000| PB 0x0000000087900000| Untracked 
| 122|0x0000000087a00000, 0x0000000087b00000, 0x0000000087b00000|100%| O|  |TAMS 0x0000000087a00000| PB 0x0000000087a00000| Untracked 
| 123|0x0000000087b00000, 0x0000000087c00000, 0x0000000087c00000|100%| O|  |TAMS 0x0000000087b00000| PB 0x0000000087b00000| Untracked 
| 124|0x0000000087c00000, 0x0000000087d00000, 0x0000000087d00000|100%| O|  |TAMS 0x0000000087c00000| PB 0x0000000087c00000| Untracked 
| 125|0x0000000087d00000, 0x0000000087e00000, 0x0000000087e00000|100%| O|  |TAMS 0x0000000087d00000| PB 0x0000000087d00000| Untracked 
| 126|0x0000000087e00000, 0x0000000087f00000, 0x0000000087f00000|100%|HS|  |TAMS 0x0000000087e00000| PB 0x0000000087e00000| Complete 
| 127|0x0000000087f00000, 0x0000000088000000, 0x0000000088000000|100%|HS|  |TAMS 0x0000000087f00000| PB 0x0000000087f00000| Complete 
| 128|0x0000000088000000, 0x0000000088100000, 0x0000000088100000|100%|HC|  |TAMS 0x0000000088000000| PB 0x0000000088000000| Complete 
| 129|0x0000000088100000, 0x0000000088200000, 0x0000000088200000|100%|HC|  |TAMS 0x0000000088100000| PB 0x0000000088100000| Complete 
| 130|0x0000000088200000, 0x0000000088300000, 0x0000000088300000|100%| O|  |TAMS 0x0000000088200000| PB 0x0000000088200000| Untracked 
| 131|0x0000000088300000, 0x0000000088400000, 0x0000000088400000|100%| O|  |TAMS 0x0000000088300000| PB 0x0000000088300000| Untracked 
| 132|0x0000000088400000, 0x0000000088500000, 0x0000000088500000|100%| O|  |TAMS 0x0000000088400000| PB 0x0000000088400000| Untracked 
| 133|0x0000000088500000, 0x0000000088600000, 0x0000000088600000|100%| O|  |TAMS 0x0000000088500000| PB 0x0000000088500000| Untracked 
| 134|0x0000000088600000, 0x0000000088700000, 0x0000000088700000|100%| O|  |TAMS 0x0000000088600000| PB 0x0000000088600000| Untracked 
| 135|0x0000000088700000, 0x0000000088800000, 0x0000000088800000|100%| O|  |TAMS 0x0000000088700000| PB 0x0000000088700000| Untracked 
| 136|0x0000000088800000, 0x0000000088900000, 0x0000000088900000|100%| O|  |TAMS 0x0000000088800000| PB 0x0000000088800000| Untracked 
| 137|0x0000000088900000, 0x0000000088a00000, 0x0000000088a00000|100%| O|Cm|TAMS 0x0000000088900000| PB 0x0000000088900000| Complete 
| 138|0x0000000088a00000, 0x0000000088a00000, 0x0000000088b00000|  0%| F|  |TAMS 0x0000000088a00000| PB 0x0000000088a00000| Untracked 
| 139|0x0000000088b00000, 0x0000000088b00000, 0x0000000088c00000|  0%| F|  |TAMS 0x0000000088b00000| PB 0x0000000088b00000| Untracked 
| 140|0x0000000088c00000, 0x0000000088c00000, 0x0000000088d00000|  0%| F|  |TAMS 0x0000000088c00000| PB 0x0000000088c00000| Untracked 
| 141|0x0000000088d00000, 0x0000000088d00000, 0x0000000088e00000|  0%| F|  |TAMS 0x0000000088d00000| PB 0x0000000088d00000| Untracked 
| 142|0x0000000088e00000, 0x0000000088e00000, 0x0000000088f00000|  0%| F|  |TAMS 0x0000000088e00000| PB 0x0000000088e00000| Untracked 
| 143|0x0000000088f00000, 0x0000000088f00000, 0x0000000089000000|  0%| F|  |TAMS 0x0000000088f00000| PB 0x0000000088f00000| Untracked 
| 144|0x0000000089000000, 0x0000000089000000, 0x0000000089100000|  0%| F|  |TAMS 0x0000000089000000| PB 0x0000000089000000| Untracked 
| 145|0x0000000089100000, 0x0000000089100000, 0x0000000089200000|  0%| F|  |TAMS 0x0000000089100000| PB 0x0000000089100000| Untracked 
| 146|0x0000000089200000, 0x0000000089300000, 0x0000000089300000|100%| S|CS|TAMS 0x0000000089200000| PB 0x0000000089200000| Complete 
| 147|0x0000000089300000, 0x0000000089400000, 0x0000000089400000|100%| S|CS|TAMS 0x0000000089300000| PB 0x0000000089300000| Complete 
| 148|0x0000000089400000, 0x0000000089500000, 0x0000000089500000|100%| S|CS|TAMS 0x0000000089400000| PB 0x0000000089400000| Complete 
| 149|0x0000000089500000, 0x0000000089600000, 0x0000000089600000|100%| S|CS|TAMS 0x0000000089500000| PB 0x0000000089500000| Complete 
| 150|0x0000000089600000, 0x0000000089700000, 0x0000000089700000|100%| S|CS|TAMS 0x0000000089600000| PB 0x0000000089600000| Complete 
| 151|0x0000000089700000, 0x0000000089800000, 0x0000000089800000|100%| S|CS|TAMS 0x0000000089700000| PB 0x0000000089700000| Complete 
| 152|0x0000000089800000, 0x0000000089900000, 0x0000000089900000|100%| S|CS|TAMS 0x0000000089800000| PB 0x0000000089800000| Complete 
| 153|0x0000000089900000, 0x0000000089a00000, 0x0000000089a00000|100%| S|CS|TAMS 0x0000000089900000| PB 0x0000000089900000| Complete 
| 154|0x0000000089a00000, 0x0000000089b00000, 0x0000000089b00000|100%| S|CS|TAMS 0x0000000089a00000| PB 0x0000000089a00000| Complete 
| 155|0x0000000089b00000, 0x0000000089b00000, 0x0000000089c00000|  0%| F|  |TAMS 0x0000000089b00000| PB 0x0000000089b00000| Untracked 
| 156|0x0000000089c00000, 0x0000000089c00000, 0x0000000089d00000|  0%| F|  |TAMS 0x0000000089c00000| PB 0x0000000089c00000| Untracked 
| 157|0x0000000089d00000, 0x0000000089d00000, 0x0000000089e00000|  0%| F|  |TAMS 0x0000000089d00000| PB 0x0000000089d00000| Untracked 
| 158|0x0000000089e00000, 0x0000000089e00000, 0x0000000089f00000|  0%| F|  |TAMS 0x0000000089e00000| PB 0x0000000089e00000| Untracked 
| 159|0x0000000089f00000, 0x0000000089f00000, 0x000000008a000000|  0%| F|  |TAMS 0x0000000089f00000| PB 0x0000000089f00000| Untracked 
| 160|0x000000008a000000, 0x000000008a000000, 0x000000008a100000|  0%| F|  |TAMS 0x000000008a000000| PB 0x000000008a000000| Untracked 
| 161|0x000000008a100000, 0x000000008a100000, 0x000000008a200000|  0%| F|  |TAMS 0x000000008a100000| PB 0x000000008a100000| Untracked 
| 162|0x000000008a200000, 0x000000008a200000, 0x000000008a300000|  0%| F|  |TAMS 0x000000008a200000| PB 0x000000008a200000| Untracked 
| 163|0x000000008a300000, 0x000000008a300000, 0x000000008a400000|  0%| F|  |TAMS 0x000000008a300000| PB 0x000000008a300000| Untracked 
| 164|0x000000008a400000, 0x000000008a400000, 0x000000008a500000|  0%| F|  |TAMS 0x000000008a400000| PB 0x000000008a400000| Untracked 
| 165|0x000000008a500000, 0x000000008a500000, 0x000000008a600000|  0%| F|  |TAMS 0x000000008a500000| PB 0x000000008a500000| Untracked 
| 166|0x000000008a600000, 0x000000008a600000, 0x000000008a700000|  0%| F|  |TAMS 0x000000008a600000| PB 0x000000008a600000| Untracked 
| 167|0x000000008a700000, 0x000000008a700000, 0x000000008a800000|  0%| F|  |TAMS 0x000000008a700000| PB 0x000000008a700000| Untracked 
| 168|0x000000008a800000, 0x000000008a800000, 0x000000008a900000|  0%| F|  |TAMS 0x000000008a800000| PB 0x000000008a800000| Untracked 
| 169|0x000000008a900000, 0x000000008a900000, 0x000000008aa00000|  0%| F|  |TAMS 0x000000008a900000| PB 0x000000008a900000| Untracked 
| 170|0x000000008aa00000, 0x000000008aa00000, 0x000000008ab00000|  0%| F|  |TAMS 0x000000008aa00000| PB 0x000000008aa00000| Untracked 
| 171|0x000000008ab00000, 0x000000008ab00000, 0x000000008ac00000|  0%| F|  |TAMS 0x000000008ab00000| PB 0x000000008ab00000| Untracked 
| 172|0x000000008ac00000, 0x000000008ac00000, 0x000000008ad00000|  0%| F|  |TAMS 0x000000008ac00000| PB 0x000000008ac00000| Untracked 
| 173|0x000000008ad00000, 0x000000008ad00000, 0x000000008ae00000|  0%| F|  |TAMS 0x000000008ad00000| PB 0x000000008ad00000| Untracked 
| 174|0x000000008ae00000, 0x000000008ae00000, 0x000000008af00000|  0%| F|  |TAMS 0x000000008ae00000| PB 0x000000008ae00000| Untracked 
| 175|0x000000008af00000, 0x000000008af00000, 0x000000008b000000|  0%| F|  |TAMS 0x000000008af00000| PB 0x000000008af00000| Untracked 
| 176|0x000000008b000000, 0x000000008b000000, 0x000000008b100000|  0%| F|  |TAMS 0x000000008b000000| PB 0x000000008b000000| Untracked 
| 177|0x000000008b100000, 0x000000008b100000, 0x000000008b200000|  0%| F|  |TAMS 0x000000008b100000| PB 0x000000008b100000| Untracked 
| 178|0x000000008b200000, 0x000000008b200000, 0x000000008b300000|  0%| F|  |TAMS 0x000000008b200000| PB 0x000000008b200000| Untracked 
| 179|0x000000008b300000, 0x000000008b300000, 0x000000008b400000|  0%| F|  |TAMS 0x000000008b300000| PB 0x000000008b300000| Untracked 
| 180|0x000000008b400000, 0x000000008b400000, 0x000000008b500000|  0%| F|  |TAMS 0x000000008b400000| PB 0x000000008b400000| Untracked 
| 181|0x000000008b500000, 0x000000008b500000, 0x000000008b600000|  0%| F|  |TAMS 0x000000008b500000| PB 0x000000008b500000| Untracked 
| 182|0x000000008b600000, 0x000000008b600000, 0x000000008b700000|  0%| F|  |TAMS 0x000000008b600000| PB 0x000000008b600000| Untracked 
| 183|0x000000008b700000, 0x000000008b700000, 0x000000008b800000|  0%| F|  |TAMS 0x000000008b700000| PB 0x000000008b700000| Untracked 
| 184|0x000000008b800000, 0x000000008b800000, 0x000000008b900000|  0%| F|  |TAMS 0x000000008b800000| PB 0x000000008b800000| Untracked 
| 185|0x000000008b900000, 0x000000008b900000, 0x000000008ba00000|  0%| F|  |TAMS 0x000000008b900000| PB 0x000000008b900000| Untracked 
| 186|0x000000008ba00000, 0x000000008ba00000, 0x000000008bb00000|  0%| F|  |TAMS 0x000000008ba00000| PB 0x000000008ba00000| Untracked 
| 187|0x000000008bb00000, 0x000000008bb00000, 0x000000008bc00000|  0%| F|  |TAMS 0x000000008bb00000| PB 0x000000008bb00000| Untracked 
| 188|0x000000008bc00000, 0x000000008bc00000, 0x000000008bd00000|  0%| F|  |TAMS 0x000000008bc00000| PB 0x000000008bc00000| Untracked 
| 189|0x000000008bd00000, 0x000000008bd00000, 0x000000008be00000|  0%| F|  |TAMS 0x000000008bd00000| PB 0x000000008bd00000| Untracked 
| 190|0x000000008be00000, 0x000000008be00000, 0x000000008bf00000|  0%| F|  |TAMS 0x000000008be00000| PB 0x000000008be00000| Untracked 
| 191|0x000000008bf00000, 0x000000008bf00000, 0x000000008c000000|  0%| F|  |TAMS 0x000000008bf00000| PB 0x000000008bf00000| Untracked 
| 192|0x000000008c000000, 0x000000008c000000, 0x000000008c100000|  0%| F|  |TAMS 0x000000008c000000| PB 0x000000008c000000| Untracked 
| 193|0x000000008c100000, 0x000000008c100000, 0x000000008c200000|  0%| F|  |TAMS 0x000000008c100000| PB 0x000000008c100000| Untracked 
| 194|0x000000008c200000, 0x000000008c200000, 0x000000008c300000|  0%| F|  |TAMS 0x000000008c200000| PB 0x000000008c200000| Untracked 
| 195|0x000000008c300000, 0x000000008c300000, 0x000000008c400000|  0%| F|  |TAMS 0x000000008c300000| PB 0x000000008c300000| Untracked 
| 196|0x000000008c400000, 0x000000008c400000, 0x000000008c500000|  0%| F|  |TAMS 0x000000008c400000| PB 0x000000008c400000| Untracked 
| 197|0x000000008c500000, 0x000000008c500000, 0x000000008c600000|  0%| F|  |TAMS 0x000000008c500000| PB 0x000000008c500000| Untracked 
| 198|0x000000008c600000, 0x000000008c600000, 0x000000008c700000|  0%| F|  |TAMS 0x000000008c600000| PB 0x000000008c600000| Untracked 
| 199|0x000000008c700000, 0x000000008c700000, 0x000000008c800000|  0%| F|  |TAMS 0x000000008c700000| PB 0x000000008c700000| Untracked 
| 200|0x000000008c800000, 0x000000008c800000, 0x000000008c900000|  0%| F|  |TAMS 0x000000008c800000| PB 0x000000008c800000| Untracked 
| 201|0x000000008c900000, 0x000000008c900000, 0x000000008ca00000|  0%| F|  |TAMS 0x000000008c900000| PB 0x000000008c900000| Untracked 
| 202|0x000000008ca00000, 0x000000008ca00000, 0x000000008cb00000|  0%| F|  |TAMS 0x000000008ca00000| PB 0x000000008ca00000| Untracked 
| 203|0x000000008cb00000, 0x000000008cb00000, 0x000000008cc00000|  0%| F|  |TAMS 0x000000008cb00000| PB 0x000000008cb00000| Untracked 
| 204|0x000000008cc00000, 0x000000008cc00000, 0x000000008cd00000|  0%| F|  |TAMS 0x000000008cc00000| PB 0x000000008cc00000| Untracked 
| 205|0x000000008cd00000, 0x000000008cd00000, 0x000000008ce00000|  0%| F|  |TAMS 0x000000008cd00000| PB 0x000000008cd00000| Untracked 
| 206|0x000000008ce00000, 0x000000008ce00000, 0x000000008cf00000|  0%| F|  |TAMS 0x000000008ce00000| PB 0x000000008ce00000| Untracked 
| 207|0x000000008cf00000, 0x000000008cf00000, 0x000000008d000000|  0%| F|  |TAMS 0x000000008cf00000| PB 0x000000008cf00000| Untracked 
| 208|0x000000008d000000, 0x000000008d000000, 0x000000008d100000|  0%| F|  |TAMS 0x000000008d000000| PB 0x000000008d000000| Untracked 
| 209|0x000000008d100000, 0x000000008d100000, 0x000000008d200000|  0%| F|  |TAMS 0x000000008d100000| PB 0x000000008d100000| Untracked 
| 210|0x000000008d200000, 0x000000008d200000, 0x000000008d300000|  0%| F|  |TAMS 0x000000008d200000| PB 0x000000008d200000| Untracked 
| 211|0x000000008d300000, 0x000000008d300000, 0x000000008d400000|  0%| F|  |TAMS 0x000000008d300000| PB 0x000000008d300000| Untracked 
| 212|0x000000008d400000, 0x000000008d400000, 0x000000008d500000|  0%| F|  |TAMS 0x000000008d400000| PB 0x000000008d400000| Untracked 
| 213|0x000000008d500000, 0x000000008d500000, 0x000000008d600000|  0%| F|  |TAMS 0x000000008d500000| PB 0x000000008d500000| Untracked 
| 214|0x000000008d600000, 0x000000008d600000, 0x000000008d700000|  0%| F|  |TAMS 0x000000008d600000| PB 0x000000008d600000| Untracked 
| 215|0x000000008d700000, 0x000000008d700000, 0x000000008d800000|  0%| F|  |TAMS 0x000000008d700000| PB 0x000000008d700000| Untracked 
| 216|0x000000008d800000, 0x000000008d800000, 0x000000008d900000|  0%| F|  |TAMS 0x000000008d800000| PB 0x000000008d800000| Untracked 
| 217|0x000000008d900000, 0x000000008d900000, 0x000000008da00000|  0%| F|  |TAMS 0x000000008d900000| PB 0x000000008d900000| Untracked 
| 218|0x000000008da00000, 0x000000008da00000, 0x000000008db00000|  0%| F|  |TAMS 0x000000008da00000| PB 0x000000008da00000| Untracked 
| 219|0x000000008db00000, 0x000000008db00000, 0x000000008dc00000|  0%| F|  |TAMS 0x000000008db00000| PB 0x000000008db00000| Untracked 
| 220|0x000000008dc00000, 0x000000008dc00000, 0x000000008dd00000|  0%| F|  |TAMS 0x000000008dc00000| PB 0x000000008dc00000| Untracked 
| 221|0x000000008dd00000, 0x000000008dd00000, 0x000000008de00000|  0%| F|  |TAMS 0x000000008dd00000| PB 0x000000008dd00000| Untracked 
| 222|0x000000008de00000, 0x000000008df00000, 0x000000008df00000|100%| E|CS|TAMS 0x000000008de00000| PB 0x000000008de00000| Complete 
| 223|0x000000008df00000, 0x000000008e000000, 0x000000008e000000|100%| E|CS|TAMS 0x000000008df00000| PB 0x000000008df00000| Complete 
| 224|0x000000008e000000, 0x000000008e100000, 0x000000008e100000|100%| E|CS|TAMS 0x000000008e000000| PB 0x000000008e000000| Complete 
| 225|0x000000008e100000, 0x000000008e200000, 0x000000008e200000|100%| E|CS|TAMS 0x000000008e100000| PB 0x000000008e100000| Complete 
| 226|0x000000008e200000, 0x000000008e200000, 0x000000008e300000|  0%| F|  |TAMS 0x000000008e200000| PB 0x000000008e200000| Untracked 
| 227|0x000000008e300000, 0x000000008e300000, 0x000000008e400000|  0%| F|  |TAMS 0x000000008e300000| PB 0x000000008e300000| Untracked 
| 228|0x000000008e400000, 0x000000008e400000, 0x000000008e500000|  0%| F|  |TAMS 0x000000008e400000| PB 0x000000008e400000| Untracked 
| 229|0x000000008e500000, 0x000000008e500000, 0x000000008e600000|  0%| F|  |TAMS 0x000000008e500000| PB 0x000000008e500000| Untracked 
| 230|0x000000008e600000, 0x000000008e600000, 0x000000008e700000|  0%| F|  |TAMS 0x000000008e600000| PB 0x000000008e600000| Untracked 
| 231|0x000000008e700000, 0x000000008e700000, 0x000000008e800000|  0%| F|  |TAMS 0x000000008e700000| PB 0x000000008e700000| Untracked 
| 232|0x000000008e800000, 0x000000008e800000, 0x000000008e900000|  0%| F|  |TAMS 0x000000008e800000| PB 0x000000008e800000| Untracked 
| 233|0x000000008e900000, 0x000000008ea00000, 0x000000008ea00000|100%| E|  |TAMS 0x000000008e900000| PB 0x000000008e900000| Complete 
| 234|0x000000008ea00000, 0x000000008eb00000, 0x000000008eb00000|100%| E|CS|TAMS 0x000000008ea00000| PB 0x000000008ea00000| Complete 
| 235|0x000000008eb00000, 0x000000008ec00000, 0x000000008ec00000|100%| E|CS|TAMS 0x000000008eb00000| PB 0x000000008eb00000| Complete 
| 236|0x000000008ec00000, 0x000000008ed00000, 0x000000008ed00000|100%| E|CS|TAMS 0x000000008ec00000| PB 0x000000008ec00000| Complete 
| 237|0x000000008ed00000, 0x000000008ee00000, 0x000000008ee00000|100%| E|CS|TAMS 0x000000008ed00000| PB 0x000000008ed00000| Complete 
| 238|0x000000008ee00000, 0x000000008ef00000, 0x000000008ef00000|100%| E|CS|TAMS 0x000000008ee00000| PB 0x000000008ee00000| Complete 
| 239|0x000000008ef00000, 0x000000008f000000, 0x000000008f000000|100%| E|CS|TAMS 0x000000008ef00000| PB 0x000000008ef00000| Complete 
| 240|0x000000008f000000, 0x000000008f100000, 0x000000008f100000|100%| E|CS|TAMS 0x000000008f000000| PB 0x000000008f000000| Complete 
| 241|0x000000008f100000, 0x000000008f200000, 0x000000008f200000|100%| E|CS|TAMS 0x000000008f100000| PB 0x000000008f100000| Complete 
| 242|0x000000008f200000, 0x000000008f300000, 0x000000008f300000|100%| E|CS|TAMS 0x000000008f200000| PB 0x000000008f200000| Complete 
| 243|0x000000008f300000, 0x000000008f400000, 0x000000008f400000|100%| E|CS|TAMS 0x000000008f300000| PB 0x000000008f300000| Complete 
| 244|0x000000008f400000, 0x000000008f500000, 0x000000008f500000|100%| E|CS|TAMS 0x000000008f400000| PB 0x000000008f400000| Complete 
|2044|0x00000000ffc00000, 0x00000000ffd00000, 0x00000000ffd00000|100%| O|  |TAMS 0x00000000ffc00000| PB 0x00000000ffc00000| Untracked 
|2045|0x00000000ffd00000, 0x00000000ffe00000, 0x00000000ffe00000|100%| O|  |TAMS 0x00000000ffd00000| PB 0x00000000ffd00000| Untracked 
|2046|0x00000000ffe00000, 0x00000000fff00000, 0x00000000fff00000|100%| O|  |TAMS 0x00000000ffe00000| PB 0x00000000ffe00000| Untracked 
|2047|0x00000000fff00000, 0x0000000100000000, 0x0000000100000000|100%| O|  |TAMS 0x00000000fff00000| PB 0x00000000fff00000| Untracked 

Card table byte_map: [0x0000022f163d0000,0x0000022f167d0000] _byte_map_base: 0x0000022f15fd0000

Marking Bits: (CMBitMap*) 0x0000022f03dbfab0
 Bits: [0x0000022f167d0000, 0x0000022f187d0000)

Polling page: 0x0000022f01b80000

Metaspace:

Usage:
  Non-class:     85.53 MB used.
      Class:     13.12 MB used.
       Both:     98.65 MB used.

Virtual space:
  Non-class space:      128.00 MB reserved,      86.56 MB ( 68%) committed,  2 nodes.
      Class space:        1.00 GB reserved,      14.19 MB (  1%) committed,  1 nodes.
             Both:        1.12 GB reserved,     100.75 MB (  9%) committed. 

Chunk freelists:
   Non-Class:  9.48 MB
       Class:  1.81 MB
        Both:  11.30 MB

MaxMetaspaceSize: unlimited
CompressedClassSpaceSize: 1.00 GB
Initial GC threshold: 21.00 MB
Current GC threshold: 166.38 MB
CDS: off
 - commit_granule_bytes: 65536.
 - commit_granule_words: 8192.
 - virtual_space_node_default_size: 8388608.
 - enlarge_chunks_in_place: 1.
 - use_allocation_guard: 0.


Internal statistics:

num_allocs_failed_limit: 6.
num_arena_births: 3996.
num_arena_deaths: 0.
num_vsnodes_births: 3.
num_vsnodes_deaths: 0.
num_space_committed: 1612.
num_space_uncommitted: 0.
num_chunks_returned_to_freelist: 6.
num_chunks_taken_from_freelist: 8273.
num_chunk_merges: 6.
num_chunk_splits: 5412.
num_chunks_enlarged: 3389.
num_inconsistent_stats: 0.

CodeHeap 'non-profiled nmethods': size=120000Kb used=5511Kb max_used=5858Kb free=114488Kb
 bounds [0x0000022f0e990000, 0x0000022f0ef50000, 0x0000022f15ec0000]
CodeHeap 'profiled nmethods': size=120000Kb used=17515Kb max_used=18087Kb free=102484Kb
 bounds [0x0000022f06ec0000, 0x0000022f08070000, 0x0000022f0e3f0000]
CodeHeap 'non-nmethods': size=5760Kb used=2836Kb max_used=2887Kb free=2923Kb
 bounds [0x0000022f0e3f0000, 0x0000022f0e6d0000, 0x0000022f0e990000]
 total_blobs=10523 nmethods=9563 adapters=864
 compilation: enabled
              stopped_count=0, restarted_count=0
 full_count=0

Compilation events (20 events):
Event: 37.016 Thread 0x0000022f1b1709c0 nmethod 11472 0x0000022f08069690 code [0x0000022f08069840, 0x0000022f08069ac8]
Event: 37.459 Thread 0x0000022f1b1709c0 11473       3       org.gradle.api.internal.attributes.FreezableAttributeContainer::attribute (18 bytes)
Event: 37.469 Thread 0x0000022f1b1709c0 nmethod 11473 0x0000022f06fe6390 code [0x0000022f06fe6540, 0x0000022f06fe6770]
Event: 37.469 Thread 0x0000022f1b1709c0 11474       3       org.gradle.api.internal.attributes.FreezableAttributeContainer::assertMutable (40 bytes)
Event: 37.474 Thread 0x0000022f1b1709c0 nmethod 11474 0x0000022f076b6590 code [0x0000022f076b6820, 0x0000022f076b74e8]
Event: 37.853 Thread 0x0000022f1b1709c0 11475       3       kotlin.LazyKt__LazyJVMKt::lazy (21 bytes)
Event: 37.856 Thread 0x0000022f1b1709c0 nmethod 11475 0x0000022f07848e10 code [0x0000022f07849040, 0x0000022f078496c8]
Event: 38.448 Thread 0x0000022f1b16ff30 11476       4       org.gradle.internal.io.StreamByteBuffer::totalBytesUnread (52 bytes)
Event: 38.452 Thread 0x0000022f1b16ff30 nmethod 11476 0x0000022f0ea0d990 code [0x0000022f0ea0db20, 0x0000022f0ea0dc18]
Event: 38.492 Thread 0x0000022f1b16ff30 11477       4       org.gradle.internal.reflect.ClassInspector::inspectClass (179 bytes)
Event: 38.494 Thread 0x0000022f1b1709c0 11479       3       sun.reflect.generics.scope.MethodScope::make (9 bytes)
Event: 38.494 Thread 0x0000022f1b1709c0 nmethod 11479 0x0000022f06f36410 code [0x0000022f06f365c0, 0x0000022f06f36878]
Event: 38.494 Thread 0x0000022f1b1709c0 11480       3       sun.reflect.generics.scope.MethodScope::<init> (6 bytes)
Event: 38.495 Thread 0x0000022f1b1709c0 nmethod 11480 0x0000022f0706b490 code [0x0000022f0706b640, 0x0000022f0706b860]
Event: 38.502 Thread 0x0000022f1b1709c0 11481       3       org.gradle.internal.instantiation.generator.AbstractClassGenerator::isRoleType (49 bytes)
Event: 38.504 Thread 0x0000022f1b1709c0 nmethod 11481 0x0000022f0720df90 code [0x0000022f0720e300, 0x0000022f0720f978]
Event: 38.573 Thread 0x0000022f1b1709c0 11483       3       kotlin.SynchronizedLazyImpl::<init> (34 bytes)
Event: 38.574 Thread 0x0000022f1b1709c0 nmethod 11483 0x0000022f06f41a90 code [0x0000022f06f41cc0, 0x0000022f06f42410]
Event: 38.585 Thread 0x0000022f1b1709c0 11484       1       com.android.build.gradle.internal.services.ProjectServices::getObjectFactory (5 bytes)
Event: 38.585 Thread 0x0000022f1b1709c0 nmethod 11484 0x0000022f0ea48790 code [0x0000022f0ea48920, 0x0000022f0ea489e8]

GC Heap History (20 events):
Event: 15.767 GC heap before
{Heap before GC invocations=26 (full 0):
 garbage-first heap   total 152576K, used 137508K [0x0000000080000000, 0x0000000100000000)
  region size 1024K, 46 young (47104K), 5 survivors (5120K)
 Metaspace       used 70731K, committed 72576K, reserved 1114112K
  class space    used 9630K, committed 10560K, reserved 1048576K
}
Event: 15.790 GC heap after
{Heap after GC invocations=27 (full 0):
 garbage-first heap   total 183296K, used 99343K [0x0000000080000000, 0x0000000100000000)
  region size 1024K, 5 young (5120K), 5 survivors (5120K)
 Metaspace       used 70731K, committed 72576K, reserved 1114112K
  class space    used 9630K, committed 10560K, reserved 1048576K
}
Event: 18.919 GC heap before
{Heap before GC invocations=28 (full 0):
 garbage-first heap   total 183296K, used 162831K [0x0000000080000000, 0x0000000100000000)
  region size 1024K, 68 young (69632K), 5 survivors (5120K)
 Metaspace       used 74093K, committed 75968K, reserved 1179648K
  class space    used 10075K, committed 11008K, reserved 1048576K
}
Event: 18.969 GC heap after
{Heap after GC invocations=29 (full 0):
 garbage-first heap   total 183296K, used 105472K [0x0000000080000000, 0x0000000100000000)
  region size 1024K, 9 young (9216K), 9 survivors (9216K)
 Metaspace       used 74093K, committed 75968K, reserved 1179648K
  class space    used 10075K, committed 11008K, reserved 1048576K
}
Event: 20.432 GC heap before
{Heap before GC invocations=29 (full 0):
 garbage-first heap   total 183296K, used 162816K [0x0000000080000000, 0x0000000100000000)
  region size 1024K, 66 young (67584K), 9 survivors (9216K)
 Metaspace       used 74367K, committed 76224K, reserved 1179648K
  class space    used 10076K, committed 11008K, reserved 1048576K
}
Event: 20.477 GC heap after
{Heap after GC invocations=30 (full 0):
 garbage-first heap   total 183296K, used 108465K [0x0000000080000000, 0x0000000100000000)
  region size 1024K, 5 young (5120K), 5 survivors (5120K)
 Metaspace       used 74367K, committed 76224K, reserved 1179648K
  class space    used 10076K, committed 11008K, reserved 1048576K
}
Event: 21.333 GC heap before
{Heap before GC invocations=30 (full 0):
 garbage-first heap   total 183296K, used 160689K [0x0000000080000000, 0x0000000100000000)
  region size 1024K, 58 young (59392K), 5 survivors (5120K)
 Metaspace       used 74578K, committed 76416K, reserved 1179648K
  class space    used 10098K, committed 11008K, reserved 1048576K
}
Event: 21.359 GC heap after
{Heap after GC invocations=31 (full 0):
 garbage-first heap   total 183296K, used 109857K [0x0000000080000000, 0x0000000100000000)
  region size 1024K, 6 young (6144K), 6 survivors (6144K)
 Metaspace       used 74578K, committed 76416K, reserved 1179648K
  class space    used 10098K, committed 11008K, reserved 1048576K
}
Event: 23.014 GC heap before
{Heap before GC invocations=32 (full 0):
 garbage-first heap   total 194560K, used 179489K [0x0000000080000000, 0x0000000100000000)
  region size 1024K, 61 young (62464K), 6 survivors (6144K)
 Metaspace       used 76528K, committed 78400K, reserved 1179648K
  class space    used 10319K, committed 11264K, reserved 1048576K
}
Event: 23.052 GC heap after
{Heap after GC invocations=33 (full 0):
 garbage-first heap   total 195584K, used 131514K [0x0000000080000000, 0x0000000100000000)
  region size 1024K, 8 young (8192K), 8 survivors (8192K)
 Metaspace       used 76528K, committed 78400K, reserved 1179648K
  class space    used 10319K, committed 11264K, reserved 1048576K
}
Event: 24.329 GC heap before
{Heap before GC invocations=33 (full 0):
 garbage-first heap   total 195584K, used 175546K [0x0000000080000000, 0x0000000100000000)
  region size 1024K, 51 young (52224K), 8 survivors (8192K)
 Metaspace       used 80990K, committed 82944K, reserved 1179648K
  class space    used 10797K, committed 11776K, reserved 1048576K
}
Event: 24.345 GC heap after
{Heap after GC invocations=34 (full 0):
 garbage-first heap   total 235520K, used 132656K [0x0000000080000000, 0x0000000100000000)
  region size 1024K, 2 young (2048K), 2 survivors (2048K)
 Metaspace       used 80990K, committed 82944K, reserved 1179648K
  class space    used 10797K, committed 11776K, reserved 1048576K
}
Event: 25.716 GC heap before
{Heap before GC invocations=34 (full 0):
 garbage-first heap   total 235520K, used 174640K [0x0000000080000000, 0x0000000100000000)
  region size 1024K, 44 young (45056K), 2 survivors (2048K)
 Metaspace       used 86116K, committed 88128K, reserved 1179648K
  class space    used 11458K, committed 12480K, reserved 1048576K
}
Event: 25.804 GC heap after
{Heap after GC invocations=35 (full 0):
 garbage-first heap   total 235520K, used 135052K [0x0000000080000000, 0x0000000100000000)
  region size 1024K, 5 young (5120K), 5 survivors (5120K)
 Metaspace       used 86116K, committed 88128K, reserved 1179648K
  class space    used 11458K, committed 12480K, reserved 1048576K
}
Event: 28.513 GC heap before
{Heap before GC invocations=36 (full 0):
 garbage-first heap   total 235520K, used 211852K [0x0000000080000000, 0x0000000100000000)
  region size 1024K, 75 young (76800K), 5 survivors (5120K)
 Metaspace       used 90512K, committed 92544K, reserved 1179648K
  class space    used 12041K, committed 13056K, reserved 1048576K
}
Event: 28.621 GC heap after
{Heap after GC invocations=37 (full 0):
 garbage-first heap   total 235520K, used 141347K [0x0000000080000000, 0x0000000100000000)
  region size 1024K, 10 young (10240K), 10 survivors (10240K)
 Metaspace       used 90512K, committed 92544K, reserved 1179648K
  class space    used 12041K, committed 13056K, reserved 1048576K
}
Event: 31.588 GC heap before
{Heap before GC invocations=37 (full 0):
 garbage-first heap   total 235520K, used 213027K [0x0000000080000000, 0x0000000100000000)
  region size 1024K, 77 young (78848K), 10 survivors (10240K)
 Metaspace       used 96829K, committed 98944K, reserved 1179648K
  class space    used 12873K, committed 13952K, reserved 1048576K
}
Event: 31.667 GC heap after
{Heap after GC invocations=38 (full 0):
 garbage-first heap   total 235520K, used 146392K [0x0000000080000000, 0x0000000100000000)
  region size 1024K, 4 young (4096K), 4 survivors (4096K)
 Metaspace       used 96829K, committed 98944K, reserved 1179648K
  class space    used 12873K, committed 13952K, reserved 1048576K
}
Event: 36.320 GC heap before
{Heap before GC invocations=38 (full 0):
 garbage-first heap   total 235520K, used 215000K [0x0000000080000000, 0x0000000100000000)
  region size 1024K, 71 young (72704K), 4 survivors (4096K)
 Metaspace       used 99811K, committed 101952K, reserved 1179648K
  class space    used 13272K, committed 14400K, reserved 1048576K
}
Event: 36.481 GC heap after
{Heap after GC invocations=39 (full 0):
 garbage-first heap   total 235520K, used 152576K [0x0000000080000000, 0x0000000100000000)
  region size 1024K, 9 young (9216K), 9 survivors (9216K)
 Metaspace       used 99811K, committed 101952K, reserved 1179648K
  class space    used 13272K, committed 14400K, reserved 1048576K
}

Dll operation events (3 events):
Event: 0.056 Loaded shared library C:\Program Files\Android\Android Studio\jbr\bin\java.dll
Event: 0.071 Loaded shared library C:\Program Files\Android\Android Studio\jbr\bin\zip.dll
Event: 1.799 Loaded shared library C:\Program Files\Android\Android Studio\jbr\bin\verify.dll

Deoptimization events (20 events):
Event: 30.849 Thread 0x0000022f1b5452f0 Uncommon trap: trap_request=0xffffffd6 fr.pc=0x0000022f0eea4d9c relative=0x0000000000000abc
Event: 30.849 Thread 0x0000022f1b5452f0 Uncommon trap: reason=array_check action=maybe_recompile pc=0x0000022f0eea4d9c method=com.google.common.collect.RegularImmutableMap.fromEntryArrayCheckingBucketOverflow(I[Ljava/util/Map$Entry;Z)Lcom/google/common/collect/ImmutableMap; @ 220 c2
Event: 30.849 Thread 0x0000022f1b5452f0 DEOPT PACKING pc=0x0000022f0eea4d9c sp=0x0000003b573f65d0
Event: 30.849 Thread 0x0000022f1b5452f0 DEOPT UNPACKING pc=0x0000022f0e4446a2 sp=0x0000003b573f6578 mode 2
Event: 32.642 Thread 0x0000022f1b5452f0 DEOPT PACKING pc=0x0000022f076cc5ce sp=0x0000003b573f5d90
Event: 32.642 Thread 0x0000022f1b5452f0 DEOPT UNPACKING pc=0x0000022f0e444e42 sp=0x0000003b573f5350 mode 0
Event: 32.793 Thread 0x0000022f1b5452f0 Uncommon trap: trap_request=0xffffff45 fr.pc=0x0000022f0ea2ee54 relative=0x0000000000000134
Event: 32.793 Thread 0x0000022f1b5452f0 Uncommon trap: reason=unstable_if action=reinterpret pc=0x0000022f0ea2ee54 method=jdk.internal.org.objectweb.asm.ByteVector.putInt(I)Ljdk/internal/org/objectweb/asm/ByteVector; @ 13 c2
Event: 32.793 Thread 0x0000022f1b5452f0 DEOPT PACKING pc=0x0000022f0ea2ee54 sp=0x0000003b573f5db0
Event: 32.793 Thread 0x0000022f1b5452f0 DEOPT UNPACKING pc=0x0000022f0e4446a2 sp=0x0000003b573f5d48 mode 2
Event: 32.947 Thread 0x0000022f1b5452f0 DEOPT PACKING pc=0x0000022f06fb0fe8 sp=0x0000003b573f5f50
Event: 32.947 Thread 0x0000022f1b5452f0 DEOPT UNPACKING pc=0x0000022f0e444e42 sp=0x0000003b573f5470 mode 0
Event: 35.522 Thread 0x0000022f019b4040 Uncommon trap: trap_request=0xffffffc6 fr.pc=0x0000022f0ec2dfc4 relative=0x0000000000000a04
Event: 35.522 Thread 0x0000022f019b4040 Uncommon trap: reason=bimorphic_or_optimized_type_check action=maybe_recompile pc=0x0000022f0ec2dfc4 method=java.io.DataOutputStream.writeLong(J)V @ 20 c2
Event: 35.522 Thread 0x0000022f019b4040 DEOPT PACKING pc=0x0000022f0ec2dfc4 sp=0x0000003b556fe6b0
Event: 35.522 Thread 0x0000022f019b4040 DEOPT UNPACKING pc=0x0000022f0e4446a2 sp=0x0000003b556fe688 mode 2
Event: 35.534 Thread 0x0000022f019b4040 Uncommon trap: trap_request=0xffffffc6 fr.pc=0x0000022f0ec2dfc4 relative=0x0000000000000a04
Event: 35.534 Thread 0x0000022f019b4040 Uncommon trap: reason=bimorphic_or_optimized_type_check action=maybe_recompile pc=0x0000022f0ec2dfc4 method=java.io.DataOutputStream.writeLong(J)V @ 20 c2
Event: 35.534 Thread 0x0000022f019b4040 DEOPT PACKING pc=0x0000022f0ec2dfc4 sp=0x0000003b556fe620
Event: 35.535 Thread 0x0000022f019b4040 DEOPT UNPACKING pc=0x0000022f0e4446a2 sp=0x0000003b556fe5f8 mode 2

Classes loaded (20 events):
Event: 29.645 Loading class javax/management/NotificationFilter
Event: 29.645 Loading class javax/management/NotificationFilter done
Event: 29.645 Loading class javax/management/ListenerNotFoundException
Event: 29.645 Loading class javax/management/OperationsException
Event: 29.645 Loading class javax/management/JMException
Event: 29.645 Loading class javax/management/JMException done
Event: 29.645 Loading class javax/management/OperationsException done
Event: 29.645 Loading class javax/management/ListenerNotFoundException done
Event: 29.645 Loading class jdk/jfr/Recording
Event: 29.646 Loading class jdk/jfr/Recording done
Event: 29.646 Loading class jdk/jfr/FlightRecorder
Event: 29.647 Loading class jdk/jfr/FlightRecorder done
Event: 29.647 Loading class jdk/management/jfr/FlightRecorderMXBeanImpl$MXBeanListener
Event: 29.647 Loading class jdk/jfr/FlightRecorderListener
Event: 29.647 Loading class jdk/jfr/FlightRecorderListener done
Event: 29.647 Loading class jdk/management/jfr/FlightRecorderMXBeanImpl$MXBeanListener done
Event: 29.739 Loading class com/sun/jmx/mbeanserver/StandardMBeanSupport
Event: 29.739 Loading class com/sun/jmx/mbeanserver/StandardMBeanSupport done
Event: 29.739 Loading class com/sun/jmx/mbeanserver/StandardMBeanIntrospector
Event: 29.739 Loading class com/sun/jmx/mbeanserver/StandardMBeanIntrospector done

Classes unloaded (0 events):
No events

Classes redefined (0 events):
No events

Internal exceptions (20 events):
Event: 31.896 Thread 0x0000022f1b5452f0 Exception <a 'java/lang/ClassNotFoundException'{0x000000008dc9ed10}: org/jetbrains/kotlin/gradle/targets/js/npm/NpmDependencyExtensionKt$defaultNpmDependencyDelegate$1BeanInfo> (0x000000008dc9ed10) 
thrown [s\src\hotspot\share\classfile\systemDictionary.cpp, line 312]
Event: 31.898 Thread 0x0000022f1b5452f0 Exception <a 'java/lang/ClassNotFoundException'{0x000000008dcb09d0}: org/jetbrains/kotlin/gradle/targets/js/npm/NpmDependencyExtensionDelegateBeanInfo> (0x000000008dcb09d0) 
thrown [s\src\hotspot\share\classfile\systemDictionary.cpp, line 312]
Event: 31.903 Thread 0x0000022f1b5452f0 Exception <a 'java/lang/ClassNotFoundException'{0x000000008dcc2688}: org/jetbrains/kotlin/gradle/targets/js/npm/NpmDependencyExtensionDelegateCustomizer> (0x000000008dcc2688) 
thrown [s\src\hotspot\share\classfile\systemDictionary.cpp, line 312]
Event: 31.912 Thread 0x0000022f1b5452f0 Exception <a 'java/lang/ClassNotFoundException'{0x000000008dcf9770}: org/jetbrains/kotlin/gradle/targets/js/npm/NpmDependencyExtensionKt$defaultNpmDependencyDelegate$1Customizer> (0x000000008dcf9770) 
thrown [s\src\hotspot\share\classfile\systemDictionary.cpp, line 312]
Event: 31.930 Thread 0x0000022f1b5452f0 Exception <a 'java/lang/ClassNotFoundException'{0x000000008db450c8}: org/jetbrains/kotlin/gradle/targets/js/npm/DefaultDevNpmDependencyExtensionBeanInfo> (0x000000008db450c8) 
thrown [s\src\hotspot\share\classfile\systemDictionary.cpp, line 312]
Event: 31.931 Thread 0x0000022f1b5452f0 Exception <a 'java/lang/ClassNotFoundException'{0x000000008db56da0}: org/jetbrains/kotlin/gradle/targets/js/npm/DefaultDevNpmDependencyExtensionCustomizer> (0x000000008db56da0) 
thrown [s\src\hotspot\share\classfile\systemDictionary.cpp, line 312]
Event: 31.941 Thread 0x0000022f1b5452f0 Exception <a 'java/lang/ClassNotFoundException'{0x000000008dbab058}: org/jetbrains/kotlin/gradle/targets/js/npm/DefaultPeerNpmDependencyExtensionBeanInfo> (0x000000008dbab058) 
thrown [s\src\hotspot\share\classfile\systemDictionary.cpp, line 312]
Event: 31.942 Thread 0x0000022f1b5452f0 Exception <a 'java/lang/ClassNotFoundException'{0x000000008dbbcdb8}: org/jetbrains/kotlin/gradle/targets/js/npm/DefaultPeerNpmDependencyExtensionCustomizer> (0x000000008dbbcdb8) 
thrown [s\src\hotspot\share\classfile\systemDictionary.cpp, line 312]
Event: 31.950 Thread 0x0000022f1b5452f0 Exception <a 'java/lang/ClassNotFoundException'{0x000000008da1e480}: org/jetbrains/kotlin/gradle/targets/js/npm/DefaultPeerNpmDependencyExtension$delegate$1BeanInfo> (0x000000008da1e480) 
thrown [s\src\hotspot\share\classfile\systemDictionary.cpp, line 312]
Event: 31.953 Thread 0x0000022f1b5452f0 Exception <a 'java/lang/ClassNotFoundException'{0x000000008da30668}: org/jetbrains/kotlin/gradle/targets/js/npm/DefaultPeerNpmDependencyExtension$delegate$1Customizer> (0x000000008da30668) 
thrown [s\src\hotspot\share\classfile\systemDictionary.cpp, line 312]
Event: 31.983 Thread 0x0000022f1b5452f0 Exception <a 'java/lang/NoSuchMethodError'{0x000000008dae7c68}: static Lorg/jetbrains/kotlin/gradle/plugin/internal/DefaultIdeaSyncDetector$createIdeaPropertiesEvaluator$1;.<clinit>()V> (0x000000008dae7c68) 
thrown [s\src\hotspot\share\prims\jni.cpp, line 1139]
Event: 33.067 Thread 0x0000022f1b5452f0 Exception <a 'java/lang/ClassNotFoundException'{0x000000008c877260}: org/gradle/api/internal/plugins/NaggingBasePluginConventionBeanInfo> (0x000000008c877260) 
thrown [s\src\hotspot\share\classfile\systemDictionary.cpp, line 312]
Event: 33.071 Thread 0x0000022f1b5452f0 Exception <a 'java/lang/ClassNotFoundException'{0x000000008c897670}: org/gradle/api/plugins/BasePluginConventionBeanInfo> (0x000000008c897670) 
thrown [s\src\hotspot\share\classfile\systemDictionary.cpp, line 312]
Event: 33.078 Thread 0x0000022f1b5452f0 Exception <a 'java/lang/ClassNotFoundException'{0x000000008c8b6d40}: org/gradle/api/plugins/BasePluginConventionCustomizer> (0x000000008c8b6d40) 
thrown [s\src\hotspot\share\classfile\systemDictionary.cpp, line 312]
Event: 33.092 Thread 0x0000022f1b5452f0 Exception <a 'java/lang/ClassNotFoundException'{0x000000008c8e6bd0}: org/gradle/api/internal/plugins/NaggingBasePluginConventionCustomizer> (0x000000008c8e6bd0) 
thrown [s\src\hotspot\share\classfile\systemDictionary.cpp, line 312]
Event: 33.105 Thread 0x0000022f1b5452f0 Exception <a 'java/lang/ClassNotFoundException'{0x000000008c73a298}: org/gradle/api/plugins/internal/NaggingJavaPluginConventionBeanInfo> (0x000000008c73a298) 
thrown [s\src\hotspot\share\classfile\systemDictionary.cpp, line 312]
Event: 33.120 Thread 0x0000022f1b5452f0 Exception <a 'java/lang/ClassNotFoundException'{0x000000008c75a458}: org/gradle/api/plugins/JavaPluginConventionBeanInfo> (0x000000008c75a458) 
thrown [s\src\hotspot\share\classfile\systemDictionary.cpp, line 312]
Event: 33.125 Thread 0x0000022f1b5452f0 Exception <a 'java/lang/ClassNotFoundException'{0x000000008c779b28}: org/gradle/api/plugins/JavaPluginConventionCustomizer> (0x000000008c779b28) 
thrown [s\src\hotspot\share\classfile\systemDictionary.cpp, line 312]
Event: 33.131 Thread 0x0000022f1b5452f0 Exception <a 'java/lang/ClassNotFoundException'{0x000000008c7af968}: org/gradle/api/plugins/internal/NaggingJavaPluginConventionCustomizer> (0x000000008c7af968) 
thrown [s\src\hotspot\share\classfile\systemDictionary.cpp, line 312]
Event: 38.509 Thread 0x0000022f1b5452f0 Exception <a 'java/lang/NoSuchMethodError'{0x000000008ed4de28}: 'java.lang.Object java.lang.invoke.DirectMethodHandle$Holder.newInvokeSpecial(java.lang.Object, java.lang.Object, java.lang.Object, java.lang.Object, java.lang.Object, java.lang.Object, java.lang.Object, java.lang.Object, java.lang.Object, java.lang.Object, java.lang.Object, java.lang.Object, java.lang.Object, java.lang.Object)'> (0x000000008ed4de28) 
thrown [s\src\hotspot\share\interpreter\linkResolver.cpp, line 784]

ZGC Phase Switch (0 events):
No events

VM Operations (20 events):
Event: 31.364 Executing VM operation: Cleanup
Event: 31.364 Executing VM operation: Cleanup done
Event: 31.587 Executing VM operation: G1CollectForAllocation (G1 Evacuation Pause)
Event: 31.667 Executing VM operation: G1CollectForAllocation (G1 Evacuation Pause) done
Event: 32.675 Executing VM operation: Cleanup
Event: 32.675 Executing VM operation: Cleanup done
Event: 33.680 Executing VM operation: Cleanup
Event: 33.696 Executing VM operation: Cleanup done
Event: 34.705 Executing VM operation: Cleanup
Event: 34.720 Executing VM operation: Cleanup done
Event: 35.726 Executing VM operation: Cleanup
Event: 35.727 Executing VM operation: Cleanup done
Event: 36.318 Executing VM operation: G1CollectForAllocation (G1 Evacuation Pause)
Event: 36.482 Executing VM operation: G1CollectForAllocation (G1 Evacuation Pause) done
Event: 37.023 Executing VM operation: G1PauseRemark
Event: 37.275 Executing VM operation: G1PauseRemark done
Event: 37.309 Executing VM operation: G1PauseCleanup
Event: 37.331 Executing VM operation: G1PauseCleanup done
Event: 38.058 Executing VM operation: HandshakeAllThreads (Deoptimize)
Event: 38.060 Executing VM operation: HandshakeAllThreads (Deoptimize) done

Memory protections (0 events):
No events

Nmethod flushes (20 events):
Event: 37.240 Thread 0x0000022f1aff3730 flushing  nmethod 0x0000022f071bd310
Event: 37.240 Thread 0x0000022f1aff3730 flushing  nmethod 0x0000022f0720df90
Event: 37.240 Thread 0x0000022f1aff3730 flushing  nmethod 0x0000022f07212b10
Event: 37.240 Thread 0x0000022f1aff3730 flushing  nmethod 0x0000022f07262510
Event: 37.240 Thread 0x0000022f1aff3730 flushing  nmethod 0x0000022f0729a990
Event: 37.240 Thread 0x0000022f1aff3730 flushing  nmethod 0x0000022f072cff10
Event: 37.240 Thread 0x0000022f1aff3730 flushing  nmethod 0x0000022f072db910
Event: 37.240 Thread 0x0000022f1aff3730 flushing  nmethod 0x0000022f073dd790
Event: 37.240 Thread 0x0000022f1aff3730 flushing  nmethod 0x0000022f073dea90
Event: 37.240 Thread 0x0000022f1aff3730 flushing  nmethod 0x0000022f075a6b10
Event: 37.240 Thread 0x0000022f1aff3730 flushing  nmethod 0x0000022f07610e10
Event: 37.240 Thread 0x0000022f1aff3730 flushing  nmethod 0x0000022f07685790
Event: 37.240 Thread 0x0000022f1aff3730 flushing  nmethod 0x0000022f077bc990
Event: 37.240 Thread 0x0000022f1aff3730 flushing  nmethod 0x0000022f07850790
Event: 37.240 Thread 0x0000022f1aff3730 flushing  nmethod 0x0000022f07947c10
Event: 37.240 Thread 0x0000022f1aff3730 flushing osr nmethod 0x0000022f07984290
Event: 37.240 Thread 0x0000022f1aff3730 flushing  nmethod 0x0000022f07987810
Event: 37.241 Thread 0x0000022f1aff3730 flushing  nmethod 0x0000022f07b07790
Event: 37.241 Thread 0x0000022f1aff3730 flushing  nmethod 0x0000022f07bd5210
Event: 37.241 Thread 0x0000022f1aff3730 flushing  nmethod 0x0000022f07ca5410

Events (20 events):
Event: 19.085 Thread 0x0000022f1b5452f0 Thread added: 0x0000022f222f0e10
Event: 19.087 Thread 0x0000022f1b5452f0 Thread added: 0x0000022f230a6200
Event: 19.088 Thread 0x0000022f1b5452f0 Thread added: 0x0000022f230a4130
Event: 21.927 Thread 0x0000022f1b5452f0 Thread added: 0x0000022f230a5b70
Event: 21.928 Thread 0x0000022f1b5452f0 Thread added: 0x0000022f230a82d0
Event: 21.928 Thread 0x0000022f1b5452f0 Thread added: 0x0000022f230a7c40
Event: 21.928 Thread 0x0000022f1b5452f0 Thread added: 0x0000022f230a1340
Event: 21.929 Thread 0x0000022f1b5452f0 Thread added: 0x0000022f230a8960
Event: 21.957 Thread 0x0000022f1b5452f0 Thread added: 0x0000022f230a19d0
Event: 21.958 Thread 0x0000022f1b5452f0 Thread added: 0x0000022f230a26f0
Event: 21.960 Thread 0x0000022f1b5452f0 Thread added: 0x0000022f230a2d80
Event: 21.962 Thread 0x0000022f1b5452f0 Thread added: 0x0000022f230a3410
Event: 21.964 Thread 0x0000022f1b5452f0 Thread added: 0x0000022f230741b0
Event: 21.990 Thread 0x0000022f1b5452f0 Thread added: 0x0000022f23074840
Event: 21.990 Thread 0x0000022f1b5452f0 Thread added: 0x0000022f23075560
Event: 21.990 Thread 0x0000022f1b5452f0 Thread added: 0x0000022f23076fa0
Event: 21.991 Thread 0x0000022f1b5452f0 Thread added: 0x0000022f23074ed0
Event: 21.991 Thread 0x0000022f1b5452f0 Thread added: 0x0000022f23076280
Event: 25.153 Thread 0x0000022f1b5452f0 Thread added: 0x0000022f230a6890
Event: 29.888 Thread 0x0000022f1b5452f0 Thread added: 0x0000022f25496060


Dynamic libraries:
0x00007ff6dadf0000 - 0x00007ff6dadfa000 	C:\Program Files\Android\Android Studio\jbr\bin\java.exe
0x00007ffa737b0000 - 0x00007ffa739a8000 	C:\Windows\SYSTEM32\ntdll.dll
0x00007ffa6b6f0000 - 0x00007ffa6b710000 	C:\Program Files\Avast Software\Avast\aswhook.dll
0x00007ffa72970000 - 0x00007ffa72a32000 	C:\Windows\System32\KERNEL32.DLL
0x00007ffa71250000 - 0x00007ffa71546000 	C:\Windows\System32\KERNELBASE.dll
0x00007ffa715f0000 - 0x00007ffa716f0000 	C:\Windows\System32\ucrtbase.dll
0x00007ffa5cd90000 - 0x00007ffa5cda8000 	C:\Program Files\Android\Android Studio\jbr\bin\jli.dll
0x00007ffa2eb80000 - 0x00007ffa2eb9b000 	C:\Program Files\Android\Android Studio\jbr\bin\VCRUNTIME140.dll
0x00007ffa734f0000 - 0x00007ffa73691000 	C:\Windows\System32\USER32.dll
0x00007ffa717a0000 - 0x00007ffa717c2000 	C:\Windows\System32\win32u.dll
0x00007ffa727b0000 - 0x00007ffa727db000 	C:\Windows\System32\GDI32.dll
0x00007ffa70e40000 - 0x00007ffa70f59000 	C:\Windows\System32\gdi32full.dll
0x00007ffa71550000 - 0x00007ffa715ed000 	C:\Windows\System32\msvcp_win.dll
0x00007ffa5e2e0000 - 0x00007ffa5e57b000 	C:\Windows\WinSxS\amd64_microsoft.windows.common-controls_6595b64144ccf1df_6.0.19041.6456_none_60b8a6cb71f64256\COMCTL32.dll
0x00007ffa72f60000 - 0x00007ffa72ffe000 	C:\Windows\System32\msvcrt.dll
0x00007ffa72780000 - 0x00007ffa727af000 	C:\Windows\System32\IMM32.DLL
0x00007ffa2eb70000 - 0x00007ffa2eb7c000 	C:\Program Files\Android\Android Studio\jbr\bin\vcruntime140_1.dll
0x00007ffa56bc0000 - 0x00007ffa56c4d000 	C:\Program Files\Android\Android Studio\jbr\bin\msvcp140.dll
0x00007ffa14730000 - 0x00007ffa153bb000 	C:\Program Files\Android\Android Studio\jbr\bin\server\jvm.dll
0x00007ffa72c80000 - 0x00007ffa72d31000 	C:\Windows\System32\ADVAPI32.dll
0x00007ffa72be0000 - 0x00007ffa72c7f000 	C:\Windows\System32\sechost.dll
0x00007ffa717d0000 - 0x00007ffa718f0000 	C:\Windows\System32\RPCRT4.dll
0x00007ffa711a0000 - 0x00007ffa711c7000 	C:\Windows\System32\bcrypt.dll
0x00007ffa723b0000 - 0x00007ffa7241b000 	C:\Windows\System32\WS2_32.dll
0x00007ffa70850000 - 0x00007ffa7089b000 	C:\Windows\SYSTEM32\POWRPROF.dll
0x00007ffa65960000 - 0x00007ffa65987000 	C:\Windows\SYSTEM32\WINMM.dll
0x00007ffa65990000 - 0x00007ffa6599a000 	C:\Windows\SYSTEM32\VERSION.dll
0x00007ffa70800000 - 0x00007ffa70812000 	C:\Windows\SYSTEM32\UMPDC.dll
0x00007ffa6f650000 - 0x00007ffa6f662000 	C:\Windows\SYSTEM32\kernel.appcore.dll
0x00007ffa2e800000 - 0x00007ffa2e80a000 	C:\Program Files\Android\Android Studio\jbr\bin\jimage.dll
0x00007ffa6e870000 - 0x00007ffa6ea71000 	C:\Windows\SYSTEM32\DBGHELP.DLL
0x00007ffa648c0000 - 0x00007ffa648f4000 	C:\Windows\SYSTEM32\dbgcore.DLL
0x00007ffa710c0000 - 0x00007ffa71142000 	C:\Windows\System32\bcryptPrimitives.dll
0x00007ffa650b0000 - 0x00007ffa650be000 	C:\Program Files\Android\Android Studio\jbr\bin\instrument.dll
0x00007ffa2e740000 - 0x00007ffa2e760000 	C:\Program Files\Android\Android Studio\jbr\bin\java.dll
0x00007ffa2e720000 - 0x00007ffa2e738000 	C:\Program Files\Android\Android Studio\jbr\bin\zip.dll
0x00007ffa71980000 - 0x00007ffa720f0000 	C:\Windows\System32\SHELL32.dll
0x00007ffa6ee90000 - 0x00007ffa6f635000 	C:\Windows\SYSTEM32\windows.storage.dll
0x00007ffa72420000 - 0x00007ffa72774000 	C:\Windows\System32\combase.dll
0x00007ffa70820000 - 0x00007ffa7084b000 	C:\Windows\SYSTEM32\Wldp.dll
0x00007ffa736a0000 - 0x00007ffa7376d000 	C:\Windows\System32\OLEAUT32.dll
0x00007ffa72300000 - 0x00007ffa723ad000 	C:\Windows\System32\SHCORE.dll
0x00007ffa727e0000 - 0x00007ffa7283b000 	C:\Windows\System32\shlwapi.dll
0x00007ffa70d70000 - 0x00007ffa70d94000 	C:\Windows\SYSTEM32\profapi.dll
0x00007ffa2e710000 - 0x00007ffa2e720000 	C:\Program Files\Android\Android Studio\jbr\bin\net.dll
0x00007ffa6c8e0000 - 0x00007ffa6c9ea000 	C:\Windows\SYSTEM32\WINHTTP.dll
0x00007ffa70560000 - 0x00007ffa705ca000 	C:\Windows\system32\mswsock.dll
0x00007ffa2de10000 - 0x00007ffa2de26000 	C:\Program Files\Android\Android Studio\jbr\bin\nio.dll
0x00007ffa2d0f0000 - 0x00007ffa2d100000 	C:\Program Files\Android\Android Studio\jbr\bin\verify.dll
0x00007ffa65120000 - 0x00007ffa65147000 	C:\Users\USUARIO\.gradle\native\1def1411415f61bf3af743bc5b6707747c0891f09f0c88961ee8f79bc544acac\windows-amd64\native-platform.dll
0x00007ffa30f90000 - 0x00007ffa31008000 	C:\Users\USUARIO\.gradle\native\0.2.7\x86_64-windows-gnu\gradle-fileevents.dll
0x00007ffa2d830000 - 0x00007ffa2d839000 	C:\Program Files\Android\Android Studio\jbr\bin\management.dll
0x00007ffa2d820000 - 0x00007ffa2d82b000 	C:\Program Files\Android\Android Studio\jbr\bin\management_ext.dll
0x00007ffa72ab0000 - 0x00007ffa72ab8000 	C:\Windows\System32\PSAPI.DLL
0x00007ffa70240000 - 0x00007ffa7027b000 	C:\Windows\SYSTEM32\IPHLPAPI.DLL
0x00007ffa71970000 - 0x00007ffa71978000 	C:\Windows\System32\NSI.dll
0x00007ffa2d840000 - 0x00007ffa2d849000 	C:\Program Files\Android\Android Studio\jbr\bin\extnet.dll
0x00007ffa70750000 - 0x00007ffa70768000 	C:\Windows\SYSTEM32\CRYPTSP.dll
0x00007ffa6fe80000 - 0x00007ffa6feb8000 	C:\Windows\system32\rsaenh.dll
0x00007ffa70d30000 - 0x00007ffa70d5e000 	C:\Windows\SYSTEM32\USERENV.dll
0x00007ffa70770000 - 0x00007ffa7077c000 	C:\Windows\SYSTEM32\CRYPTBASE.dll
0x00007ffa2d9b0000 - 0x00007ffa2d9b7000 	C:\Windows\system32\wshunix.dll

dbghelp: loaded successfully - version: 4.0.5 - missing functions: none
symbol engine: initialized successfully - sym options: 0x614 - pdb path: .;C:\Program Files\Android\Android Studio\jbr\bin;C:\Windows\SYSTEM32;C:\Program Files\Avast Software\Avast;C:\Windows\WinSxS\amd64_microsoft.windows.common-controls_6595b64144ccf1df_6.0.19041.6456_none_60b8a6cb71f64256;C:\Program Files\Android\Android Studio\jbr\bin\server;C:\Users\USUARIO\.gradle\native\1def1411415f61bf3af743bc5b6707747c0891f09f0c88961ee8f79bc544acac\windows-amd64;C:\Users\USUARIO\.gradle\native\0.2.7\x86_64-windows-gnu

VM Arguments:
jvm_args: --add-opens=java.base/java.lang=ALL-UNNAMED --add-opens=java.base/java.lang.invoke=ALL-UNNAMED --add-opens=java.base/java.util=ALL-UNNAMED --add-opens=java.prefs/java.util.prefs=ALL-UNNAMED --add-exports=jdk.compiler/com.sun.tools.javac.api=ALL-UNNAMED --add-exports=jdk.compiler/com.sun.tools.javac.util=ALL-UNNAMED --add-opens=java.base/java.util=ALL-UNNAMED --add-opens=java.prefs/java.util.prefs=ALL-UNNAMED --add-opens=java.base/java.nio.charset=ALL-UNNAMED --add-opens=java.base/java.net=ALL-UNNAMED --add-opens=java.base/java.util.concurrent.atomic=ALL-UNNAMED --add-opens=java.xml/javax.xml.namespace=ALL-UNNAMED -Xmx2048m -Dfile.encoding=UTF-8 -Duser.country=ES -Duser.language=es -Duser.variant -javaagent:C:\Users\USUARIO\.gradle\wrapper\dists\gradle-8.13-bin\5xuhj0ry160q40clulazy9h7d\gradle-8.13\lib\agents\gradle-instrumentation-agent-8.13.jar 
java_command: org.gradle.launcher.daemon.bootstrap.GradleDaemon 8.13
java_class_path (initial): C:\Users\USUARIO\.gradle\wrapper\dists\gradle-8.13-bin\5xuhj0ry160q40clulazy9h7d\gradle-8.13\lib\gradle-daemon-main-8.13.jar
Launcher Type: SUN_STANDARD

[Global flags]
     intx CICompilerCount                          = 3                                         {product} {ergonomic}
     uint ConcGCThreads                            = 2                                         {product} {ergonomic}
     uint G1ConcRefinementThreads                  = 6                                         {product} {ergonomic}
   size_t G1HeapRegionSize                         = 1048576                                   {product} {ergonomic}
    uintx GCDrainStackTargetSize                   = 64                                        {product} {ergonomic}
   size_t InitialHeapSize                          = 56623104                                  {product} {ergonomic}
   size_t MarkStackSize                            = 4194304                                   {product} {ergonomic}
   size_t MaxHeapSize                              = 2147483648                                {product} {command line}
   size_t MaxNewSize                               = 1287651328                                {product} {ergonomic}
   size_t MinHeapDeltaBytes                        = 1048576                                   {product} {ergonomic}
   size_t MinHeapSize                              = 8388608                                   {product} {ergonomic}
    uintx NonNMethodCodeHeapSize                   = 5832780                                {pd product} {ergonomic}
    uintx NonProfiledCodeHeapSize                  = 122912730                              {pd product} {ergonomic}
    uintx ProfiledCodeHeapSize                     = 122912730                              {pd product} {ergonomic}
    uintx ReservedCodeCacheSize                    = 251658240                              {pd product} {ergonomic}
     bool SegmentedCodeCache                       = true                                      {product} {ergonomic}
   size_t SoftMaxHeapSize                          = 2147483648                             {manageable} {ergonomic}
     bool UseCompressedOops                        = true                           {product lp64_product} {ergonomic}
     bool UseG1GC                                  = true                                      {product} {ergonomic}
     bool UseLargePagesIndividualAllocation        = false                                  {pd product} {ergonomic}

Logging:
Log output configuration:
 #0: stdout all=warning uptime,level,tags foldmultilines=false
 #1: stderr all=off uptime,level,tags foldmultilines=false

Environment Variables:
PATH=C:\Program Files\Common Files\Oracle\Java\javapath;C:\Windows\system32;C:\Windows;C:\Windows\System32\Wbem;C:\Windows\System32\WindowsPowerShell\v1.0\;C:\Windows\System32\OpenSSH\;C:\Program Files\Git\cmd;C:\Program Files\AutoFirma\AutoFirma;C:\Users\USUARIO\AppData\Local\Programs\Python\Launcher\;C:\Users\USUARIO\AppData\Local\Programs\Python\Python39\Scripts\;C:\Users\USUARIO\AppData\Local\Programs\Python\Python39\;C:\Users\USUARIO\AppData\Local\Programs\Python\Python310\Scripts\;C:\Users\USUARIO\AppData\Local\Programs\Python\Python310\;C:\Users\USUARIO\AppData\Local\Microsoft\WindowsApps;C:\Program Files\JetBrains\PyCharm Community Edition 2021.3.2\bin;;C:\Program Files\JetBrains\IntelliJ IDEA Community Edition 2021.3.3\bin;
USERNAME=USUARIO
OS=Windows_NT
PROCESSOR_IDENTIFIER=AMD64 Family 23 Model 96 Stepping 1, AuthenticAMD
TMP=C:\Users\USUARIO\AppData\Local\Temp
TEMP=C:\Users\USUARIO\AppData\Local\Temp




Periodic native trim disabled

JNI global refs:
JNI global refs: 27, weak refs: 1

JNI global refs memory usage: 835, weak refs: 833

Process memory usage:
Resident Set Size: 246488K (6% of 3528124K total physical memory with 96728K free physical memory)

OOME stack traces (most recent first):
Classloader memory used:
Loader org.gradle.internal.classloader.VisitableURLClassLoader                         : 40241K
Loader bootstrap                                                                       : 27494K
Loader org.gradle.internal.classloader.VisitableURLClassLoader$InstrumentingVisitableURLClassLoader: 18889K
Loader org.gradle.initialization.MixInLegacyTypesClassLoader                           : 11985K
Loader org.gradle.internal.classloader.VisitableURLClassLoader                         : 1134K
Loader jdk.internal.loader.ClassLoaders$PlatformClassLoader                            : 538K
Loader jdk.internal.reflect.DelegatingClassLoader                                      : 362K
Loader jdk.internal.loader.ClassLoaders$AppClassLoader                                 : 235K
Loader org.gradle.groovy.scripts.internal.DefaultScriptCompilationHandler$ScriptClassLoader: 91440B
Loader org.codehaus.groovy.runtime.callsite.CallSiteClassLoader                        : 49592B

Classes loaded by more than one classloader:
Class Program                                                                         : loaded 5 times (x 68B)
Class org.gradle.api.GradleException                                                  : loaded 3 times (x 78B)
Class Build_gradle$1                                                                  : loaded 3 times (x 70B)
Class Build_gradle                                                                    : loaded 3 times (x 126B)
Class kotlin.NotImplementedError                                                      : loaded 2 times (x 78B)
Class org.gradle.internal.classloader.FilteringClassLoader                            : loaded 2 times (x 101B)
Class com.google.common.base.CharMatcher$IsEither                                     : loaded 2 times (x 107B)
Class org.gradle.internal.classloader.ClassLoaderHierarchy                            : loaded 2 times (x 66B)
Class com.google.common.collect.ImmutableEnumSet                                      : loaded 2 times (x 142B)
Class com.google.common.util.concurrent.ExecutionError                                : loaded 2 times (x 78B)
Class com.google.common.collect.ImmutableList$1                                       : loaded 2 times (x 93B)
Class org.gradle.api.internal.classpath.ManifestUtil                                  : loaded 2 times (x 67B)
Class com.google.common.collect.RegularImmutableMap                                   : loaded 2 times (x 117B)
Class com.google.common.collect.ImmutableMap$MapViewOfValuesAsSingletonSets           : loaded 2 times (x 122B)
Class org.jetbrains.plugins.gradle.model.GradleExtensions                             : loaded 2 times (x 66B)
Class org.jetbrains.plugins.gradle.model.AnnotationProcessingModel                    : loaded 2 times (x 66B)
Class [Lorg.objectweb.asm.Symbol;                                                     : loaded 2 times (x 65B)
Class org.objectweb.asm.ClassVisitor                                                  : loaded 2 times (x 84B)
Class com.google.common.collect.UnmodifiableListIterator                              : loaded 2 times (x 91B)
Class org.gradle.internal.operations.MultipleBuildOperationFailures                   : loaded 2 times (x 91B)
Class org.objectweb.asm.MethodTooLargeException                                       : loaded 2 times (x 79B)
Class [Lcom.google.common.cache.CacheBuilder$OneWeigher;                              : loaded 2 times (x 65B)
Class com.google.common.base.Suppliers                                                : loaded 2 times (x 67B)
Class org.gradle.internal.classloader.DefaultClassLoaderFactory                       : loaded 2 times (x 78B)
Class kotlin.collections.AbstractList$Companion                                       : loaded 2 times (x 67B)
Class org.gradle.internal.classloader.ClassLoaderVisitor                              : loaded 2 times (x 72B)
Class [Lcom.google.common.collect.ImmutableMapEntry;                                  : loaded 2 times (x 65B)
Class org.gradle.api.internal.classpath.EffectiveClassPath                            : loaded 2 times (x 86B)
Class com.google.common.collect.ImmutableRangeSet                                     : loaded 2 times (x 111B)
Class com.google.common.collect.ListMultimap                                          : loaded 2 times (x 66B)
Class com.google.common.collect.ImmutableEnumMap                                      : loaded 2 times (x 122B)
Class org.gradle.tooling.internal.gradle.DefaultProjectIdentifier                     : loaded 2 times (x 82B)
Class com.google.common.collect.Sets$1                                                : loaded 2 times (x 135B)
Class org.objectweb.asm.AnnotationVisitor                                             : loaded 2 times (x 74B)
Class org.gradle.api.internal.DefaultClassPathProvider                                : loaded 2 times (x 72B)
Class com.google.common.collect.Sets$2                                                : loaded 2 times (x 135B)
Class [Lorg.gradle.api.internal.ClassPathProvider;                                    : loaded 2 times (x 65B)
Class org.gradle.api.internal.ClassPathProvider                                       : loaded 2 times (x 66B)
Class [Lorg.objectweb.asm.AnnotationVisitor;                                          : loaded 2 times (x 65B)
Class com.google.common.collect.Sets$3                                                : loaded 2 times (x 135B)
Class com.google.common.util.concurrent.AbstractFuture$SafeAtomicHelper               : loaded 2 times (x 75B)
Class com.google.common.cache.LocalCache$LocalLoadingCache                            : loaded 2 times (x 130B)
Class org.gradle.internal.service.UnknownServiceException                             : loaded 2 times (x 79B)
Class com.google.common.collect.Sets$4                                                : loaded 2 times (x 135B)
Class org.objectweb.asm.ModuleVisitor                                                 : loaded 2 times (x 77B)
Class com.google.common.cache.LocalCache$Strength$1                                   : loaded 2 times (x 77B)
Class org.jetbrains.kotlin.idea.gradleTooling.KotlinDslScriptAdditionalTask           : loaded 2 times (x 66B)
Class com.google.common.util.concurrent.SettableFuture                                : loaded 2 times (x 110B)
Class com.google.common.cache.LocalCache$Strength$2                                   : loaded 2 times (x 77B)
Class ijInit2_6tl7bdk7o1v0m63xsn10dg6wf                                               : loaded 2 times (x 175B)
Class com.google.common.cache.LocalCache$Strength$3                                   : loaded 2 times (x 77B)
Class com.google.common.collect.MapDifference                                         : loaded 2 times (x 66B)
Class org.objectweb.asm.FieldWriter                                                   : loaded 2 times (x 74B)
Class com.google.common.cache.CacheBuilder$NullListener                               : loaded 2 times (x 78B)
Class org.gradle.internal.classpath.TransformedClassPath                              : loaded 2 times (x 92B)
Class org.gradle.internal.classloader.InstrumentingClassLoader                        : loaded 2 times (x 66B)
Class com.google.common.collect.ImmutableRangeSet$AsSet                               : loaded 2 times (x 296B)
Class com.google.common.cache.CacheLoader$FunctionToCacheLoader                       : loaded 2 times (x 71B)
Class com.google.common.collect.Iterators$ArrayItr                                    : loaded 2 times (x 93B)
Class com.google.common.collect.ImmutableCollection$Builder                           : loaded 2 times (x 72B)
Class kotlin.enums.EnumEntriesList                                                    : loaded 2 times (x 219B)
Class com.google.common.base.Joiner                                                   : loaded 2 times (x 75B)
Class com.google.common.base.MoreObjects                                              : loaded 2 times (x 67B)
Class com.google.common.collect.Platform                                              : loaded 2 times (x 67B)
Class [Lorg.objectweb.asm.Type;                                                       : loaded 2 times (x 65B)
Class com.google.common.collect.UnmodifiableIterator                                  : loaded 2 times (x 76B)
Class org.jetbrains.kotlin.idea.gradleTooling.KotlinSourceSetContainer                : loaded 2 times (x 66B)
Class org.jetbrains.plugins.gradle.model.IntelliJSettings                             : loaded 2 times (x 66B)
Class org.gradle.internal.service.ServiceLocator                                      : loaded 2 times (x 66B)
Class com.google.common.base.Ascii                                                    : loaded 2 times (x 67B)
Class com.google.common.collect.SingletonImmutableBiMap                               : loaded 2 times (x 139B)
Class com.google.common.cache.LocalCache$1                                            : loaded 2 times (x 85B)
Class com.google.common.collect.AbstractMapEntry                                      : loaded 2 times (x 77B)
Class org.gradle.tooling.model.UnsupportedMethodException                             : loaded 2 times (x 78B)
Class com.google.common.collect.ImmutableList$Builder                                 : loaded 2 times (x 73B)
Class com.google.common.collect.AbstractMultimap                                      : loaded 2 times (x 119B)
Class com.google.common.cache.LocalCache$2                                            : loaded 2 times (x 138B)
Class com.google.common.collect.ImmutableRangeSet$1                                   : loaded 2 times (x 206B)
Class com.google.common.util.concurrent.AbstractFuture$UnsafeAtomicHelper$1           : loaded 2 times (x 72B)
Class com.google.common.collect.RegularImmutableAsList                                : loaded 2 times (x 213B)
Class com.google.common.collect.Range                                                 : loaded 2 times (x 83B)
Class com.google.common.util.concurrent.AbstractFuture$Trusted                        : loaded 2 times (x 66B)
Class com.google.common.collect.Iterators                                             : loaded 2 times (x 67B)
Class com.intellij.compose.ide.plugin.gradleTooling.rt.ComposeResourcesModel          : loaded 2 times (x 66B)
Class com.google.common.collect.Lists$StringAsImmutableList                           : loaded 2 times (x 203B)
Class com.google.common.util.concurrent.UncheckedExecutionException                   : loaded 2 times (x 78B)
Class org.gradle.kotlin.dsl.VersionCatalogAccessorsKt                                 : loaded 2 times (x 67B)
Class org.gradle.internal.InternalTransformer                                         : loaded 2 times (x 66B)
Class org.objectweb.asm.ClassWriter                                                   : loaded 2 times (x 102B)
Class com.google.common.base.CharMatcher$And                                          : loaded 2 times (x 108B)
Class com.google.common.cache.CacheLoader$UnsupportedLoadingOperationException        : loaded 2 times (x 78B)
Class org.gradle.internal.time.DefaultTimer                                           : loaded 2 times (x 76B)
Class org.gradle.internal.classloader.ClasspathUtil$1                                 : loaded 2 times (x 72B)
Class org.objectweb.asm.FieldVisitor                                                  : loaded 2 times (x 73B)
Class com.google.common.collect.IndexedImmutableSet                                   : loaded 2 times (x 148B)
Class com.google.common.collect.ImmutableMap$1                                        : loaded 2 times (x 77B)
Class com.google.common.collect.BiMap                                                 : loaded 2 times (x 66B)
Class org.gradle.api.internal.classpath.DefaultModuleRegistry$DefaultModule           : loaded 2 times (x 82B)
Class com.google.common.primitives.Ints                                               : loaded 2 times (x 67B)
Class com.google.common.collect.AbstractIterator                                      : loaded 2 times (x 78B)
Class com.google.common.collect.ObjectArrays                                          : loaded 2 times (x 67B)
Class com.google.common.collect.Multiset                                              : loaded 2 times (x 66B)
Class com.google.common.collect.ArrayListMultimapGwtSerializationDependencies         : loaded 2 times (x 168B)
Class com.google.common.collect.AbstractIndexedListIterator                           : loaded 2 times (x 92B)
Class com.google.common.math.MathPreconditions                                        : loaded 2 times (x 67B)
Class org.gradle.internal.time.DefaultCountdownTimer                                  : loaded 2 times (x 84B)
Class com.google.common.collect.ImmutableMapEntrySet                                  : loaded 2 times (x 148B)
Class org.gradle.tooling.internal.gradle.DefaultBuildIdentifier                       : loaded 2 times (x 75B)
Class kotlin.Function                                                                 : loaded 2 times (x 66B)
Class org.gradle.api.internal.classpath.Module                                        : loaded 2 times (x 66B)
Class com.google.common.cache.Weigher                                                 : loaded 2 times (x 66B)
Class org.gradle.api.internal.classpath.UnknownModuleException                        : loaded 2 times (x 78B)
Class com.google.common.base.Stopwatch                                                : loaded 2 times (x 68B)
Class com.google.common.cache.LocalCache$Strength                                     : loaded 2 times (x 77B)
Class com.google.common.cache.Cache                                                   : loaded 2 times (x 66B)
Class com.intellij.openapi.externalSystem.model.project.dependencies.ProjectDependencies: loaded 2 times (x 66B)
Class com.google.common.util.concurrent.AbstractFuture$Cancellation                   : loaded 2 times (x 68B)
Class com.google.common.collect.ImmutableMap$Builder                                  : loaded 2 times (x 78B)
Class com.google.common.cache.RemovalListener                                         : loaded 2 times (x 66B)
Class org.gradle.tooling.internal.gradle.GradleProjectIdentity                        : loaded 2 times (x 66B)
Class org.gradle.api.internal.DefaultClassPathRegistry                                : loaded 2 times (x 72B)
Class com.google.common.primitives.IntsMethodsForWeb                                  : loaded 2 times (x 67B)
Class com.google.common.collect.Multimap                                              : loaded 2 times (x 66B)
Class org.gradle.api.internal.ClassPathRegistry                                       : loaded 2 times (x 66B)
Class org.gradle.internal.classpath.DefaultClassPath$ImmutableUniqueList              : loaded 2 times (x 195B)
Class sync_studio_tooling2_3owz0my7vg4e0hypgwwrkniw1                                  : loaded 2 times (x 175B)
Class com.google.common.cache.CacheBuilder                                            : loaded 2 times (x 68B)
Class com.google.common.collect.SingletonImmutableList                                : loaded 2 times (x 203B)
Class Settings_gradle$1                                                               : loaded 2 times (x 70B)
Class org.gradle.internal.classpath.ClassPath                                         : loaded 2 times (x 66B)
Class org.gradle.api.UncheckedIOException                                             : loaded 2 times (x 78B)
Class com.google.common.collect.ImmutableList$ReverseImmutableList                    : loaded 2 times (x 205B)
Class org.objectweb.asm.SymbolTable$Entry                                             : loaded 2 times (x 70B)
Class com.google.common.collect.RegularImmutableMap$KeySet                            : loaded 2 times (x 148B)
Class org.jetbrains.kotlin.idea.gradleTooling.KotlinGradleModel                       : loaded 2 times (x 66B)
Class org.objectweb.asm.Edge                                                          : loaded 2 times (x 68B)
Class com.google.common.base.Suppliers$SupplierOfInstance                             : loaded 2 times (x 75B)
Class com.google.common.collect.Iterators$1                                           : loaded 2 times (x 77B)
Class org.gradle.tooling.model.Model                                                  : loaded 2 times (x 66B)
Class com.google.common.cache.LocalCache$ComputingValueReference                      : loaded 2 times (x 92B)
Class com.google.common.collect.SingletonImmutableSet                                 : loaded 2 times (x 142B)
Class com.google.common.collect.ImmutableMap$IteratorBasedImmutableMap                : loaded 2 times (x 122B)
Class kotlin.UninitializedPropertyAccessException                                     : loaded 2 times (x 78B)
Class com.google.common.cache.LocalCache$Segment                                      : loaded 2 times (x 150B)
Class org.jetbrains.plugins.gradle.model.IntelliJProjectSettings                      : loaded 2 times (x 66B)
Class com.google.common.collect.SortedIterable                                        : loaded 2 times (x 66B)
Class com.google.common.collect.AbstractListMultimap                                  : loaded 2 times (x 168B)
Class [Lorg.objectweb.asm.SymbolTable$Entry;                                          : loaded 2 times (x 65B)
Class com.google.common.cache.CacheLoader                                             : loaded 2 times (x 70B)
Class com.google.common.collect.Iterators$4                                           : loaded 2 times (x 78B)
Class com.google.common.collect.ImmutableBiMap                                        : loaded 2 times (x 139B)
Class org.gradle.internal.installation.GradleInstallation$1                           : loaded 2 times (x 71B)
Class org.gradle.api.internal.classpath.ModuleRegistry                                : loaded 2 times (x 66B)
Class com.google.common.util.concurrent.internal.InternalFutureFailureAccess          : loaded 2 times (x 68B)
Class com.google.common.collect.Iterators$5                                           : loaded 2 times (x 78B)
Class com.google.common.collect.ImmutableSet$JdkBackedSetBuilderImpl                  : loaded 2 times (x 72B)
Class org.jetbrains.plugins.gradle.model.VersionCatalogsModel                         : loaded 2 times (x 66B)
Class com.google.common.util.concurrent.AbstractFuture$UnsafeAtomicHelper             : loaded 2 times (x 74B)
Class com.google.common.base.CharMatcher$ForPredicate                                 : loaded 2 times (x 108B)
Class com.google.common.cache.LocalCache$LocalManualCache$1                           : loaded 2 times (x 71B)
Class com.google.common.base.CharMatcher$AnyOf                                        : loaded 2 times (x 108B)
Class com.google.common.collect.ImmutableCollection                                   : loaded 2 times (x 121B)
Class org.gradle.api.internal.classpath.DefaultModuleRegistry                         : loaded 2 times (x 82B)
Class com.google.common.collect.Lists                                                 : loaded 2 times (x 67B)
Class com.google.common.util.concurrent.ListenableFuture                              : loaded 2 times (x 66B)
Class com.google.common.cache.ReferenceEntry                                          : loaded 2 times (x 66B)
Class com.google.common.base.Converter                                                : loaded 2 times (x 86B)
Class com.google.common.collect.ImmutableSet$CachingAsList                            : loaded 2 times (x 144B)
Class com.google.common.collect.AbstractMapBasedMultimap                              : loaded 2 times (x 135B)
Class com.google.common.util.concurrent.AbstractFuture                                : loaded 2 times (x 102B)
Class com.google.common.base.FunctionalEquivalence                                    : loaded 2 times (x 79B)
Class com.google.common.collect.Iterators$9                                           : loaded 2 times (x 77B)
Class com.google.common.collect.ImmutableAsList                                       : loaded 2 times (x 205B)
Class org.objectweb.asm.RecordComponentVisitor                                        : loaded 2 times (x 73B)
Class com.google.common.cache.CacheLoader$SupplierToCacheLoader                       : loaded 2 times (x 71B)
Class com.google.common.collect.Maps$EntryTransformer                                 : loaded 2 times (x 66B)
Class org.gradle.internal.time.MonotonicClock                                         : loaded 2 times (x 73B)
Class org.gradle.internal.service.ServiceLookupException                              : loaded 2 times (x 78B)
Class com.google.common.collect.ImmutableSortedSet                                    : loaded 2 times (x 296B)
Class [Lcom.google.common.cache.LocalCache$EntryFactory;                              : loaded 2 times (x 65B)
Class org.gradle.internal.classloader.ClassLoaderFactory                              : loaded 2 times (x 66B)
Class com.google.common.base.CharMatcher$IsNot                                        : loaded 2 times (x 107B)
Class com.google.common.cache.LocalCache$LocalManualCache                             : loaded 2 times (x 95B)
Class org.gradle.internal.service.CachingServiceLocator                               : loaded 2 times (x 78B)
Class com.google.common.collect.RegularImmutableSortedSet                             : loaded 2 times (x 296B)
Class com.google.common.math.IntMath                                                  : loaded 2 times (x 67B)
Class org.jetbrains.plugins.gradle.model.RepositoryModels                             : loaded 2 times (x 66B)
Class com.google.common.collect.ImmutableMapEntry                                     : loaded 2 times (x 81B)
Class org.gradle.internal.time.TimeSource                                             : loaded 2 times (x 66B)
Class com.google.common.base.Equivalence                                              : loaded 2 times (x 78B)
Class com.google.common.base.Function                                                 : loaded 2 times (x 66B)
Class com.google.common.collect.ImmutableMapEntry$NonTerminalImmutableMapEntry        : loaded 2 times (x 81B)
Class org.gradle.tooling.internal.gradle.GradleBuildIdentity                          : loaded 2 times (x 66B)
Class kotlin.enums.EnumEntries                                                        : loaded 2 times (x 66B)
Class com.google.common.collect.IndexedImmutableSet$1                                 : loaded 2 times (x 209B)
Class com.google.common.cache.CacheBuilder$OneWeigher                                 : loaded 2 times (x 78B)
Class com.google.common.collect.RegularImmutableList                                  : loaded 2 times (x 209B)
Class org.gradle.internal.exceptions.ResolutionProvider                               : loaded 2 times (x 66B)
Class org.gradle.tooling.model.ProjectIdentifier                                      : loaded 2 times (x 66B)
Class org.gradle.internal.classloader.ClasspathUtil                                   : loaded 2 times (x 67B)
Class org.jetbrains.kotlin.tooling.core.HasExtras                                     : loaded 2 times (x 66B)
Class com.google.common.base.Charsets                                                 : loaded 2 times (x 67B)
Class com.google.common.util.concurrent.Uninterruptibles                              : loaded 2 times (x 67B)
Class com.google.common.collect.Maps                                                  : loaded 2 times (x 67B)
Class org.gradle.internal.time.TimeSource$1                                           : loaded 2 times (x 73B)
Class kotlin.jvm.internal.DefaultConstructorMarker                                    : loaded 2 times (x 67B)
Class org.gradle.api.specs.Spec                                                       : loaded 2 times (x 66B)
Class [Lcom.google.common.collect.ImmutableEntry;                                     : loaded 2 times (x 65B)
Class com.google.common.cache.LocalCache$LoadingValueReference                        : loaded 2 times (x 92B)
Class com.google.common.base.Equivalence$Identity                                     : loaded 2 times (x 78B)
Class org.gradle.internal.time.Clock                                                  : loaded 2 times (x 66B)
Class [Lorg.objectweb.asm.AnnotationWriter;                                           : loaded 2 times (x 65B)
Class com.google.common.collect.Maps$8                                                : loaded 2 times (x 78B)
Class kotlin.collections.AbstractList                                                 : loaded 2 times (x 193B)
Class kotlin.collections.AbstractCollection                                           : loaded 2 times (x 113B)
Class com.google.common.collect.ImmutableRangeSet$Builder                             : loaded 2 times (x 73B)
Class org.jetbrains.kotlin.tooling.core.Extras                                        : loaded 2 times (x 66B)
Class com.google.common.collect.Sets$SetView                                          : loaded 2 times (x 134B)
Class com.google.common.cache.LocalCache$StrongValueReference                         : loaded 2 times (x 86B)
Class com.google.common.util.concurrent.AbstractFuture$SynchronizedHelper             : loaded 2 times (x 74B)
Class org.objectweb.asm.Type                                                          : loaded 2 times (x 68B)
Class org.gradle.internal.classloader.VisitableURLClassLoader$InstrumentingVisitableURLClassLoader: loaded 2 times (x 119B)
Class org.objectweb.asm.ByteVector                                                    : loaded 2 times (x 75B)
Class [Lcom.google.common.cache.CacheBuilder$NullListener;                            : loaded 2 times (x 65B)
Class com.google.common.math.IntMath$1                                                : loaded 2 times (x 67B)
Class org.gradle.internal.classloader.VisitableURLClassLoader$Spec                    : loaded 2 times (x 70B)
Class org.gradle.internal.classpath.DefaultClassPath                                  : loaded 2 times (x 86B)
Class org.objectweb.asm.Symbol                                                        : loaded 2 times (x 69B)
Class com.google.common.base.CharMatcher$Ascii                                        : loaded 2 times (x 108B)
Class com.google.common.base.CharMatcher$BitSetMatcher                                : loaded 2 times (x 108B)
Class com.google.common.collect.RegularImmutableMap$Values                            : loaded 2 times (x 203B)
Class com.google.common.collect.ImmutableSet                                          : loaded 2 times (x 141B)
Class org.gradle.internal.classloader.ClassLoaderSpec                                 : loaded 2 times (x 67B)
Class org.objectweb.asm.AnnotationWriter                                              : loaded 2 times (x 75B)
Class com.google.common.cache.CacheStats                                              : loaded 2 times (x 67B)
Class org.objectweb.asm.RecordComponentWriter                                         : loaded 2 times (x 74B)
Class com.google.common.util.concurrent.AbstractFuture$Listener                       : loaded 2 times (x 68B)
Class com.google.common.base.CharMatcher$Or                                           : loaded 2 times (x 108B)
Class Settings_gradle$1$1                                                             : loaded 2 times (x 70B)
Class kotlin.Unit                                                                     : loaded 2 times (x 67B)
Class org.objectweb.asm.Attribute                                                     : loaded 2 times (x 73B)
Class com.google.common.base.Supplier                                                 : loaded 2 times (x 66B)
Class org.gradle.internal.classloader.VisitableURLClassLoader                         : loaded 2 times (x 113B)
Class com.google.common.util.concurrent.AbstractFuture$Waiter                         : loaded 2 times (x 68B)
Class Settings_gradle                                                                 : loaded 2 times (x 124B)
Class org.gradle.internal.Cast                                                        : loaded 2 times (x 67B)
Class org.gradle.api.Action                                                           : loaded 2 times (x 66B)
Class com.google.common.collect.Sets                                                  : loaded 2 times (x 67B)
Class org.objectweb.asm.Handler                                                       : loaded 2 times (x 68B)
Class com.google.common.base.CharMatcher$FastMatcher                                  : loaded 2 times (x 107B)
Class com.google.common.base.Ticker                                                   : loaded 2 times (x 68B)
Class kotlin.jvm.functions.Function1                                                  : loaded 2 times (x 66B)
Class [Lcom.google.common.cache.LocalCache$Segment;                                   : loaded 2 times (x 65B)
Class com.google.common.base.Predicate                                                : loaded 2 times (x 66B)
Class [Lcom.google.common.cache.LocalCache$Strength;                                  : loaded 2 times (x 65B)
Class com.google.common.cache.CacheBuilder$1                                          : loaded 2 times (x 81B)
Class com.google.common.collect.ImmutableMap                                          : loaded 2 times (x 116B)
Class org.gradle.internal.classpath.DefaultClassPath$ImmutableUniqueList$Builder      : loaded 2 times (x 71B)
Class com.google.common.collect.AbstractRangeSet                                      : loaded 2 times (x 110B)
Class com.google.common.base.CharMatcher$NegatedFastMatcher                           : loaded 2 times (x 109B)
Class com.google.common.cache.LocalCache                                              : loaded 2 times (x 183B)
Class com.google.common.cache.CacheBuilder$2                                          : loaded 2 times (x 75B)
Class com.google.common.collect.ArrayListMultimap                                     : loaded 2 times (x 168B)
Class com.google.common.cache.CacheBuilder$3                                          : loaded 2 times (x 68B)
Class [Lcom.google.common.collect.AbstractMapEntry;                                   : loaded 2 times (x 65B)
Class com.google.common.collect.ImmutableEntry                                        : loaded 2 times (x 78B)
Class com.google.common.util.concurrent.AbstractFuture$AtomicHelper                   : loaded 2 times (x 74B)
Class org.gradle.internal.exceptions.NonGradleCauseExceptionsHolder                   : loaded 2 times (x 66B)
Class com.google.common.collect.CollectPreconditions                                  : loaded 2 times (x 67B)
Class com.google.common.collect.SortedMapDifference                                   : loaded 2 times (x 66B)
Class org.jetbrains.plugins.gradle.tooling.ModelBuilderService$Parameter              : loaded 2 times (x 66B)
Class com.google.common.cache.LocalCache$EntryFactory                                 : loaded 2 times (x 79B)
Class org.jetbrains.kotlin.tooling.core.HasMutableExtras                              : loaded 2 times (x 66B)
Class com.google.common.cache.LocalCache$AbstractReferenceEntry                       : loaded 2 times (x 103B)
Class kotlin.enums.EnumEntriesKt                                                      : loaded 2 times (x 67B)
Class org.gradle.internal.IoActions                                                   : loaded 2 times (x 67B)
Class com.google.common.collect.ImmutableRangeSet$ComplementRanges                    : loaded 2 times (x 203B)
Class org.objectweb.asm.SymbolTable                                                   : loaded 2 times (x 68B)
Class com.google.common.cache.CacheLoader$InvalidCacheLoadException                   : loaded 2 times (x 78B)
Class com.google.common.collect.ImmutableSet$RegularSetBuilderImpl                    : loaded 2 times (x 73B)
Class org.gradle.internal.classloader.SystemClassLoaderSpec                           : loaded 2 times (x 67B)
Class com.google.common.cache.LocalCache$StrongEntry                                  : loaded 2 times (x 104B)
Class com.google.common.util.concurrent.AbstractFuture$TrustedFuture                  : loaded 2 times (x 110B)
Class com.google.common.cache.LoadingCache                                            : loaded 2 times (x 66B)
Class org.gradle.internal.exceptions.MultiCauseException                              : loaded 2 times (x 66B)
Class org.gradle.internal.time.CountdownTimer                                         : loaded 2 times (x 66B)
Class kotlin.jvm.internal.Intrinsics                                                  : loaded 2 times (x 67B)
Class org.objectweb.asm.MethodWriter                                                  : loaded 2 times (x 102B)
Class [Lcom.google.common.cache.Weigher;                                              : loaded 2 times (x 65B)
Class com.google.common.collect.RegularImmutableMap$BucketOverflowException           : loaded 2 times (x 78B)
Class org.gradle.tooling.model.ProjectModel                                           : loaded 2 times (x 66B)
Class kotlin.KotlinNullPointerException                                               : loaded 2 times (x 79B)
Class com.google.common.collect.RegularImmutableBiMap                                 : loaded 2 times (x 145B)
Class com.google.common.base.CharMatcher$Negated                                      : loaded 2 times (x 109B)
Class com.google.common.base.CharMatcher$Is                                           : loaded 2 times (x 107B)
Class com.google.common.cache.LocalCache$ValueReference                               : loaded 2 times (x 66B)
Class org.jetbrains.plugins.gradle.model.tests.ExternalTestsModel                     : loaded 2 times (x 66B)
Class org.gradle.internal.exceptions.DefaultMultiCauseException                       : loaded 2 times (x 91B)
Class com.google.common.util.concurrent.AbstractFuture$Failure                        : loaded 2 times (x 68B)
Class com.google.common.base.Equivalence$Equals                                       : loaded 2 times (x 78B)
Class com.google.common.collect.Hashing                                               : loaded 2 times (x 67B)
Class com.google.common.base.Preconditions                                            : loaded 2 times (x 67B)
Class com.google.common.base.Joiner$1                                                 : loaded 2 times (x 76B)
Class org.objectweb.asm.Label                                                         : loaded 2 times (x 69B)
Class org.objectweb.asm.CurrentFrame                                                  : loaded 2 times (x 69B)
Class org.objectweb.asm.ClassTooLargeException                                        : loaded 2 times (x 79B)
Class com.google.common.base.CharMatcher                                              : loaded 2 times (x 107B)
Class com.google.common.collect.PeekingIterator                                       : loaded 2 times (x 66B)
Class org.gradle.internal.time.Time                                                   : loaded 2 times (x 67B)
Class com.google.common.collect.RangeGwtSerializationDependencies                     : loaded 2 times (x 67B)
Class com.google.common.base.Joiner$2                                                 : loaded 2 times (x 75B)
Class org.objectweb.asm.Frame                                                         : loaded 2 times (x 69B)
Class org.objectweb.asm.MethodVisitor                                                 : loaded 2 times (x 101B)
Class com.google.common.base.CharMatcher$NamedFastMatcher                             : loaded 2 times (x 108B)
Class com.google.common.base.CharMatcher$1                                            : loaded 2 times (x 109B)
Class com.google.common.cache.LocalCache$EntryFactory$1                               : loaded 2 times (x 79B)
Class [Lcom.google.common.cache.RemovalListener;                                      : loaded 2 times (x 65B)
Class com.google.common.collect.RangeSet                                              : loaded 2 times (x 66B)
Class com.google.common.cache.LocalCache$EntryFactory$2                               : loaded 2 times (x 79B)
Class org.jetbrains.plugins.gradle.model.DependencyAccessorsModel                     : loaded 2 times (x 66B)
Class org.gradle.api.internal.classpath.GlobalCacheRootsProvider                      : loaded 2 times (x 66B)
Class com.google.common.collect.CollectCollectors                                     : loaded 2 times (x 67B)
Class org.objectweb.asm.ModuleWriter                                                  : loaded 2 times (x 78B)
Class com.google.common.cache.LocalCache$EntryFactory$3                               : loaded 2 times (x 79B)
Class com.google.common.base.Ticker$1                                                 : loaded 2 times (x 68B)
Class com.google.common.collect.Maps$BiMapConverter                                   : loaded 2 times (x 86B)
Class com.google.common.collect.ImmutableMapEntrySet$RegularEntrySet                  : loaded 2 times (x 148B)
Class org.jetbrains.kotlin.idea.gradleTooling.KotlinMPPGradleModel                    : loaded 2 times (x 66B)
Class org.gradle.tooling.model.BuildIdentifier                                        : loaded 2 times (x 66B)
Class com.google.common.base.CharMatcher$InRange                                      : loaded 2 times (x 107B)
Class com.google.common.cache.LocalCache$EntryFactory$4                               : loaded 2 times (x 79B)
Class com.google.common.collect.ImmutableSet$Builder                                  : loaded 2 times (x 81B)
Class org.jetbrains.kotlin.idea.gradleTooling.PrepareKotlinIdeImportTaskModel         : loaded 2 times (x 66B)
Class com.google.common.cache.LocalCache$EntryFactory$5                               : loaded 2 times (x 79B)
Class com.google.common.base.PairwiseEquivalence                                      : loaded 2 times (x 79B)
Class com.google.common.cache.LocalCache$EntryFactory$6                               : loaded 2 times (x 79B)
Class org.gradle.internal.time.Timer                                                  : loaded 2 times (x 66B)
Class kotlin.jvm.internal.markers.KMappedMarker                                       : loaded 2 times (x 66B)
Class org.gradle.internal.installation.CurrentGradleInstallationLocator               : loaded 2 times (x 67B)
Class com.google.common.cache.LocalCache$EntryFactory$7                               : loaded 2 times (x 79B)
Class com.google.common.collect.ImmutableSet$EmptySetBuilderImpl                      : loaded 2 times (x 72B)
Class com.google.common.collect.ImmutableList                                         : loaded 2 times (x 202B)
Class org.gradle.internal.service.DefaultServiceLocator                               : loaded 2 times (x 79B)
Class com.google.common.cache.LocalCache$EntryFactory$8                               : loaded 2 times (x 79B)
Class com.google.common.collect.ImmutableSet$SetBuilderImpl                           : loaded 2 times (x 72B)
Class org.gradle.util.GradleVersion                                                   : loaded 2 times (x 75B)
Class org.gradle.internal.installation.CurrentGradleInstallation                      : loaded 2 times (x 69B)
Class com.google.common.cache.CacheLoader$1                                           : loaded 2 times (x 71B)
Class com.google.common.collect.ImmutableList$SubList                                 : loaded 2 times (x 205B)
Class org.jetbrains.plugins.gradle.javaModel.JavaGradleManifestModel                  : loaded 2 times (x 66B)
Class org.gradle.util.internal.GUtil                                                  : loaded 2 times (x 67B)
Class com.google.common.util.concurrent.AbstractFuture$SetFuture                      : loaded 2 times (x 71B)
Class com.google.common.cache.AbstractCache$StatsCounter                              : loaded 2 times (x 66B)
Class com.google.common.collect.Iterators$MergingIterator                             : loaded 2 times (x 77B)
Class com.google.common.collect.RegularImmutableSet                                   : loaded 2 times (x 145B)
Class org.gradle.internal.installation.GradleInstallation                             : loaded 2 times (x 71B)
Class com.google.common.collect.Iterables                                             : loaded 2 times (x 67B)

---------------  S Y S T E M  ---------------

OS:
 Windows 10 , 64 bit Build 19041 (10.0.19041.5915)
OS uptime: 0 days 3:08 hours

CPU: total 6 (initial active 6) (6 cores per cpu, 1 threads per core) family 23 model 96 stepping 1 microcode 0x0, cx8, cmov, fxsr, mmx, 3dnowpref, sse, sse2, sse3, ssse3, sse4a, sse4.1, sse4.2, popcnt, lzcnt, tsc, tscinvbit, avx, avx2, aes, clmul, bmi1, bmi2, adx, sha, fma, vzeroupper, clflush, clflushopt, rdtscp, rdpid, f16c
Processor Information for the first 6 processors :
  Max Mhz: 2375, Current Mhz: 2375, Mhz Limit: 2375

Memory: 4k page, system-wide physical 3445M (87M free)
TotalPageFile size 14197M (AvailPageFile size 0M)
current process WorkingSet (physical memory assigned to process): 242M, peak: 249M
current process commit charge ("private bytes"): 541M, peak: 544M

vm_info: OpenJDK 64-Bit Server VM (21.0.6+-13391695-b895.109) for windows-amd64 JRE (21.0.6+-13391695-b895.109), built on 2025-04-22T21:19:17Z by "builder" with MS VC++ 16.10 / 16.11 (VS2019)

END.
