#
# There is insufficient memory for the Java Runtime Environment to continue.
# Native memory allocation (mmap) failed to map 14680064 bytes. Error detail: G1 virtual space
# Possible reasons:
#   The system is out of physical RAM or swap space
#   This process is running with CompressedOops enabled, and the Java Heap may be blocking the growth of the native heap
# Possible solutions:
#   Reduce memory load on the system
#   Increase physical memory or swap space
#   Check if swap backing store is full
#   Decrease Java heap size (-Xmx/-Xms)
#   Decrease number of Java threads
#   Decrease Java thread stack sizes (-Xss)
#   Set larger code cache with -XX:ReservedCodeCacheSize=
#   JVM is running with Unscaled Compressed Oops mode in which the Java heap is
#     placed in the first 4GB address space. The Java Heap base address is the
#     maximum limit for the native heap growth. Please use -XX:HeapBaseMinAddress
#     to set the Java Heap base and to place the Java Heap above 4GB virtual address.
# This output file may be truncated or incomplete.
#
#  Out of Memory Error (os_windows.cpp:3898), pid=8540, tid=8656
#
# JRE version: OpenJDK Runtime Environment (21.0.6) (build 21.0.6+-13391695-b895.109)
# Java VM: OpenJDK 64-Bit Server VM (21.0.6+-13391695-b895.109, mixed mode, tiered, compressed oops, compressed class ptrs, g1 gc, windows-amd64)
# No core dump will be written. Minidumps are not enabled by default on client versions of Windows
#

---------------  S U M M A R Y ------------

Command Line: --add-opens=java.base/java.lang=ALL-UNNAMED --add-opens=java.base/java.lang.invoke=ALL-UNNAMED --add-opens=java.base/java.util=ALL-UNNAMED --add-opens=java.prefs/java.util.prefs=ALL-UNNAMED --add-exports=jdk.compiler/com.sun.tools.javac.api=ALL-UNNAMED --add-exports=jdk.compiler/com.sun.tools.javac.util=ALL-UNNAMED --add-opens=java.base/java.util=ALL-UNNAMED --add-opens=java.prefs/java.util.prefs=ALL-UNNAMED --add-opens=java.base/java.nio.charset=ALL-UNNAMED --add-opens=java.base/java.net=ALL-UNNAMED --add-opens=java.base/java.util.concurrent.atomic=ALL-UNNAMED --add-opens=java.xml/javax.xml.namespace=ALL-UNNAMED -Xmx2048m -Dfile.encoding=UTF-8 -Duser.country=ES -Duser.language=es -Duser.variant -javaagent:C:\Users\USUARIO\.gradle\wrapper\dists\gradle-8.13-bin\5xuhj0ry160q40clulazy9h7d\gradle-8.13\lib\agents\gradle-instrumentation-agent-8.13.jar org.gradle.launcher.daemon.bootstrap.GradleDaemon 8.13

Host: AMD Ryzen 5 4500U with Radeon Graphics         , 6 cores, 3G,  Windows 10 , 64 bit Build 19041 (10.0.19041.5915)
Time: Tue Dec 23 10:45:24 2025 Hora estándar romance elapsed time: 38.407919 seconds (0d 0h 0m 38s)

---------------  T H R E A D  ---------------

Current thread (0x000001762adada50):  VMThread "VM Thread"          [id=8656, stack(0x0000005dc3d00000,0x0000005dc3e00000) (1024K)]

Stack: [0x0000005dc3d00000,0x0000005dc3e00000]
Native frames: (J=compiled Java code, j=interpreted, Vv=VM code, C=native code)
V  [jvm.dll+0x6d0639]
V  [jvm.dll+0x85eb03]
V  [jvm.dll+0x86105e]
V  [jvm.dll+0x861743]
V  [jvm.dll+0x27e6e6]
V  [jvm.dll+0x6ccfd5]
V  [jvm.dll+0x6c0a8a]
V  [jvm.dll+0x35537b]
V  [jvm.dll+0x35cfd6]
V  [jvm.dll+0x3aef86]
V  [jvm.dll+0x3af258]
V  [jvm.dll+0x327a2c]
V  [jvm.dll+0x32a436]
V  [jvm.dll+0x33438d]
V  [jvm.dll+0x36ba15]
V  [jvm.dll+0x8674c8]
V  [jvm.dll+0x868844]
V  [jvm.dll+0x868d80]
V  [jvm.dll+0x869013]
V  [jvm.dll+0x806ed8]
V  [jvm.dll+0x6cef0d]
C  [ucrtbase.dll+0x21bb2]
C  [KERNEL32.DLL+0x17374]
C  [ntdll.dll+0x4cc91]

VM_Operation (0x0000005dc38ff980): G1PauseRemark, mode: safepoint, requested by thread 0x0000017613b8d060


---------------  P R O C E S S  ---------------

Threads class SMR info:
_java_thread_list=0x000001763448e850, length=83, elements={
0x00000176119233a0, 0x000001762f02fe10, 0x000001762ade80e0, 0x000001762adeb170,
0x000001762adebbc0, 0x000001762adec610, 0x000001762aded800, 0x000001762f01a400,
0x000001762f01e390, 0x000001762f17ad80, 0x000001762f1799d0, 0x000001762f17a060,
0x0000017630b97890, 0x0000017630b96b70, 0x0000017630b95130, 0x0000017630b92340,
0x0000017630b98c40, 0x0000017630b929d0, 0x0000017630b985b0, 0x0000017630b97f20,
0x0000017630b91cb0, 0x0000017630b97200, 0x0000017630b93060, 0x0000017630b936f0,
0x0000017630b95e50, 0x0000017630b992d0, 0x0000017630b957c0, 0x0000017630b93d80,
0x0000017630b94410, 0x0000017630b964e0, 0x0000017630b94aa0, 0x00000176316833b0,
0x00000176316812e0, 0x00000176316840d0, 0x0000017631681970, 0x000001763167eb80,
0x0000017631682000, 0x0000017631682690, 0x0000017631682d20, 0x0000017631684df0,
0x0000017631683a40, 0x0000017631685480, 0x0000017631685b10, 0x000001763167f210,
0x000001763167f8a0, 0x00000176316805c0, 0x000001762f17a6f0, 0x000001763290c950,
0x00000176329094d0, 0x000001763290c2c0, 0x0000017632907400, 0x000001763290bc30,
0x0000017632909b60, 0x000001763290a880, 0x000001763290a1f0, 0x000001763290af10,
0x000001763290b5a0, 0x00000176329e1dd0, 0x00000176329e3810, 0x00000176329e3ea0,
0x00000176329e4bc0, 0x00000176329e2460, 0x00000176329ddc30, 0x00000176329e4530,
0x00000176329e10b0, 0x00000176329df670, 0x00000176329dfd00, 0x00000176329e0a20,
0x0000017632906050, 0x000001763290d670, 0x00000176329066e0, 0x0000017632908120,
0x00000176329087b0, 0x0000017633cfeeb0, 0x0000017633cfcde0, 0x0000017633d00f80,
0x0000017633cfc750, 0x0000017633cfdb00, 0x0000017633cfd470, 0x0000017633d01610,
0x0000017633d01ca0, 0x0000017633cfc0c0, 0x0000017633d029c0
}

Java Threads: ( => current thread )
  0x00000176119233a0 JavaThread "main"                              [_thread_blocked, id=11004, stack(0x0000005dc3600000,0x0000005dc3700000) (1024K)]
  0x000001762f02fe10 JavaThread "Reference Handler"          daemon [_thread_blocked, id=9060, stack(0x0000005dc3e00000,0x0000005dc3f00000) (1024K)]
  0x000001762ade80e0 JavaThread "Finalizer"                  daemon [_thread_blocked, id=6768, stack(0x0000005dc3f00000,0x0000005dc4000000) (1024K)]
  0x000001762adeb170 JavaThread "Signal Dispatcher"          daemon [_thread_blocked, id=8500, stack(0x0000005dc4000000,0x0000005dc4100000) (1024K)]
  0x000001762adebbc0 JavaThread "Attach Listener"            daemon [_thread_blocked, id=900, stack(0x0000005dc4100000,0x0000005dc4200000) (1024K)]
  0x000001762adec610 JavaThread "Service Thread"             daemon [_thread_blocked, id=11140, stack(0x0000005dc4200000,0x0000005dc4300000) (1024K)]
  0x000001762aded800 JavaThread "Monitor Deflation Thread"   daemon [_thread_blocked, id=4676, stack(0x0000005dc4300000,0x0000005dc4400000) (1024K)]
  0x000001762f01a400 JavaThread "C2 CompilerThread0"         daemon [_thread_blocked, id=8648, stack(0x0000005dc4400000,0x0000005dc4500000) (1024K)]
  0x000001762f01e390 JavaThread "C1 CompilerThread0"         daemon [_thread_blocked, id=2156, stack(0x0000005dc4500000,0x0000005dc4600000) (1024K)]
  0x000001762f17ad80 JavaThread "Common-Cleaner"             daemon [_thread_blocked, id=568, stack(0x0000005dc4600000,0x0000005dc4700000) (1024K)]
  0x000001762f1799d0 JavaThread "Notification Thread"        daemon [_thread_blocked, id=3392, stack(0x0000005dc4700000,0x0000005dc4800000) (1024K)]
  0x000001762f17a060 JavaThread "Daemon health stats"               [_thread_blocked, id=8916, stack(0x0000005dc4d00000,0x0000005dc4e00000) (1024K)]
  0x0000017630b97890 JavaThread "Incoming local TCP Connector on port 65486"        [_thread_in_native, id=4212, stack(0x0000005dc4e00000,0x0000005dc4f00000) (1024K)]
  0x0000017630b96b70 JavaThread "Daemon periodic checks"            [_thread_blocked, id=1128, stack(0x0000005dc4f00000,0x0000005dc5000000) (1024K)]
  0x0000017630b95130 JavaThread "Daemon"                            [_thread_blocked, id=9524, stack(0x0000005dc5000000,0x0000005dc5100000) (1024K)]
  0x0000017630b92340 JavaThread "Handler for socket connection from /127.0.0.1:65486 to /127.0.0.1:65487"        [_thread_in_native, id=10552, stack(0x0000005dc5100000,0x0000005dc5200000) (1024K)]
  0x0000017630b98c40 JavaThread "Cancel handler"                    [_thread_blocked, id=11592, stack(0x0000005dc5200000,0x0000005dc5300000) (1024K)]
  0x0000017630b929d0 JavaThread "Daemon worker"                     [_thread_blocked, id=8584, stack(0x0000005dc5300000,0x0000005dc5400000) (1024K)]
  0x0000017630b985b0 JavaThread "Asynchronous log dispatcher for DefaultDaemonConnection: socket connection from /127.0.0.1:65486 to /127.0.0.1:65487"        [_thread_blocked, id=10732, stack(0x0000005dc5400000,0x0000005dc5500000) (1024K)]
  0x0000017630b97f20 JavaThread "Stdin handler"                     [_thread_blocked, id=8004, stack(0x0000005dc5500000,0x0000005dc5600000) (1024K)]
  0x0000017630b91cb0 JavaThread "Daemon client event forwarder"        [_thread_blocked, id=11892, stack(0x0000005dc5600000,0x0000005dc5700000) (1024K)]
  0x0000017630b97200 JavaThread "Cache worker for journal cache (C:\Users\USUARIO\.gradle\caches\journal-1)"        [_thread_blocked, id=5988, stack(0x0000005dc5800000,0x0000005dc5900000) (1024K)]
  0x0000017630b93060 JavaThread "File lock request listener"        [_thread_in_native, id=552, stack(0x0000005dc5900000,0x0000005dc5a00000) (1024K)]
  0x0000017630b936f0 JavaThread "Cache worker for file hash cache (C:\Users\USUARIO\.gradle\caches\8.13\fileHashes)"        [_thread_blocked, id=9412, stack(0x0000005dc5a00000,0x0000005dc5b00000) (1024K)]
  0x0000017630b95e50 JavaThread "Cache worker for file hash cache (C:\Users\USUARIO\Desktop\PROGRAMACION\AsuntosInstitucionalesInmemorial\.gradle\8.13\fileHashes)"        [_thread_blocked, id=2384, stack(0x0000005dc5b00000,0x0000005dc5c00000) (1024K)]
  0x0000017630b992d0 JavaThread "Cache worker for Build Output Cleanup Cache (C:\Users\USUARIO\Desktop\PROGRAMACION\AsuntosInstitucionalesInmemorial\.gradle\buildOutputCleanup)"        [_thread_blocked, id=9356, stack(0x0000005dc5c00000,0x0000005dc5d00000) (1024K)]
  0x0000017630b957c0 JavaThread "File watcher server"        daemon [_thread_in_native, id=9300, stack(0x0000005dc5d00000,0x0000005dc5e00000) (1024K)]
  0x0000017630b93d80 JavaThread "File watcher consumer"      daemon [_thread_blocked, id=3760, stack(0x0000005dc5e00000,0x0000005dc5f00000) (1024K)]
  0x0000017630b94410 JavaThread "jar transforms"                    [_thread_blocked, id=344, stack(0x0000005dc5f00000,0x0000005dc6000000) (1024K)]
  0x0000017630b964e0 JavaThread "jar transforms Thread 2"           [_thread_blocked, id=8196, stack(0x0000005dc6000000,0x0000005dc6100000) (1024K)]
  0x0000017630b94aa0 JavaThread "jar transforms Thread 3"           [_thread_blocked, id=8532, stack(0x0000005dc6100000,0x0000005dc6200000) (1024K)]
  0x00000176316833b0 JavaThread "jar transforms Thread 4"           [_thread_blocked, id=5900, stack(0x0000005dc6200000,0x0000005dc6300000) (1024K)]
  0x00000176316812e0 JavaThread "jar transforms Thread 5"           [_thread_blocked, id=6012, stack(0x0000005dc6300000,0x0000005dc6400000) (1024K)]
  0x00000176316840d0 JavaThread "jar transforms Thread 6"           [_thread_blocked, id=12044, stack(0x0000005dc6400000,0x0000005dc6500000) (1024K)]
  0x0000017631681970 JavaThread "Cache worker for checksums cache (C:\Users\USUARIO\Desktop\PROGRAMACION\AsuntosInstitucionalesInmemorial\.gradle\8.13\checksums)"        [_thread_blocked, id=9320, stack(0x0000005dc6500000,0x0000005dc6600000) (1024K)]
  0x000001763167eb80 JavaThread "Cache worker for file content cache (C:\Users\USUARIO\.gradle\caches\8.13\fileContent)"        [_thread_blocked, id=1856, stack(0x0000005dc6600000,0x0000005dc6700000) (1024K)]
  0x0000017631682000 JavaThread "Cache worker for cache directory md-supplier (C:\Users\USUARIO\.gradle\caches\8.13\md-supplier)"        [_thread_blocked, id=7624, stack(0x0000005dc6700000,0x0000005dc6800000) (1024K)]
  0x0000017631682690 JavaThread "Cache worker for cache directory md-rule (C:\Users\USUARIO\.gradle\caches\8.13\md-rule)"        [_thread_blocked, id=2320, stack(0x0000005dc6800000,0x0000005dc6900000) (1024K)]
  0x0000017631682d20 JavaThread "Unconstrained build operations"        [_thread_blocked, id=9396, stack(0x0000005dc6900000,0x0000005dc6a00000) (1024K)]
  0x0000017631684df0 JavaThread "Unconstrained build operations Thread 2"        [_thread_blocked, id=11556, stack(0x0000005dc6a00000,0x0000005dc6b00000) (1024K)]
  0x0000017631683a40 JavaThread "Unconstrained build operations Thread 3"        [_thread_blocked, id=296, stack(0x0000005dc6b00000,0x0000005dc6c00000) (1024K)]
  0x0000017631685480 JavaThread "Unconstrained build operations Thread 4"        [_thread_blocked, id=10808, stack(0x0000005dc6c00000,0x0000005dc6d00000) (1024K)]
  0x0000017631685b10 JavaThread "Unconstrained build operations Thread 5"        [_thread_blocked, id=8360, stack(0x0000005dc6d00000,0x0000005dc6e00000) (1024K)]
  0x000001763167f210 JavaThread "Unconstrained build operations Thread 6"        [_thread_blocked, id=7916, stack(0x0000005dc6e00000,0x0000005dc6f00000) (1024K)]
  0x000001763167f8a0 JavaThread "Unconstrained build operations Thread 7"        [_thread_blocked, id=11464, stack(0x0000005dc6f00000,0x0000005dc7000000) (1024K)]
  0x00000176316805c0 JavaThread "Unconstrained build operations Thread 8"        [_thread_blocked, id=9980, stack(0x0000005dc7000000,0x0000005dc7100000) (1024K)]
  0x000001762f17a6f0 JavaThread "Unconstrained build operations Thread 9"        [_thread_blocked, id=2100, stack(0x0000005dc7100000,0x0000005dc7200000) (1024K)]
  0x000001763290c950 JavaThread "Unconstrained build operations Thread 10"        [_thread_blocked, id=11300, stack(0x0000005dc7200000,0x0000005dc7300000) (1024K)]
  0x00000176329094d0 JavaThread "Unconstrained build operations Thread 11"        [_thread_blocked, id=8448, stack(0x0000005dc7300000,0x0000005dc7400000) (1024K)]
  0x000001763290c2c0 JavaThread "Unconstrained build operations Thread 12"        [_thread_blocked, id=8760, stack(0x0000005dc7400000,0x0000005dc7500000) (1024K)]
  0x0000017632907400 JavaThread "Unconstrained build operations Thread 13"        [_thread_blocked, id=3888, stack(0x0000005dc7500000,0x0000005dc7600000) (1024K)]
  0x000001763290bc30 JavaThread "Unconstrained build operations Thread 14"        [_thread_blocked, id=3656, stack(0x0000005dc7600000,0x0000005dc7700000) (1024K)]
  0x0000017632909b60 JavaThread "Unconstrained build operations Thread 15"        [_thread_blocked, id=8012, stack(0x0000005dc7700000,0x0000005dc7800000) (1024K)]
  0x000001763290a880 JavaThread "Unconstrained build operations Thread 16"        [_thread_blocked, id=10512, stack(0x0000005dc7800000,0x0000005dc7900000) (1024K)]
  0x000001763290a1f0 JavaThread "Unconstrained build operations Thread 17"        [_thread_blocked, id=6096, stack(0x0000005dc7900000,0x0000005dc7a00000) (1024K)]
  0x000001763290af10 JavaThread "Unconstrained build operations Thread 18"        [_thread_blocked, id=10388, stack(0x0000005dc7a00000,0x0000005dc7b00000) (1024K)]
  0x000001763290b5a0 JavaThread "Unconstrained build operations Thread 19"        [_thread_blocked, id=8568, stack(0x0000005dc7b00000,0x0000005dc7c00000) (1024K)]
  0x00000176329e1dd0 JavaThread "Unconstrained build operations Thread 20"        [_thread_blocked, id=11488, stack(0x0000005dc7c00000,0x0000005dc7d00000) (1024K)]
  0x00000176329e3810 JavaThread "Unconstrained build operations Thread 21"        [_thread_blocked, id=10268, stack(0x0000005dc7d00000,0x0000005dc7e00000) (1024K)]
  0x00000176329e3ea0 JavaThread "Unconstrained build operations Thread 22"        [_thread_blocked, id=7540, stack(0x0000005dc7e00000,0x0000005dc7f00000) (1024K)]
  0x00000176329e4bc0 JavaThread "Unconstrained build operations Thread 23"        [_thread_blocked, id=8904, stack(0x0000005dc7f00000,0x0000005dc8000000) (1024K)]
  0x00000176329e2460 JavaThread "Unconstrained build operations Thread 24"        [_thread_blocked, id=5392, stack(0x0000005dc8000000,0x0000005dc8100000) (1024K)]
  0x00000176329ddc30 JavaThread "Unconstrained build operations Thread 25"        [_thread_blocked, id=11576, stack(0x0000005dc8100000,0x0000005dc8200000) (1024K)]
  0x00000176329e4530 JavaThread "Unconstrained build operations Thread 26"        [_thread_blocked, id=9648, stack(0x0000005dc8200000,0x0000005dc8300000) (1024K)]
  0x00000176329e10b0 JavaThread "Unconstrained build operations Thread 27"        [_thread_blocked, id=2308, stack(0x0000005dc8300000,0x0000005dc8400000) (1024K)]
  0x00000176329df670 JavaThread "Unconstrained build operations Thread 28"        [_thread_blocked, id=11924, stack(0x0000005dc8400000,0x0000005dc8500000) (1024K)]
  0x00000176329dfd00 JavaThread "Unconstrained build operations Thread 29"        [_thread_blocked, id=6296, stack(0x0000005dc8500000,0x0000005dc8600000) (1024K)]
  0x00000176329e0a20 JavaThread "Unconstrained build operations Thread 30"        [_thread_blocked, id=11504, stack(0x0000005dc8600000,0x0000005dc8700000) (1024K)]
  0x0000017632906050 JavaThread "Unconstrained build operations Thread 31"        [_thread_blocked, id=11608, stack(0x0000005dc8700000,0x0000005dc8800000) (1024K)]
  0x000001763290d670 JavaThread "Unconstrained build operations Thread 32"        [_thread_blocked, id=10108, stack(0x0000005dc8800000,0x0000005dc8900000) (1024K)]
  0x00000176329066e0 JavaThread "Unconstrained build operations Thread 33"        [_thread_blocked, id=9352, stack(0x0000005dc8900000,0x0000005dc8a00000) (1024K)]
  0x0000017632908120 JavaThread "Unconstrained build operations Thread 34"        [_thread_blocked, id=7604, stack(0x0000005dc8a00000,0x0000005dc8b00000) (1024K)]
  0x00000176329087b0 JavaThread "Unconstrained build operations Thread 35"        [_thread_blocked, id=12036, stack(0x0000005dc8b00000,0x0000005dc8c00000) (1024K)]
  0x0000017633cfeeb0 JavaThread "Unconstrained build operations Thread 36"        [_thread_blocked, id=3788, stack(0x0000005dc8c00000,0x0000005dc8d00000) (1024K)]
  0x0000017633cfcde0 JavaThread "Unconstrained build operations Thread 37"        [_thread_blocked, id=1784, stack(0x0000005dc8d00000,0x0000005dc8e00000) (1024K)]
  0x0000017633d00f80 JavaThread "Unconstrained build operations Thread 38"        [_thread_blocked, id=9992, stack(0x0000005dc8e00000,0x0000005dc8f00000) (1024K)]
  0x0000017633cfc750 JavaThread "Unconstrained build operations Thread 39"        [_thread_blocked, id=5780, stack(0x0000005dc8f00000,0x0000005dc9000000) (1024K)]
  0x0000017633cfdb00 JavaThread "Unconstrained build operations Thread 40"        [_thread_blocked, id=8108, stack(0x0000005dc9000000,0x0000005dc9100000) (1024K)]
  0x0000017633cfd470 JavaThread "Unconstrained build operations Thread 41"        [_thread_blocked, id=11500, stack(0x0000005dc9100000,0x0000005dc9200000) (1024K)]
  0x0000017633d01610 JavaThread "Unconstrained build operations Thread 42"        [_thread_blocked, id=12152, stack(0x0000005dc9200000,0x0000005dc9300000) (1024K)]
  0x0000017633d01ca0 JavaThread "Unconstrained build operations Thread 43"        [_thread_blocked, id=5332, stack(0x0000005dc9300000,0x0000005dc9400000) (1024K)]
  0x0000017633cfc0c0 JavaThread "Unconstrained build operations Thread 44"        [_thread_blocked, id=2180, stack(0x0000005dc9400000,0x0000005dc9500000) (1024K)]
  0x0000017633d029c0 JavaThread "Memory manager"                    [_thread_blocked, id=3704, stack(0x0000005dc9500000,0x0000005dc9600000) (1024K)]
Total: 83

Other Threads:
=>0x000001762adada50 VMThread "VM Thread"                           [id=8656, stack(0x0000005dc3d00000,0x0000005dc3e00000) (1024K)]
  0x000001762ad16d60 WatcherThread "VM Periodic Task Thread"        [id=2936, stack(0x0000005dc3c00000,0x0000005dc3d00000) (1024K)]
  0x0000017613b7bfa0 WorkerThread "GC Thread#0"                     [id=11964, stack(0x0000005dc3700000,0x0000005dc3800000) (1024K)]
  0x000001762f472ea0 WorkerThread "GC Thread#1"                     [id=7996, stack(0x0000005dc4800000,0x0000005dc4900000) (1024K)]
  0x000001762f3ce0c0 WorkerThread "GC Thread#2"                     [id=1092, stack(0x0000005dc4900000,0x0000005dc4a00000) (1024K)]
  0x000001762fd66560 WorkerThread "GC Thread#3"                     [id=11428, stack(0x0000005dc4a00000,0x0000005dc4b00000) (1024K)]
  0x000001763003c980 WorkerThread "GC Thread#4"                     [id=12088, stack(0x0000005dc4b00000,0x0000005dc4c00000) (1024K)]
  0x0000017630aee060 WorkerThread "GC Thread#5"                     [id=4292, stack(0x0000005dc4c00000,0x0000005dc4d00000) (1024K)]
  0x0000017613b8d060 ConcurrentGCThread "G1 Main Marker"            [id=11764, stack(0x0000005dc3800000,0x0000005dc3900000) (1024K)]
  0x0000017613b8e1a0 WorkerThread "G1 Conc#0"                       [id=6748, stack(0x0000005dc3900000,0x0000005dc3a00000) (1024K)]
  0x000001762f0a2380 WorkerThread "G1 Conc#1"                       [id=11220, stack(0x0000005dc5700000,0x0000005dc5800000) (1024K)]
  0x0000017613bebda0 ConcurrentGCThread "G1 Refine#0"               [id=3252, stack(0x0000005dc3a00000,0x0000005dc3b00000) (1024K)]
  0x0000017613bec7b0 ConcurrentGCThread "G1 Service"                [id=2908, stack(0x0000005dc3b00000,0x0000005dc3c00000) (1024K)]
Total: 13

Threads with active compile tasks:
C2 CompilerThread0  38497 10125       4       java.lang.ClassLoader::preDefineClass (118 bytes)
Total: 1

VM state: at safepoint (normal execution)

VM Mutex/Monitor currently owned by a thread:  ([mutex/lock_event])
[0x00007ffa152de3a0] Threads_lock - owner thread: 0x000001762adada50
[0x00007ffa152de4a0] Heap_lock - owner thread: 0x0000017613b8d060

Heap address: 0x0000000080000000, size: 2048 MB, Compressed Oops mode: 32-bit

CDS archive(s) not mapped
Compressed class space mapped at: 0x0000000100000000-0x0000000140000000, reserved size: 1073741824
Narrow klass base: 0x0000000000000000, Narrow klass shift: 3, Narrow klass range: 0x140000000

GC Precious Log:
 CardTable entry size: 512
 Card Set container configuration: InlinePtr #cards 5 size 8 Array Of Cards #cards 12 size 40 Howl #buckets 4 coarsen threshold 1843 Howl Bitmap #cards 512 size 80 coarsen threshold 460 Card regions per heap region 1 cards per card region 2048
 CPUs: 6 total, 6 available
 Memory: 3445M
 Large Page Support: Disabled
 NUMA Support: Disabled
 Compressed Oops: Enabled (32-bit)
 Heap Region Size: 1M
 Heap Min Capacity: 8M
 Heap Initial Capacity: 54M
 Heap Max Capacity: 2G
 Pre-touch: Disabled
 Parallel Workers: 6
 Concurrent Workers: 2
 Concurrent Refinement Workers: 6
 Periodic GC: Disabled

Heap:
 garbage-first heap   total 218112K, used 152009K [0x0000000080000000, 0x0000000100000000)
  region size 1024K, 18 young (18432K), 4 survivors (4096K)
 Metaspace       used 86277K, committed 88384K, reserved 1179648K
  class space    used 11479K, committed 12544K, reserved 1048576K

Heap Regions: E=young(eden), S=young(survivor), O=old, HS=humongous(starts), HC=humongous(continues), CS=collection set, F=free, TAMS=top-at-mark-start, PB=parsable bottom
|   0|0x0000000080000000, 0x0000000080100000, 0x0000000080100000|100%|HS|  |TAMS 0x0000000080100000| PB 0x0000000080000000| Complete 
|   1|0x0000000080100000, 0x0000000080200000, 0x0000000080200000|100%|HC|  |TAMS 0x0000000080200000| PB 0x0000000080100000| Complete 
|   2|0x0000000080200000, 0x0000000080300000, 0x0000000080300000|100%|HC|  |TAMS 0x0000000080300000| PB 0x0000000080200000| Complete 
|   3|0x0000000080300000, 0x0000000080400000, 0x0000000080400000|100%| O|  |TAMS 0x0000000080400000| PB 0x0000000080400000| Untracked 
|   4|0x0000000080400000, 0x0000000080500000, 0x0000000080500000|100%| O|  |TAMS 0x0000000080500000| PB 0x0000000080500000| Untracked 
|   5|0x0000000080500000, 0x0000000080600000, 0x0000000080600000|100%| O|  |TAMS 0x0000000080600000| PB 0x0000000080600000| Untracked 
|   6|0x0000000080600000, 0x0000000080700000, 0x0000000080700000|100%| O|  |TAMS 0x0000000080700000| PB 0x0000000080700000| Untracked 
|   7|0x0000000080700000, 0x0000000080800000, 0x0000000080800000|100%| O|  |TAMS 0x0000000080800000| PB 0x0000000080800000| Untracked 
|   8|0x0000000080800000, 0x0000000080900000, 0x0000000080900000|100%| O|  |TAMS 0x0000000080900000| PB 0x0000000080900000| Untracked 
|   9|0x0000000080900000, 0x0000000080a00000, 0x0000000080a00000|100%| O|  |TAMS 0x0000000080a00000| PB 0x0000000080a00000| Untracked 
|  10|0x0000000080a00000, 0x0000000080b00000, 0x0000000080b00000|100%| O|  |TAMS 0x0000000080b00000| PB 0x0000000080b00000| Updating 
|  11|0x0000000080b00000, 0x0000000080c00000, 0x0000000080c00000|100%|HS|  |TAMS 0x0000000080c00000| PB 0x0000000080b00000| Complete 
|  12|0x0000000080c00000, 0x0000000080d00000, 0x0000000080d00000|100%| O|  |TAMS 0x0000000080d00000| PB 0x0000000080d00000| Untracked 
|  13|0x0000000080d00000, 0x0000000080e00000, 0x0000000080e00000|100%| O|  |TAMS 0x0000000080e00000| PB 0x0000000080e00000| Untracked 
|  14|0x0000000080e00000, 0x0000000080f00000, 0x0000000080f00000|100%| O|  |TAMS 0x0000000080f00000| PB 0x0000000080f00000| Untracked 
|  15|0x0000000080f00000, 0x0000000081000000, 0x0000000081000000|100%| O|  |TAMS 0x0000000081000000| PB 0x0000000081000000| Untracked 
|  16|0x0000000081000000, 0x0000000081100000, 0x0000000081100000|100%| O|  |TAMS 0x0000000081100000| PB 0x0000000081100000| Updating 
|  17|0x0000000081100000, 0x0000000081200000, 0x0000000081200000|100%| O|  |TAMS 0x0000000081200000| PB 0x0000000081200000| Untracked 
|  18|0x0000000081200000, 0x0000000081300000, 0x0000000081300000|100%| O|  |TAMS 0x0000000081300000| PB 0x0000000081300000| Untracked 
|  19|0x0000000081300000, 0x0000000081400000, 0x0000000081400000|100%| O|  |TAMS 0x0000000081400000| PB 0x0000000081400000| Untracked 
|  20|0x0000000081400000, 0x0000000081500000, 0x0000000081500000|100%| O|  |TAMS 0x0000000081500000| PB 0x0000000081500000| Untracked 
|  21|0x0000000081500000, 0x0000000081600000, 0x0000000081600000|100%| O|  |TAMS 0x0000000081600000| PB 0x0000000081600000| Untracked 
|  22|0x0000000081600000, 0x0000000081700000, 0x0000000081700000|100%| O|  |TAMS 0x0000000081700000| PB 0x0000000081700000| Untracked 
|  23|0x0000000081700000, 0x0000000081800000, 0x0000000081800000|100%| O|  |TAMS 0x0000000081800000| PB 0x0000000081800000| Updating 
|  24|0x0000000081800000, 0x0000000081900000, 0x0000000081900000|100%|HS|  |TAMS 0x0000000081900000| PB 0x0000000081800000| Complete 
|  25|0x0000000081900000, 0x0000000081a00000, 0x0000000081a00000|100%|HC|  |TAMS 0x0000000081a00000| PB 0x0000000081900000| Complete 
|  26|0x0000000081a00000, 0x0000000081b00000, 0x0000000081b00000|100%|HC|  |TAMS 0x0000000081b00000| PB 0x0000000081a00000| Complete 
|  27|0x0000000081b00000, 0x0000000081c00000, 0x0000000081c00000|100%|HC|  |TAMS 0x0000000081c00000| PB 0x0000000081b00000| Complete 
|  28|0x0000000081c00000, 0x0000000081d00000, 0x0000000081d00000|100%|HC|  |TAMS 0x0000000081d00000| PB 0x0000000081c00000| Complete 
|  29|0x0000000081d00000, 0x0000000081e00000, 0x0000000081e00000|100%|HC|  |TAMS 0x0000000081e00000| PB 0x0000000081d00000| Complete 
|  30|0x0000000081e00000, 0x0000000081f00000, 0x0000000081f00000|100%|HS|  |TAMS 0x0000000081f00000| PB 0x0000000081e00000| Complete 
|  31|0x0000000081f00000, 0x0000000082000000, 0x0000000082000000|100%|HS|  |TAMS 0x0000000082000000| PB 0x0000000081f00000| Complete 
|  32|0x0000000082000000, 0x0000000082100000, 0x0000000082100000|100%|HC|  |TAMS 0x0000000082100000| PB 0x0000000082000000| Complete 
|  33|0x0000000082100000, 0x0000000082200000, 0x0000000082200000|100%|HC|  |TAMS 0x0000000082200000| PB 0x0000000082100000| Complete 
|  34|0x0000000082200000, 0x0000000082300000, 0x0000000082300000|100%|HC|  |TAMS 0x0000000082300000| PB 0x0000000082200000| Complete 
|  35|0x0000000082300000, 0x0000000082400000, 0x0000000082400000|100%|HS|  |TAMS 0x0000000082400000| PB 0x0000000082300000| Complete 
|  36|0x0000000082400000, 0x0000000082500000, 0x0000000082500000|100%|HC|  |TAMS 0x0000000082500000| PB 0x0000000082400000| Complete 
|  37|0x0000000082500000, 0x0000000082600000, 0x0000000082600000|100%|HS|  |TAMS 0x0000000082600000| PB 0x0000000082500000| Complete 
|  38|0x0000000082600000, 0x0000000082700000, 0x0000000082700000|100%|HS|  |TAMS 0x0000000082700000| PB 0x0000000082600000| Complete 
|  39|0x0000000082700000, 0x0000000082800000, 0x0000000082800000|100%|HC|  |TAMS 0x0000000082800000| PB 0x0000000082700000| Complete 
|  40|0x0000000082800000, 0x0000000082900000, 0x0000000082900000|100%|HC|  |TAMS 0x0000000082900000| PB 0x0000000082800000| Complete 
|  41|0x0000000082900000, 0x0000000082a00000, 0x0000000082a00000|100%|HC|  |TAMS 0x0000000082a00000| PB 0x0000000082900000| Complete 
|  42|0x0000000082a00000, 0x0000000082b00000, 0x0000000082b00000|100%|HC|  |TAMS 0x0000000082b00000| PB 0x0000000082a00000| Complete 
|  43|0x0000000082b00000, 0x0000000082c00000, 0x0000000082c00000|100%|HC|  |TAMS 0x0000000082c00000| PB 0x0000000082b00000| Complete 
|  44|0x0000000082c00000, 0x0000000082d00000, 0x0000000082d00000|100%|HS|  |TAMS 0x0000000082d00000| PB 0x0000000082c00000| Complete 
|  45|0x0000000082d00000, 0x0000000082e00000, 0x0000000082e00000|100%|HS|  |TAMS 0x0000000082e00000| PB 0x0000000082d00000| Complete 
|  46|0x0000000082e00000, 0x0000000082f00000, 0x0000000082f00000|100%|HC|  |TAMS 0x0000000082f00000| PB 0x0000000082e00000| Complete 
|  47|0x0000000082f00000, 0x0000000083000000, 0x0000000083000000|100%|HC|  |TAMS 0x0000000083000000| PB 0x0000000082f00000| Complete 
|  48|0x0000000083000000, 0x0000000083100000, 0x0000000083100000|100%|HC|  |TAMS 0x0000000083100000| PB 0x0000000083000000| Complete 
|  49|0x0000000083100000, 0x0000000083200000, 0x0000000083200000|100%|HS|  |TAMS 0x0000000083200000| PB 0x0000000083100000| Complete 
|  50|0x0000000083200000, 0x0000000083300000, 0x0000000083300000|100%| O|  |TAMS 0x0000000083300000| PB 0x0000000083300000| Untracked 
|  51|0x0000000083300000, 0x0000000083400000, 0x0000000083400000|100%| O|  |TAMS 0x0000000083400000| PB 0x0000000083400000| Untracked 
|  52|0x0000000083400000, 0x0000000083500000, 0x0000000083500000|100%| O|  |TAMS 0x0000000083500000| PB 0x0000000083500000| Untracked 
|  53|0x0000000083500000, 0x0000000083600000, 0x0000000083600000|100%| O|  |TAMS 0x0000000083600000| PB 0x0000000083600000| Untracked 
|  54|0x0000000083600000, 0x0000000083700000, 0x0000000083700000|100%| O|  |TAMS 0x0000000083700000| PB 0x0000000083700000| Untracked 
|  55|0x0000000083700000, 0x0000000083800000, 0x0000000083800000|100%| O|  |TAMS 0x0000000083800000| PB 0x0000000083800000| Updating 
|  56|0x0000000083800000, 0x0000000083900000, 0x0000000083900000|100%| O|  |TAMS 0x0000000083900000| PB 0x0000000083900000| Updating 
|  57|0x0000000083900000, 0x0000000083a00000, 0x0000000083a00000|100%| O|  |TAMS 0x0000000083a00000| PB 0x0000000083a00000| Updating 
|  58|0x0000000083a00000, 0x0000000083b00000, 0x0000000083b00000|100%|HS|  |TAMS 0x0000000083b00000| PB 0x0000000083a00000| Complete 
|  59|0x0000000083b00000, 0x0000000083c00000, 0x0000000083c00000|100%|HC|  |TAMS 0x0000000083c00000| PB 0x0000000083b00000| Complete 
|  60|0x0000000083c00000, 0x0000000083d00000, 0x0000000083d00000|100%| O|  |TAMS 0x0000000083d00000| PB 0x0000000083d00000| Untracked 
|  61|0x0000000083d00000, 0x0000000083e00000, 0x0000000083e00000|100%| O|  |TAMS 0x0000000083e00000| PB 0x0000000083e00000| Untracked 
|  62|0x0000000083e00000, 0x0000000083f00000, 0x0000000083f00000|100%| O|  |TAMS 0x0000000083f00000| PB 0x0000000083f00000| Untracked 
|  63|0x0000000083f00000, 0x0000000084000000, 0x0000000084000000|100%| O|  |TAMS 0x0000000084000000| PB 0x0000000084000000| Untracked 
|  64|0x0000000084000000, 0x0000000084100000, 0x0000000084100000|100%| O|  |TAMS 0x0000000084100000| PB 0x0000000084100000| Updating 
|  65|0x0000000084100000, 0x0000000084200000, 0x0000000084200000|100%|HS|  |TAMS 0x0000000084200000| PB 0x0000000084100000| Complete 
|  66|0x0000000084200000, 0x0000000084300000, 0x0000000084300000|100%|HC|  |TAMS 0x0000000084300000| PB 0x0000000084200000| Complete 
|  67|0x0000000084300000, 0x0000000084400000, 0x0000000084400000|100%| O|  |TAMS 0x0000000084400000| PB 0x0000000084400000| Updating 
|  68|0x0000000084400000, 0x0000000084500000, 0x0000000084500000|100%| O|  |TAMS 0x0000000084500000| PB 0x0000000084500000| Updating 
|  69|0x0000000084500000, 0x0000000084600000, 0x0000000084600000|100%| O|  |TAMS 0x0000000084600000| PB 0x0000000084600000| Updating 
|  70|0x0000000084600000, 0x0000000084700000, 0x0000000084700000|100%| O|  |TAMS 0x0000000084700000| PB 0x0000000084700000| Untracked 
|  71|0x0000000084700000, 0x0000000084800000, 0x0000000084800000|100%|HS|  |TAMS 0x0000000084800000| PB 0x0000000084700000| Complete 
|  72|0x0000000084800000, 0x0000000084900000, 0x0000000084900000|100%|HS|  |TAMS 0x0000000084900000| PB 0x0000000084800000| Complete 
|  73|0x0000000084900000, 0x0000000084a00000, 0x0000000084a00000|100%|HC|  |TAMS 0x0000000084a00000| PB 0x0000000084900000| Complete 
|  74|0x0000000084a00000, 0x0000000084b00000, 0x0000000084b00000|100%|HC|  |TAMS 0x0000000084b00000| PB 0x0000000084a00000| Complete 
|  75|0x0000000084b00000, 0x0000000084c00000, 0x0000000084c00000|100%|HC|  |TAMS 0x0000000084c00000| PB 0x0000000084b00000| Complete 
|  76|0x0000000084c00000, 0x0000000084d00000, 0x0000000084d00000|100%|HC|  |TAMS 0x0000000084d00000| PB 0x0000000084c00000| Complete 
|  77|0x0000000084d00000, 0x0000000084e00000, 0x0000000084e00000|100%|HC|  |TAMS 0x0000000084e00000| PB 0x0000000084d00000| Complete 
|  78|0x0000000084e00000, 0x0000000084f00000, 0x0000000084f00000|100%|HS|  |TAMS 0x0000000084f00000| PB 0x0000000084e00000| Complete 
|  79|0x0000000084f00000, 0x0000000085000000, 0x0000000085000000|100%|HS|  |TAMS 0x0000000085000000| PB 0x0000000084f00000| Complete 
|  80|0x0000000085000000, 0x0000000085100000, 0x0000000085100000|100%|HC|  |TAMS 0x0000000085100000| PB 0x0000000085000000| Complete 
|  81|0x0000000085100000, 0x0000000085200000, 0x0000000085200000|100%|HC|  |TAMS 0x0000000085200000| PB 0x0000000085100000| Complete 
|  82|0x0000000085200000, 0x0000000085300000, 0x0000000085300000|100%|HC|  |TAMS 0x0000000085300000| PB 0x0000000085200000| Complete 
|  83|0x0000000085300000, 0x0000000085400000, 0x0000000085400000|100%|HC|  |TAMS 0x0000000085400000| PB 0x0000000085300000| Complete 
|  84|0x0000000085400000, 0x0000000085500000, 0x0000000085500000|100%|HC|  |TAMS 0x0000000085500000| PB 0x0000000085400000| Complete 
|  85|0x0000000085500000, 0x0000000085600000, 0x0000000085600000|100%|HS|  |TAMS 0x0000000085600000| PB 0x0000000085500000| Complete 
|  86|0x0000000085600000, 0x0000000085700000, 0x0000000085700000|100%| O|  |TAMS 0x0000000085700000| PB 0x0000000085700000| Updating 
|  87|0x0000000085700000, 0x0000000085800000, 0x0000000085800000|100%| O|  |TAMS 0x0000000085800000| PB 0x0000000085800000| Untracked 
|  88|0x0000000085800000, 0x0000000085900000, 0x0000000085900000|100%|HS|  |TAMS 0x0000000085800000| PB 0x0000000085800000| Complete 
|  89|0x0000000085900000, 0x0000000085a00000, 0x0000000085a00000|100%|HS|  |TAMS 0x0000000085900000| PB 0x0000000085900000| Complete 
|  90|0x0000000085a00000, 0x0000000085b00000, 0x0000000085b00000|100%|HS|  |TAMS 0x0000000085b00000| PB 0x0000000085a00000| Complete 
|  91|0x0000000085b00000, 0x0000000085c00000, 0x0000000085c00000|100%| O|  |TAMS 0x0000000085c00000| PB 0x0000000085c00000| Updating 
|  92|0x0000000085c00000, 0x0000000085d00000, 0x0000000085d00000|100%| O|  |TAMS 0x0000000085d00000| PB 0x0000000085d00000| Untracked 
|  93|0x0000000085d00000, 0x0000000085e00000, 0x0000000085e00000|100%| O|  |TAMS 0x0000000085e00000| PB 0x0000000085e00000| Updating 
|  94|0x0000000085e00000, 0x0000000085f00000, 0x0000000085f00000|100%| O|  |TAMS 0x0000000085f00000| PB 0x0000000085f00000| Untracked 
|  95|0x0000000085f00000, 0x0000000086000000, 0x0000000086000000|100%| O|  |TAMS 0x0000000086000000| PB 0x0000000086000000| Untracked 
|  96|0x0000000086000000, 0x0000000086100000, 0x0000000086100000|100%| O|  |TAMS 0x0000000086100000| PB 0x0000000086100000| Untracked 
|  97|0x0000000086100000, 0x0000000086200000, 0x0000000086200000|100%| O|  |TAMS 0x0000000086200000| PB 0x0000000086200000| Untracked 
|  98|0x0000000086200000, 0x0000000086300000, 0x0000000086300000|100%| O|  |TAMS 0x0000000086300000| PB 0x0000000086300000| Untracked 
|  99|0x0000000086300000, 0x0000000086400000, 0x0000000086400000|100%| O|  |TAMS 0x0000000086400000| PB 0x0000000086400000| Untracked 
| 100|0x0000000086400000, 0x0000000086500000, 0x0000000086500000|100%| O|  |TAMS 0x0000000086500000| PB 0x0000000086500000| Updating 
| 101|0x0000000086500000, 0x0000000086600000, 0x0000000086600000|100%|HS|  |TAMS 0x0000000086600000| PB 0x0000000086500000| Complete 
| 102|0x0000000086600000, 0x0000000086700000, 0x0000000086700000|100%|HC|  |TAMS 0x0000000086700000| PB 0x0000000086600000| Complete 
| 103|0x0000000086700000, 0x0000000086800000, 0x0000000086800000|100%|HS|  |TAMS 0x0000000086800000| PB 0x0000000086700000| Complete 
| 104|0x0000000086800000, 0x0000000086900000, 0x0000000086900000|100%|HC|  |TAMS 0x0000000086900000| PB 0x0000000086800000| Complete 
| 105|0x0000000086900000, 0x0000000086a00000, 0x0000000086a00000|100%|HS|  |TAMS 0x0000000086a00000| PB 0x0000000086900000| Complete 
| 106|0x0000000086a00000, 0x0000000086b00000, 0x0000000086b00000|100%| O|  |TAMS 0x0000000086b00000| PB 0x0000000086b00000| Untracked 
| 107|0x0000000086b00000, 0x0000000086c00000, 0x0000000086c00000|100%| O|  |TAMS 0x0000000086c00000| PB 0x0000000086c00000| Untracked 
| 108|0x0000000086c00000, 0x0000000086d00000, 0x0000000086d00000|100%| O|  |TAMS 0x0000000086d00000| PB 0x0000000086d00000| Untracked 
| 109|0x0000000086d00000, 0x0000000086e00000, 0x0000000086e00000|100%| O|  |TAMS 0x0000000086e00000| PB 0x0000000086e00000| Untracked 
| 110|0x0000000086e00000, 0x0000000086f00000, 0x0000000086f00000|100%| O|  |TAMS 0x0000000086f00000| PB 0x0000000086f00000| Untracked 
| 111|0x0000000086f00000, 0x0000000087000000, 0x0000000087000000|100%| O|  |TAMS 0x0000000087000000| PB 0x0000000087000000| Untracked 
| 112|0x0000000087000000, 0x0000000087100000, 0x0000000087100000|100%|HS|  |TAMS 0x0000000087100000| PB 0x0000000087000000| Complete 
| 113|0x0000000087100000, 0x0000000087200000, 0x0000000087200000|100%|HC|  |TAMS 0x0000000087200000| PB 0x0000000087100000| Complete 
| 114|0x0000000087200000, 0x0000000087300000, 0x0000000087300000|100%|HC|  |TAMS 0x0000000087300000| PB 0x0000000087200000| Complete 
| 115|0x0000000087300000, 0x0000000087400000, 0x0000000087400000|100%|HS|  |TAMS 0x0000000087400000| PB 0x0000000087300000| Complete 
| 116|0x0000000087400000, 0x0000000087500000, 0x0000000087500000|100%| O|  |TAMS 0x0000000087500000| PB 0x0000000087500000| Untracked 
| 117|0x0000000087500000, 0x0000000087600000, 0x0000000087600000|100%|HS|  |TAMS 0x0000000087600000| PB 0x0000000087500000| Complete 
| 118|0x0000000087600000, 0x0000000087700000, 0x0000000087700000|100%|HS|  |TAMS 0x0000000087700000| PB 0x0000000087600000| Complete 
| 119|0x0000000087700000, 0x0000000087800000, 0x0000000087800000|100%|HS|  |TAMS 0x0000000087700000| PB 0x0000000087700000| Complete 
| 120|0x0000000087800000, 0x0000000087900000, 0x0000000087900000|100%|HS|  |TAMS 0x0000000087800000| PB 0x0000000087800000| Complete 
| 121|0x0000000087900000, 0x0000000087a00000, 0x0000000087a00000|100%|HS|  |TAMS 0x0000000087900000| PB 0x0000000087900000| Complete 
| 122|0x0000000087a00000, 0x0000000087b00000, 0x0000000087b00000|100%| O|  |TAMS 0x0000000087b00000| PB 0x0000000087b00000| Untracked 
| 123|0x0000000087b00000, 0x0000000087c00000, 0x0000000087c00000|100%| O|  |TAMS 0x0000000087c00000| PB 0x0000000087c00000| Untracked 
| 124|0x0000000087c00000, 0x0000000087d00000, 0x0000000087d00000|100%| O|  |TAMS 0x0000000087d00000| PB 0x0000000087d00000| Untracked 
| 125|0x0000000087d00000, 0x0000000087e00000, 0x0000000087e00000|100%| O|  |TAMS 0x0000000087e00000| PB 0x0000000087e00000| Untracked 
| 126|0x0000000087e00000, 0x0000000087e79b00, 0x0000000087f00000| 47%| O|  |TAMS 0x0000000087e79b00| PB 0x0000000087e79b00| Updating 
| 127|0x0000000087f00000, 0x0000000087f00000, 0x0000000088000000|  0%| F|  |TAMS 0x0000000087f00000| PB 0x0000000087f00000| Untracked 
| 128|0x0000000088000000, 0x0000000088000000, 0x0000000088100000|  0%| F|  |TAMS 0x0000000088000000| PB 0x0000000088000000| Untracked 
| 129|0x0000000088100000, 0x0000000088100000, 0x0000000088200000|  0%| F|  |TAMS 0x0000000088100000| PB 0x0000000088100000| Untracked 
| 130|0x0000000088200000, 0x0000000088200000, 0x0000000088300000|  0%| F|  |TAMS 0x0000000088200000| PB 0x0000000088200000| Untracked 
| 131|0x0000000088300000, 0x0000000088300000, 0x0000000088400000|  0%| F|  |TAMS 0x0000000088300000| PB 0x0000000088300000| Untracked 
| 132|0x0000000088400000, 0x0000000088400000, 0x0000000088500000|  0%| F|  |TAMS 0x0000000088400000| PB 0x0000000088400000| Untracked 
| 133|0x0000000088500000, 0x0000000088500000, 0x0000000088600000|  0%| F|  |TAMS 0x0000000088500000| PB 0x0000000088500000| Untracked 
| 134|0x0000000088600000, 0x0000000088600000, 0x0000000088700000|  0%| F|  |TAMS 0x0000000088600000| PB 0x0000000088600000| Untracked 
| 135|0x0000000088700000, 0x0000000088700000, 0x0000000088800000|  0%| F|  |TAMS 0x0000000088700000| PB 0x0000000088700000| Untracked 
| 136|0x0000000088800000, 0x0000000088800000, 0x0000000088900000|  0%| F|  |TAMS 0x0000000088800000| PB 0x0000000088800000| Untracked 
| 137|0x0000000088900000, 0x0000000088900000, 0x0000000088a00000|  0%| F|  |TAMS 0x0000000088900000| PB 0x0000000088900000| Untracked 
| 138|0x0000000088a00000, 0x0000000088a00000, 0x0000000088b00000|  0%| F|  |TAMS 0x0000000088a00000| PB 0x0000000088a00000| Untracked 
| 139|0x0000000088b00000, 0x0000000088b00000, 0x0000000088c00000|  0%| F|  |TAMS 0x0000000088b00000| PB 0x0000000088b00000| Untracked 
| 140|0x0000000088c00000, 0x0000000088c00000, 0x0000000088d00000|  0%| F|  |TAMS 0x0000000088c00000| PB 0x0000000088c00000| Untracked 
| 141|0x0000000088d00000, 0x0000000088d00000, 0x0000000088e00000|  0%| F|  |TAMS 0x0000000088d00000| PB 0x0000000088d00000| Untracked 
| 142|0x0000000088e00000, 0x0000000088e00000, 0x0000000088f00000|  0%| F|  |TAMS 0x0000000088e00000| PB 0x0000000088e00000| Untracked 
| 143|0x0000000088f00000, 0x0000000088f00000, 0x0000000089000000|  0%| F|  |TAMS 0x0000000088f00000| PB 0x0000000088f00000| Untracked 
| 144|0x0000000089000000, 0x0000000089000000, 0x0000000089100000|  0%| F|  |TAMS 0x0000000089000000| PB 0x0000000089000000| Untracked 
| 145|0x0000000089100000, 0x0000000089100000, 0x0000000089200000|  0%| F|  |TAMS 0x0000000089100000| PB 0x0000000089100000| Untracked 
| 146|0x0000000089200000, 0x0000000089200000, 0x0000000089300000|  0%| F|  |TAMS 0x0000000089200000| PB 0x0000000089200000| Untracked 
| 147|0x0000000089300000, 0x0000000089300000, 0x0000000089400000|  0%| F|  |TAMS 0x0000000089300000| PB 0x0000000089300000| Untracked 
| 148|0x0000000089400000, 0x0000000089400000, 0x0000000089500000|  0%| F|  |TAMS 0x0000000089400000| PB 0x0000000089400000| Untracked 
| 149|0x0000000089500000, 0x0000000089500000, 0x0000000089600000|  0%| F|  |TAMS 0x0000000089500000| PB 0x0000000089500000| Untracked 
| 150|0x0000000089600000, 0x0000000089600000, 0x0000000089700000|  0%| F|  |TAMS 0x0000000089600000| PB 0x0000000089600000| Untracked 
| 151|0x0000000089700000, 0x0000000089700000, 0x0000000089800000|  0%| F|  |TAMS 0x0000000089700000| PB 0x0000000089700000| Untracked 
| 152|0x0000000089800000, 0x0000000089800000, 0x0000000089900000|  0%| F|  |TAMS 0x0000000089800000| PB 0x0000000089800000| Untracked 
| 153|0x0000000089900000, 0x0000000089900000, 0x0000000089a00000|  0%| F|  |TAMS 0x0000000089900000| PB 0x0000000089900000| Untracked 
| 154|0x0000000089a00000, 0x0000000089a00000, 0x0000000089b00000|  0%| F|  |TAMS 0x0000000089a00000| PB 0x0000000089a00000| Untracked 
| 155|0x0000000089b00000, 0x0000000089b00000, 0x0000000089c00000|  0%| F|  |TAMS 0x0000000089b00000| PB 0x0000000089b00000| Untracked 
| 156|0x0000000089c00000, 0x0000000089c00000, 0x0000000089d00000|  0%| F|  |TAMS 0x0000000089c00000| PB 0x0000000089c00000| Untracked 
| 157|0x0000000089d00000, 0x0000000089d00000, 0x0000000089e00000|  0%| F|  |TAMS 0x0000000089d00000| PB 0x0000000089d00000| Untracked 
| 158|0x0000000089e00000, 0x0000000089e00000, 0x0000000089f00000|  0%| F|  |TAMS 0x0000000089e00000| PB 0x0000000089e00000| Untracked 
| 159|0x0000000089f00000, 0x0000000089f00000, 0x000000008a000000|  0%| F|  |TAMS 0x0000000089f00000| PB 0x0000000089f00000| Untracked 
| 160|0x000000008a000000, 0x000000008a000000, 0x000000008a100000|  0%| F|  |TAMS 0x000000008a000000| PB 0x000000008a000000| Untracked 
| 161|0x000000008a100000, 0x000000008a100000, 0x000000008a200000|  0%| F|  |TAMS 0x000000008a100000| PB 0x000000008a100000| Untracked 
| 162|0x000000008a200000, 0x000000008a200000, 0x000000008a300000|  0%| F|  |TAMS 0x000000008a200000| PB 0x000000008a200000| Untracked 
| 163|0x000000008a300000, 0x000000008a300000, 0x000000008a400000|  0%| F|  |TAMS 0x000000008a300000| PB 0x000000008a300000| Untracked 
| 164|0x000000008a400000, 0x000000008a400000, 0x000000008a500000|  0%| F|  |TAMS 0x000000008a400000| PB 0x000000008a400000| Untracked 
| 165|0x000000008a500000, 0x000000008a500000, 0x000000008a600000|  0%| F|  |TAMS 0x000000008a500000| PB 0x000000008a500000| Untracked 
| 166|0x000000008a600000, 0x000000008a600000, 0x000000008a700000|  0%| F|  |TAMS 0x000000008a600000| PB 0x000000008a600000| Untracked 
| 167|0x000000008a700000, 0x000000008a700000, 0x000000008a800000|  0%| F|  |TAMS 0x000000008a700000| PB 0x000000008a700000| Untracked 
| 168|0x000000008a800000, 0x000000008a800000, 0x000000008a900000|  0%| F|  |TAMS 0x000000008a800000| PB 0x000000008a800000| Untracked 
| 169|0x000000008a900000, 0x000000008a900000, 0x000000008aa00000|  0%| F|  |TAMS 0x000000008a900000| PB 0x000000008a900000| Untracked 
| 170|0x000000008aa00000, 0x000000008aa00000, 0x000000008ab00000|  0%| F|  |TAMS 0x000000008aa00000| PB 0x000000008aa00000| Untracked 
| 171|0x000000008ab00000, 0x000000008ab00000, 0x000000008ac00000|  0%| F|  |TAMS 0x000000008ab00000| PB 0x000000008ab00000| Untracked 
| 172|0x000000008ac00000, 0x000000008ac00000, 0x000000008ad00000|  0%| F|  |TAMS 0x000000008ac00000| PB 0x000000008ac00000| Untracked 
| 173|0x000000008ad00000, 0x000000008ad00000, 0x000000008ae00000|  0%| F|  |TAMS 0x000000008ad00000| PB 0x000000008ad00000| Untracked 
| 174|0x000000008ae00000, 0x000000008ae00000, 0x000000008af00000|  0%| F|  |TAMS 0x000000008ae00000| PB 0x000000008ae00000| Untracked 
| 175|0x000000008af00000, 0x000000008af00000, 0x000000008b000000|  0%| F|  |TAMS 0x000000008af00000| PB 0x000000008af00000| Untracked 
| 176|0x000000008b000000, 0x000000008b000000, 0x000000008b100000|  0%| F|  |TAMS 0x000000008b000000| PB 0x000000008b000000| Untracked 
| 177|0x000000008b100000, 0x000000008b100000, 0x000000008b200000|  0%| F|  |TAMS 0x000000008b100000| PB 0x000000008b100000| Untracked 
| 178|0x000000008b200000, 0x000000008b200000, 0x000000008b300000|  0%| F|  |TAMS 0x000000008b200000| PB 0x000000008b200000| Untracked 
| 179|0x000000008b300000, 0x000000008b300000, 0x000000008b400000|  0%| F|  |TAMS 0x000000008b300000| PB 0x000000008b300000| Untracked 
| 180|0x000000008b400000, 0x000000008b400000, 0x000000008b500000|  0%| F|  |TAMS 0x000000008b400000| PB 0x000000008b400000| Untracked 
| 181|0x000000008b500000, 0x000000008b500000, 0x000000008b600000|  0%| F|  |TAMS 0x000000008b500000| PB 0x000000008b500000| Untracked 
| 182|0x000000008b600000, 0x000000008b600000, 0x000000008b700000|  0%| F|  |TAMS 0x000000008b600000| PB 0x000000008b600000| Untracked 
| 183|0x000000008b700000, 0x000000008b700000, 0x000000008b800000|  0%| F|  |TAMS 0x000000008b700000| PB 0x000000008b700000| Untracked 
| 184|0x000000008b800000, 0x000000008b800000, 0x000000008b900000|  0%| F|  |TAMS 0x000000008b800000| PB 0x000000008b800000| Untracked 
| 185|0x000000008b900000, 0x000000008b900000, 0x000000008ba00000|  0%| F|  |TAMS 0x000000008b900000| PB 0x000000008b900000| Untracked 
| 186|0x000000008ba00000, 0x000000008ba00000, 0x000000008bb00000|  0%| F|  |TAMS 0x000000008ba00000| PB 0x000000008ba00000| Untracked 
| 187|0x000000008bb00000, 0x000000008bb00000, 0x000000008bc00000|  0%| F|  |TAMS 0x000000008bb00000| PB 0x000000008bb00000| Untracked 
| 188|0x000000008bc00000, 0x000000008bc00000, 0x000000008bd00000|  0%| F|  |TAMS 0x000000008bc00000| PB 0x000000008bc00000| Untracked 
| 189|0x000000008bd00000, 0x000000008bd00000, 0x000000008be00000|  0%| F|  |TAMS 0x000000008bd00000| PB 0x000000008bd00000| Untracked 
| 190|0x000000008be00000, 0x000000008be80000, 0x000000008bf00000| 50%| E|  |TAMS 0x000000008be00000| PB 0x000000008be00000| Complete 
| 191|0x000000008bf00000, 0x000000008c000000, 0x000000008c000000|100%| E|CS|TAMS 0x000000008bf00000| PB 0x000000008bf00000| Complete 
| 192|0x000000008c000000, 0x000000008c100000, 0x000000008c100000|100%| E|CS|TAMS 0x000000008c000000| PB 0x000000008c000000| Complete 
| 193|0x000000008c100000, 0x000000008c200000, 0x000000008c200000|100%| E|CS|TAMS 0x000000008c100000| PB 0x000000008c100000| Complete 
| 194|0x000000008c200000, 0x000000008c2f8b30, 0x000000008c300000| 97%| S|CS|TAMS 0x000000008c200000| PB 0x000000008c200000| Complete 
| 195|0x000000008c300000, 0x000000008c400000, 0x000000008c400000|100%| S|CS|TAMS 0x000000008c300000| PB 0x000000008c300000| Complete 
| 196|0x000000008c400000, 0x000000008c500000, 0x000000008c500000|100%| S|CS|TAMS 0x000000008c400000| PB 0x000000008c400000| Complete 
| 197|0x000000008c500000, 0x000000008c600000, 0x000000008c600000|100%| S|CS|TAMS 0x000000008c500000| PB 0x000000008c500000| Complete 
| 198|0x000000008c600000, 0x000000008c700000, 0x000000008c700000|100%| E|CS|TAMS 0x000000008c600000| PB 0x000000008c600000| Complete 
| 199|0x000000008c700000, 0x000000008c800000, 0x000000008c800000|100%| E|CS|TAMS 0x000000008c700000| PB 0x000000008c700000| Complete 
| 200|0x000000008c800000, 0x000000008c900000, 0x000000008c900000|100%| E|CS|TAMS 0x000000008c800000| PB 0x000000008c800000| Complete 
| 201|0x000000008c900000, 0x000000008ca00000, 0x000000008ca00000|100%| E|CS|TAMS 0x000000008c900000| PB 0x000000008c900000| Complete 
| 202|0x000000008ca00000, 0x000000008cb00000, 0x000000008cb00000|100%| E|CS|TAMS 0x000000008ca00000| PB 0x000000008ca00000| Complete 
| 203|0x000000008cb00000, 0x000000008cc00000, 0x000000008cc00000|100%| E|CS|TAMS 0x000000008cb00000| PB 0x000000008cb00000| Complete 
| 204|0x000000008cc00000, 0x000000008cd00000, 0x000000008cd00000|100%| E|CS|TAMS 0x000000008cc00000| PB 0x000000008cc00000| Complete 
| 205|0x000000008cd00000, 0x000000008ce00000, 0x000000008ce00000|100%| E|CS|TAMS 0x000000008cd00000| PB 0x000000008cd00000| Complete 
| 206|0x000000008ce00000, 0x000000008cf00000, 0x000000008cf00000|100%| E|CS|TAMS 0x000000008ce00000| PB 0x000000008ce00000| Complete 
| 207|0x000000008cf00000, 0x000000008d000000, 0x000000008d000000|100%| E|CS|TAMS 0x000000008cf00000| PB 0x000000008cf00000| Complete 
|2043|0x00000000ffb00000, 0x00000000ffc00000, 0x00000000ffc00000|100%| O|  |TAMS 0x00000000ffc00000| PB 0x00000000ffc00000| Untracked 
|2044|0x00000000ffc00000, 0x00000000ffd00000, 0x00000000ffd00000|100%| O|  |TAMS 0x00000000ffd00000| PB 0x00000000ffd00000| Updating 
|2045|0x00000000ffd00000, 0x00000000ffe00000, 0x00000000ffe00000|100%| O|  |TAMS 0x00000000ffe00000| PB 0x00000000ffe00000| Untracked 
|2046|0x00000000ffe00000, 0x00000000fff00000, 0x00000000fff00000|100%| O|  |TAMS 0x00000000fff00000| PB 0x00000000fff00000| Untracked 
|2047|0x00000000fff00000, 0x0000000100000000, 0x0000000100000000|100%| O|  |TAMS 0x0000000100000000| PB 0x0000000100000000| Updating 

Card table byte_map: [0x0000017626190000,0x0000017626590000] _byte_map_base: 0x0000017625d90000

Marking Bits: (CMBitMap*) 0x0000017613b7c540
 Bits: [0x0000017626590000, 0x0000017628590000)

Polling page: 0x00000176132f0000

Metaspace:

Usage:
  Non-class:     73.04 MB used.
      Class:     11.21 MB used.
       Both:     84.26 MB used.

Virtual space:
  Non-class space:      128.00 MB reserved,      74.06 MB ( 58%) committed,  2 nodes.
      Class space:        1.00 GB reserved,      12.25 MB (  1%) committed,  1 nodes.
             Both:        1.12 GB reserved,      86.31 MB (  7%) committed. 

Chunk freelists:
   Non-Class:  5.91 MB
       Class:  3.80 MB
        Both:  9.70 MB

MaxMetaspaceSize: unlimited
CompressedClassSpaceSize: 1.00 GB
Initial GC threshold: 21.00 MB
Current GC threshold: 124.06 MB
CDS: off
 - commit_granule_bytes: 65536.
 - commit_granule_words: 8192.
 - virtual_space_node_default_size: 8388608.
 - enlarge_chunks_in_place: 1.
 - use_allocation_guard: 0.


Internal statistics:

num_allocs_failed_limit: 6.
num_arena_births: 3736.
num_arena_deaths: 0.
num_vsnodes_births: 3.
num_vsnodes_deaths: 0.
num_space_committed: 1381.
num_space_uncommitted: 0.
num_chunks_returned_to_freelist: 6.
num_chunks_taken_from_freelist: 7425.
num_chunk_merges: 6.
num_chunk_splits: 4796.
num_chunks_enlarged: 2895.
num_inconsistent_stats: 0.

CodeHeap 'non-profiled nmethods': size=120000Kb used=4891Kb max_used=4977Kb free=115108Kb
 bounds [0x000001761e750000, 0x000001761ec30000, 0x0000017625c80000]
CodeHeap 'profiled nmethods': size=120000Kb used=15389Kb max_used=16379Kb free=104610Kb
 bounds [0x0000017616c80000, 0x0000017617c80000, 0x000001761e1b0000]
CodeHeap 'non-nmethods': size=5760Kb used=2802Kb max_used=2833Kb free=2958Kb
 bounds [0x000001761e1b0000, 0x000001761e480000, 0x000001761e750000]
 total_blobs=9427 nmethods=8493 adapters=838
 compilation: enabled
              stopped_count=0, restarted_count=0
 full_count=0

Compilation events (20 events):
Event: 38.157 Thread 0x000001762f01a400 nmethod 10116 0x000001761ec22510 code [0x000001761ec226c0, 0x000001761ec22fd0]
Event: 38.157 Thread 0x000001762f01a400 10104       4       sun.security.util.ManifestDigester::findSection (181 bytes)
Event: 38.160 Thread 0x000001762f01a400 nmethod 10104 0x000001761ec23290 code [0x000001761ec23440, 0x000001761ec23750]
Event: 38.160 Thread 0x000001762f01a400 10118       4       java.math.BigInteger::implSquareToLen (154 bytes)
Event: 38.179 Thread 0x000001762f01a400 nmethod 10118 0x000001761ec23990 code [0x000001761ec23b60, 0x000001761ec24880]
Event: 38.179 Thread 0x000001762f01a400 10117       4       java.math.BigInteger::shiftLeftImplWorker (43 bytes)
Event: 38.186 Thread 0x000001762f01a400 nmethod 10117 0x000001761ec24e90 code [0x000001761ec25020, 0x000001761ec252a0]
Event: 38.186 Thread 0x000001762f01a400 10102       4       java.util.ImmutableCollections$MapN::probe (60 bytes)
Event: 38.191 Thread 0x000001762f01a400 nmethod 10102 0x000001761ec25390 code [0x000001761ec25560, 0x000001761ec25960]
Event: 38.191 Thread 0x000001762f01a400 10101       4       java.util.ImmutableCollections$MapN::get (35 bytes)
Event: 38.195 Thread 0x000001762f01a400 nmethod 10101 0x000001761ec25b90 code [0x000001761ec25d60, 0x000001761ec261d0]
Event: 38.195 Thread 0x000001762f01a400 10105       4       java.util.jar.Manifest::parseName (84 bytes)
Event: 38.198 Thread 0x000001762f01a400 nmethod 10105 0x000001761ec26490 code [0x000001761ec26660, 0x000001761ec269d0]
Event: 38.209 Thread 0x000001762f01a400 10122       4       java.lang.ClassLoader::defineClass (43 bytes)
Event: 38.221 Thread 0x000001762f01e390 10123   !   3       java.net.URLClassLoader::findClass (47 bytes)
Event: 38.223 Thread 0x000001762f01e390 nmethod 10123 0x0000017617c7d990 code [0x0000017617c7dba0, 0x0000017617c7e480]
Event: 38.257 Thread 0x000001762f01e390 10124       3       java.util.jar.JarFile::maybeInstantiateVerifier (42 bytes)
Event: 38.257 Thread 0x000001762f01e390 nmethod 10124 0x0000017617c7e710 code [0x0000017617c7e8e0, 0x0000017617c7ec40]
Event: 38.310 Thread 0x000001762f01a400 nmethod 10122 0x000001761ec26d10 code [0x000001761ec271c0, 0x000001761ec2a500]
Event: 38.310 Thread 0x000001762f01a400 10125       4       java.lang.ClassLoader::preDefineClass (118 bytes)

GC Heap History (20 events):
Event: 18.175 GC heap before
{Heap before GC invocations=23 (full 0):
 garbage-first heap   total 126976K, used 86868K [0x0000000080000000, 0x0000000100000000)
  region size 1024K, 18 young (18432K), 6 survivors (6144K)
 Metaspace       used 57514K, committed 59136K, reserved 1114112K
  class space    used 7782K, committed 8576K, reserved 1048576K
}
Event: 18.212 GC heap after
{Heap after GC invocations=24 (full 0):
 garbage-first heap   total 126976K, used 78674K [0x0000000080000000, 0x0000000100000000)
  region size 1024K, 4 young (4096K), 4 survivors (4096K)
 Metaspace       used 57514K, committed 59136K, reserved 1114112K
  class space    used 7782K, committed 8576K, reserved 1048576K
}
Event: 19.929 GC heap before
{Heap before GC invocations=25 (full 0):
 garbage-first heap   total 143360K, used 128850K [0x0000000080000000, 0x0000000100000000)
  region size 1024K, 37 young (37888K), 4 survivors (4096K)
 Metaspace       used 60058K, committed 61760K, reserved 1114112K
  class space    used 8025K, committed 8832K, reserved 1048576K
}
Event: 19.954 GC heap after
{Heap after GC invocations=26 (full 0):
 garbage-first heap   total 172032K, used 95176K [0x0000000080000000, 0x0000000100000000)
  region size 1024K, 3 young (3072K), 3 survivors (3072K)
 Metaspace       used 60058K, committed 61760K, reserved 1114112K
  class space    used 8025K, committed 8832K, reserved 1048576K
}
Event: 21.546 GC heap before
{Heap before GC invocations=26 (full 0):
 garbage-first heap   total 172032K, used 149448K [0x0000000080000000, 0x0000000100000000)
  region size 1024K, 57 young (58368K), 3 survivors (3072K)
 Metaspace       used 65799K, committed 67520K, reserved 1114112K
  class space    used 8868K, committed 9728K, reserved 1048576K
}
Event: 21.569 GC heap after
{Heap after GC invocations=27 (full 0):
 garbage-first heap   total 172032K, used 97086K [0x0000000080000000, 0x0000000100000000)
  region size 1024K, 5 young (5120K), 5 survivors (5120K)
 Metaspace       used 65799K, committed 67520K, reserved 1114112K
  class space    used 8868K, committed 9728K, reserved 1048576K
}
Event: 23.425 GC heap before
{Heap before GC invocations=27 (full 0):
 garbage-first heap   total 172032K, used 156478K [0x0000000080000000, 0x0000000100000000)
  region size 1024K, 63 young (64512K), 5 survivors (5120K)
 Metaspace       used 72096K, committed 74048K, reserved 1114112K
  class space    used 9857K, committed 10816K, reserved 1048576K
}
Event: 23.463 GC heap after
{Heap after GC invocations=28 (full 0):
 garbage-first heap   total 172032K, used 100469K [0x0000000080000000, 0x0000000100000000)
  region size 1024K, 8 young (8192K), 8 survivors (8192K)
 Metaspace       used 72096K, committed 74048K, reserved 1114112K
  class space    used 9857K, committed 10816K, reserved 1048576K
}
Event: 26.573 GC heap before
{Heap before GC invocations=29 (full 0):
 garbage-first heap   total 172032K, used 152693K [0x0000000080000000, 0x0000000100000000)
  region size 1024K, 60 young (61440K), 8 survivors (8192K)
 Metaspace       used 74133K, committed 75968K, reserved 1179648K
  class space    used 10072K, committed 11008K, reserved 1048576K
}
Event: 26.693 GC heap after
{Heap after GC invocations=30 (full 0):
 garbage-first heap   total 172032K, used 106123K [0x0000000080000000, 0x0000000100000000)
  region size 1024K, 8 young (8192K), 8 survivors (8192K)
 Metaspace       used 74133K, committed 75968K, reserved 1179648K
  class space    used 10072K, committed 11008K, reserved 1048576K
}
Event: 28.010 GC heap before
{Heap before GC invocations=30 (full 0):
 garbage-first heap   total 172032K, used 153227K [0x0000000080000000, 0x0000000100000000)
  region size 1024K, 55 young (56320K), 8 survivors (8192K)
 Metaspace       used 74352K, committed 76224K, reserved 1179648K
  class space    used 10073K, committed 11008K, reserved 1048576K
}
Event: 28.052 GC heap after
{Heap after GC invocations=31 (full 0):
 garbage-first heap   total 172032K, used 107221K [0x0000000080000000, 0x0000000100000000)
  region size 1024K, 4 young (4096K), 4 survivors (4096K)
 Metaspace       used 74352K, committed 76224K, reserved 1179648K
  class space    used 10073K, committed 11008K, reserved 1048576K
}
Event: 29.058 GC heap before
{Heap before GC invocations=31 (full 0):
 garbage-first heap   total 172032K, used 157397K [0x0000000080000000, 0x0000000100000000)
  region size 1024K, 54 young (55296K), 4 survivors (4096K)
 Metaspace       used 74363K, committed 76224K, reserved 1179648K
  class space    used 10073K, committed 11008K, reserved 1048576K
}
Event: 29.081 GC heap after
{Heap after GC invocations=32 (full 0):
 garbage-first heap   total 206848K, used 108558K [0x0000000080000000, 0x0000000100000000)
  region size 1024K, 6 young (6144K), 6 survivors (6144K)
 Metaspace       used 74363K, committed 76224K, reserved 1179648K
  class space    used 10073K, committed 11008K, reserved 1048576K
}
Event: 34.487 GC heap before
{Heap before GC invocations=33 (full 0):
 garbage-first heap   total 206848K, used 201742K [0x0000000080000000, 0x0000000100000000)
  region size 1024K, 84 young (86016K), 6 survivors (6144K)
 Metaspace       used 77637K, committed 79616K, reserved 1179648K
  class space    used 10464K, committed 11456K, reserved 1048576K
}
Event: 34.573 GC heap after
{Heap after GC invocations=34 (full 0):
 garbage-first heap   total 218112K, used 130645K [0x0000000080000000, 0x0000000100000000)
  region size 1024K, 11 young (11264K), 11 survivors (11264K)
 Metaspace       used 77637K, committed 79616K, reserved 1179648K
  class space    used 10464K, committed 11456K, reserved 1048576K
}
Event: 37.302 GC heap before
{Heap before GC invocations=34 (full 0):
 garbage-first heap   total 218112K, used 194133K [0x0000000080000000, 0x0000000100000000)
  region size 1024K, 73 young (74752K), 11 survivors (11264K)
 Metaspace       used 84509K, committed 86592K, reserved 1179648K
  class space    used 11256K, committed 12288K, reserved 1048576K
}
Event: 37.403 GC heap after
{Heap after GC invocations=35 (full 0):
 garbage-first heap   total 218112K, used 132186K [0x0000000080000000, 0x0000000100000000)
  region size 1024K, 3 young (3072K), 3 survivors (3072K)
 Metaspace       used 84509K, committed 86592K, reserved 1179648K
  class space    used 11256K, committed 12288K, reserved 1048576K
}
Event: 37.917 GC heap before
{Heap before GC invocations=35 (full 0):
 garbage-first heap   total 218112K, used 140378K [0x0000000080000000, 0x0000000100000000)
  region size 1024K, 13 young (13312K), 3 survivors (3072K)
 Metaspace       used 86122K, committed 88192K, reserved 1179648K
  class space    used 11448K, committed 12480K, reserved 1048576K
}
Event: 37.984 GC heap after
{Heap after GC invocations=36 (full 0):
 garbage-first heap   total 218112K, used 133577K [0x0000000080000000, 0x0000000100000000)
  region size 1024K, 4 young (4096K), 4 survivors (4096K)
 Metaspace       used 86122K, committed 88192K, reserved 1179648K
  class space    used 11448K, committed 12480K, reserved 1048576K
}

Dll operation events (3 events):
Event: 0.061 Loaded shared library C:\Program Files\Android\Android Studio\jbr\bin\java.dll
Event: 0.089 Loaded shared library C:\Program Files\Android\Android Studio\jbr\bin\zip.dll
Event: 1.898 Loaded shared library C:\Program Files\Android\Android Studio\jbr\bin\verify.dll

Deoptimization events (20 events):
Event: 38.069 Thread 0x0000017630b929d0 DEOPT PACKING pc=0x0000017617c79b80 sp=0x0000005dc53f08f0
Event: 38.069 Thread 0x0000017630b929d0 DEOPT UNPACKING pc=0x000001761e204e42 sp=0x0000005dc53efd70 mode 0
Event: 38.069 Thread 0x0000017630b929d0 DEOPT PACKING pc=0x0000017617c652f0 sp=0x0000005dc53f0920
Event: 38.069 Thread 0x0000017630b929d0 DEOPT UNPACKING pc=0x000001761e204e42 sp=0x0000005dc53efda0 mode 0
Event: 38.069 Thread 0x0000017630b929d0 DEOPT PACKING pc=0x0000017617c79b80 sp=0x0000005dc53f08f0
Event: 38.069 Thread 0x0000017630b929d0 DEOPT UNPACKING pc=0x000001761e204e42 sp=0x0000005dc53efd70 mode 0
Event: 38.069 Thread 0x0000017630b929d0 DEOPT PACKING pc=0x0000017617c79b80 sp=0x0000005dc53f08f0
Event: 38.069 Thread 0x0000017630b929d0 DEOPT UNPACKING pc=0x000001761e204e42 sp=0x0000005dc53efd70 mode 0
Event: 38.069 Thread 0x0000017630b929d0 DEOPT PACKING pc=0x0000017617c79b80 sp=0x0000005dc53f08f0
Event: 38.069 Thread 0x0000017630b929d0 DEOPT UNPACKING pc=0x000001761e204e42 sp=0x0000005dc53efd70 mode 0
Event: 38.069 Thread 0x0000017630b929d0 DEOPT PACKING pc=0x0000017617c79b80 sp=0x0000005dc53f08f0
Event: 38.069 Thread 0x0000017630b929d0 DEOPT UNPACKING pc=0x000001761e204e42 sp=0x0000005dc53efd70 mode 0
Event: 38.078 Thread 0x0000017630b929d0 Uncommon trap: trap_request=0xffffff45 fr.pc=0x000001761e9c4590 relative=0x00000000000000d0
Event: 38.079 Thread 0x0000017630b929d0 Uncommon trap: reason=unstable_if action=reinterpret pc=0x000001761e9c4590 method=java.util.jar.JarFile.maybeInstantiateVerifier()V @ 4 c2
Event: 38.079 Thread 0x0000017630b929d0 DEOPT PACKING pc=0x000001761e9c4590 sp=0x0000005dc53f1550
Event: 38.079 Thread 0x0000017630b929d0 DEOPT UNPACKING pc=0x000001761e2046a2 sp=0x0000005dc53f1480 mode 2
Event: 38.110 Thread 0x0000017630b929d0 Uncommon trap: trap_request=0xffffff45 fr.pc=0x000001761e9c54d8 relative=0x00000000000000b8
Event: 38.110 Thread 0x0000017630b929d0 Uncommon trap: reason=unstable_if action=reinterpret pc=0x000001761e9c54d8 method=java.security.CodeSource.matchCerts(Ljava/security/CodeSource;Z)Z @ 11 c2
Event: 38.110 Thread 0x0000017630b929d0 DEOPT PACKING pc=0x000001761e9c54d8 sp=0x0000005dc53ef5c0
Event: 38.110 Thread 0x0000017630b929d0 DEOPT UNPACKING pc=0x000001761e2046a2 sp=0x0000005dc53ef558 mode 2

Classes loaded (20 events):
Event: 37.874 Loading class java/security/interfaces/ECKey
Event: 37.874 Loading class java/security/interfaces/ECKey done
Event: 37.874 Loading class java/security/interfaces/XECKey
Event: 37.874 Loading class java/security/interfaces/XECKey done
Event: 37.875 Loading class sun/security/util/KeyUtil
Event: 37.875 Loading class sun/security/util/KeyUtil done
Event: 37.875 Loading class sun/security/util/Length
Event: 37.875 Loading class sun/security/util/Length done
Event: 37.875 Loading class javax/crypto/SecretKey
Event: 37.876 Loading class javax/crypto/SecretKey done
Event: 37.876 Loading class java/util/Base64
Event: 37.877 Loading class java/util/Base64 done
Event: 37.877 Loading class java/util/Base64$Decoder
Event: 37.878 Loading class java/util/Base64$Decoder done
Event: 37.878 Loading class java/util/Base64$Encoder
Event: 37.878 Loading class java/util/Base64$Encoder done
Event: 37.880 Loading class java/util/jar/JarVerifier$VerifierStream
Event: 37.880 Loading class java/util/jar/JarVerifier$VerifierStream done
Event: 37.880 Loading class sun/security/util/ManifestEntryVerifier$SunProviderHolder
Event: 37.880 Loading class sun/security/util/ManifestEntryVerifier$SunProviderHolder done

Classes unloaded (0 events):
No events

Classes redefined (0 events):
No events

Internal exceptions (20 events):
Event: 23.485 Thread 0x0000017630b929d0 Exception <a 'java/lang/NoSuchMethodError'{0x000000008a5e0ce8}: static Lorg/gradle/api/internal/catalog/PluginModel;.<clinit>()V> (0x000000008a5e0ce8) 
thrown [s\src\hotspot\share\prims\jni.cpp, line 1139]
Event: 23.486 Thread 0x0000017630b929d0 Exception <a 'java/lang/NoSuchMethodError'{0x000000008a5fa4d0}: static Lorg/gradle/api/internal/catalog/VersionModel;.<clinit>()V> (0x000000008a5fa4d0) 
thrown [s\src\hotspot\share\prims\jni.cpp, line 1139]
Event: 23.734 Thread 0x0000017630b929d0 Exception <a 'java/lang/NoSuchMethodError'{0x000000008a023a20}: 'int java.lang.invoke.DirectMethodHandle$Holder.invokeSpecialIFC(java.lang.Object, java.lang.Object, java.lang.Object)'> (0x000000008a023a20) 
thrown [s\src\hotspot\share\interpreter\linkResolver.cpp, line 784]
Event: 23.824 Thread 0x0000017630b929d0 Exception <a 'java/lang/NoSuchMethodError'{0x0000000089dc1d30}: 'void java.lang.invoke.DirectMethodHandle$Holder.invokeStatic(java.lang.Object, java.lang.Object, java.lang.Object, int, java.lang.Object)'> (0x0000000089dc1d30) 
thrown [s\src\hotspot\share\interpreter\linkResolver.cpp, line 784]
Event: 23.844 Thread 0x0000017630b929d0 Implicit null exception at 0x000001761ea63b9d to 0x000001761ea63e04
Event: 25.334 Thread 0x0000017630b929d0 Exception <a 'java/lang/IncompatibleClassChangeError'{0x0000000088f072c0}: Found class java.lang.Object, but interface was expected> (0x0000000088f072c0) 
thrown [s\src\hotspot\share\interpreter\linkResolver.cpp, line 851]
Event: 27.411 Thread 0x00000176329dfd00 Implicit null exception at 0x000001761eb60469 to 0x000001761eb6050c
Event: 28.433 Thread 0x00000176329df670 Implicit null exception at 0x000001761eb86d2a to 0x000001761eb87610
Event: 28.444 Thread 0x0000017630b929d0 Implicit null exception at 0x000001761eb86d2a to 0x000001761eb87610
Event: 28.448 Thread 0x00000176329ddc30 Implicit null exception at 0x000001761eb86d2a to 0x000001761eb87610
Event: 28.481 Thread 0x00000176329e10b0 Implicit null exception at 0x000001761eb86d2a to 0x000001761eb87610
Event: 28.673 Thread 0x00000176329dfd00 Implicit null exception at 0x000001761eb8f891 to 0x000001761eb90264
Event: 30.808 Thread 0x0000017630b929d0 Implicit null exception at 0x000001761eab5c5d to 0x000001761eab6130
Event: 30.808 Thread 0x0000017630b929d0 Implicit null exception at 0x000001761eab695f to 0x000001761eab6e1c
Event: 34.798 Thread 0x0000017630b929d0 Exception <a 'java/lang/NoSuchMethodError'{0x000000008c477dc0}: 'int java.lang.invoke.DirectMethodHandle$Holder.invokeSpecialIFC(java.lang.Object, java.lang.Object, java.lang.Object, java.lang.Object, java.lang.Object)'> (0x000000008c477dc0) 
thrown [s\src\hotspot\share\interpreter\linkResolver.cpp, line 784]
Event: 36.812 Thread 0x0000017630b929d0 Exception <a 'java/lang/NoSuchMethodError'{0x00000000891cfea0}: 'java.lang.Object java.lang.invoke.DirectMethodHandle$Holder.newInvokeSpecial(java.lang.Object, java.lang.Object, java.lang.Object, java.lang.Object, java.lang.Object, java.lang.Object, java.lang.Object, java.lang.Object, java.lang.Object, java.lang.Object, java.lang.Object, java.lang.Object, java.lang.Object, java.lang.Object, java.lang.Object, java.lang.Object)'> (0x00000000891cfea0) 
thrown [s\src\hotspot\share\interpreter\linkResolver.cpp,
Event: 36.813 Thread 0x0000017630b929d0 Exception <a 'java/lang/NoSuchMethodError'{0x00000000891d6dc8}: 'java.lang.Object java.lang.invoke.DirectMethodHandle$Holder.invokeSpecial(java.lang.Object, java.lang.Object, java.lang.Object, java.lang.Object, java.lang.Object, java.lang.Object, java.lang.Object, java.lang.Object, java.lang.Object, java.lang.Object, java.lang.Object, java.lang.Object, java.lang.Object, java.lang.Object, java.lang.Object, java.lang.Object, java.lang.Object)'> (0x00000000891d6dc8) 
thrown [s\src\hotspot\share\interpreter\li
Event: 36.815 Thread 0x0000017630b929d0 Exception <a 'java/lang/NoSuchMethodError'{0x00000000891dcf08}: 'java.lang.Object java.lang.invoke.DelegatingMethodHandle$Holder.reinvoke_L(java.lang.Object, java.lang.Object, java.lang.Object, java.lang.Object, java.lang.Object, java.lang.Object, java.lang.Object, java.lang.Object, java.lang.Object, java.lang.Object, java.lang.Object, java.lang.Object, java.lang.Object, java.lang.Object, java.lang.Object, java.lang.Object)'> (0x00000000891dcf08) 
thrown [s\src\hotspot\share\interpreter\linkResolver.cpp, l
Event: 37.197 Thread 0x0000017630b929d0 Exception <a 'java/lang/NoSuchMethodError'{0x0000000088cce598}: 'void java.lang.invoke.DirectMethodHandle$Holder.invokeVirtual(java.lang.Object, java.lang.Object)'> (0x0000000088cce598) 
thrown [s\src\hotspot\share\interpreter\linkResolver.cpp, line 784]
Event: 38.055 Thread 0x0000017630b929d0 Implicit null exception at 0x000001761ec17b74 to 0x000001761ec183de

ZGC Phase Switch (0 events):
No events

VM Operations (20 events):
Event: 35.577 Executing VM operation: Cleanup done
Event: 35.911 Executing VM operation: HandshakeAllThreads (Deoptimize)
Event: 35.913 Executing VM operation: HandshakeAllThreads (Deoptimize) done
Event: 36.103 Executing VM operation: HandshakeAllThreads (Deoptimize)
Event: 36.103 Executing VM operation: HandshakeAllThreads (Deoptimize) done
Event: 36.838 Executing VM operation: HandshakeAllThreads (Deoptimize)
Event: 36.839 Executing VM operation: HandshakeAllThreads (Deoptimize) done
Event: 36.839 Executing VM operation: Cleanup
Event: 36.840 Executing VM operation: Cleanup done
Event: 37.301 Executing VM operation: G1CollectForAllocation (G1 Evacuation Pause)
Event: 37.403 Executing VM operation: G1CollectForAllocation (G1 Evacuation Pause) done
Event: 37.660 Executing VM operation: HandshakeAllThreads (Deoptimize)
Event: 37.660 Executing VM operation: HandshakeAllThreads (Deoptimize) done
Event: 37.821 Executing VM operation: HandshakeAllThreads (Deoptimize)
Event: 37.821 Executing VM operation: HandshakeAllThreads (Deoptimize) done
Event: 37.822 Executing VM operation: HandshakeAllThreads (Deoptimize)
Event: 37.822 Executing VM operation: HandshakeAllThreads (Deoptimize) done
Event: 37.917 Executing VM operation: G1TryInitiateConcMark (G1 Humongous Allocation)
Event: 37.985 Executing VM operation: G1TryInitiateConcMark (G1 Humongous Allocation) done
Event: 38.316 Executing VM operation: G1PauseRemark

Memory protections (0 events):
No events

Nmethod flushes (20 events):
Event: 38.377 Thread 0x000001762adada50 flushing  nmethod 0x0000017617533090
Event: 38.377 Thread 0x000001762adada50 flushing  nmethod 0x0000017617548810
Event: 38.377 Thread 0x000001762adada50 flushing  nmethod 0x0000017617549490
Event: 38.377 Thread 0x000001762adada50 flushing  nmethod 0x000001761754a790
Event: 38.377 Thread 0x000001762adada50 flushing  nmethod 0x000001761754cb10
Event: 38.377 Thread 0x000001762adada50 flushing  nmethod 0x000001761754f010
Event: 38.377 Thread 0x000001762adada50 flushing  nmethod 0x000001761754f990
Event: 38.377 Thread 0x000001762adada50 flushing  nmethod 0x000001761756ab90
Event: 38.377 Thread 0x000001762adada50 flushing  nmethod 0x000001761763e690
Event: 38.377 Thread 0x000001762adada50 flushing  nmethod 0x0000017617641d90
Event: 38.377 Thread 0x000001762adada50 flushing  nmethod 0x0000017617662e90
Event: 38.377 Thread 0x000001762adada50 flushing  nmethod 0x000001761766cd10
Event: 38.377 Thread 0x000001762adada50 flushing  nmethod 0x000001761766d110
Event: 38.377 Thread 0x000001762adada50 flushing  nmethod 0x0000017617673510
Event: 38.377 Thread 0x000001762adada50 flushing  nmethod 0x00000176176d0c90
Event: 38.377 Thread 0x000001762adada50 flushing  nmethod 0x0000017617766910
Event: 38.377 Thread 0x000001762adada50 flushing  nmethod 0x0000017617775410
Event: 38.377 Thread 0x000001762adada50 flushing  nmethod 0x0000017617776c10
Event: 38.377 Thread 0x000001762adada50 flushing  nmethod 0x0000017617777e90
Event: 38.377 Thread 0x000001762adada50 flushing  nmethod 0x00000176179e0490

Events (20 events):
Event: 26.792 Thread 0x0000017630b929d0 Thread added: 0x00000176329e4530
Event: 26.794 Thread 0x0000017630b929d0 Thread added: 0x00000176329e10b0
Event: 26.797 Thread 0x0000017630b929d0 Thread added: 0x00000176329df670
Event: 26.799 Thread 0x0000017630b929d0 Thread added: 0x00000176329dfd00
Event: 31.834 Thread 0x0000017630b929d0 Thread added: 0x00000176329e0a20
Event: 31.835 Thread 0x0000017630b929d0 Thread added: 0x0000017632906050
Event: 31.862 Thread 0x0000017630b929d0 Thread added: 0x000001763290d670
Event: 31.863 Thread 0x0000017630b929d0 Thread added: 0x00000176329066e0
Event: 31.864 Thread 0x0000017630b929d0 Thread added: 0x0000017632908120
Event: 31.911 Thread 0x0000017630b929d0 Thread added: 0x00000176329087b0
Event: 31.917 Thread 0x0000017630b929d0 Thread added: 0x0000017633cfeeb0
Event: 31.920 Thread 0x0000017630b929d0 Thread added: 0x0000017633cfcde0
Event: 31.922 Thread 0x0000017630b929d0 Thread added: 0x0000017633d00f80
Event: 31.944 Thread 0x0000017630b929d0 Thread added: 0x0000017633cfc750
Event: 32.030 Thread 0x0000017630b929d0 Thread added: 0x0000017633cfdb00
Event: 32.031 Thread 0x0000017630b929d0 Thread added: 0x0000017633cfd470
Event: 32.032 Thread 0x0000017630b929d0 Thread added: 0x0000017633d01610
Event: 32.033 Thread 0x0000017630b929d0 Thread added: 0x0000017633d01ca0
Event: 32.035 Thread 0x0000017630b929d0 Thread added: 0x0000017633cfc0c0
Event: 37.108 Thread 0x0000017630b929d0 Thread added: 0x0000017633d029c0


Dynamic libraries:
0x00007ff6dadf0000 - 0x00007ff6dadfa000 	C:\Program Files\Android\Android Studio\jbr\bin\java.exe
0x00007ffa737b0000 - 0x00007ffa739a8000 	C:\Windows\SYSTEM32\ntdll.dll
0x00007ffa6b6f0000 - 0x00007ffa6b710000 	C:\Program Files\Avast Software\Avast\aswhook.dll
0x00007ffa72970000 - 0x00007ffa72a32000 	C:\Windows\System32\KERNEL32.DLL
0x00007ffa71250000 - 0x00007ffa71546000 	C:\Windows\System32\KERNELBASE.dll
0x00007ffa715f0000 - 0x00007ffa716f0000 	C:\Windows\System32\ucrtbase.dll
0x00007ffa2eb80000 - 0x00007ffa2eb9b000 	C:\Program Files\Android\Android Studio\jbr\bin\VCRUNTIME140.dll
0x00007ffa5cd90000 - 0x00007ffa5cda8000 	C:\Program Files\Android\Android Studio\jbr\bin\jli.dll
0x00007ffa734f0000 - 0x00007ffa73691000 	C:\Windows\System32\USER32.dll
0x00007ffa717a0000 - 0x00007ffa717c2000 	C:\Windows\System32\win32u.dll
0x00007ffa727b0000 - 0x00007ffa727db000 	C:\Windows\System32\GDI32.dll
0x00007ffa70e40000 - 0x00007ffa70f59000 	C:\Windows\System32\gdi32full.dll
0x00007ffa71550000 - 0x00007ffa715ed000 	C:\Windows\System32\msvcp_win.dll
0x00007ffa5e2e0000 - 0x00007ffa5e57b000 	C:\Windows\WinSxS\amd64_microsoft.windows.common-controls_6595b64144ccf1df_6.0.19041.6456_none_60b8a6cb71f64256\COMCTL32.dll
0x00007ffa72f60000 - 0x00007ffa72ffe000 	C:\Windows\System32\msvcrt.dll
0x00007ffa72780000 - 0x00007ffa727af000 	C:\Windows\System32\IMM32.DLL
0x00007ffa2eb70000 - 0x00007ffa2eb7c000 	C:\Program Files\Android\Android Studio\jbr\bin\vcruntime140_1.dll
0x00007ffa56bc0000 - 0x00007ffa56c4d000 	C:\Program Files\Android\Android Studio\jbr\bin\msvcp140.dll
0x00007ffa14730000 - 0x00007ffa153bb000 	C:\Program Files\Android\Android Studio\jbr\bin\server\jvm.dll
0x00007ffa72c80000 - 0x00007ffa72d31000 	C:\Windows\System32\ADVAPI32.dll
0x00007ffa72be0000 - 0x00007ffa72c7f000 	C:\Windows\System32\sechost.dll
0x00007ffa717d0000 - 0x00007ffa718f0000 	C:\Windows\System32\RPCRT4.dll
0x00007ffa711a0000 - 0x00007ffa711c7000 	C:\Windows\System32\bcrypt.dll
0x00007ffa723b0000 - 0x00007ffa7241b000 	C:\Windows\System32\WS2_32.dll
0x00007ffa65960000 - 0x00007ffa65987000 	C:\Windows\SYSTEM32\WINMM.dll
0x00007ffa65990000 - 0x00007ffa6599a000 	C:\Windows\SYSTEM32\VERSION.dll
0x00007ffa70850000 - 0x00007ffa7089b000 	C:\Windows\SYSTEM32\POWRPROF.dll
0x00007ffa70800000 - 0x00007ffa70812000 	C:\Windows\SYSTEM32\UMPDC.dll
0x00007ffa6f650000 - 0x00007ffa6f662000 	C:\Windows\SYSTEM32\kernel.appcore.dll
0x00007ffa2e800000 - 0x00007ffa2e80a000 	C:\Program Files\Android\Android Studio\jbr\bin\jimage.dll
0x00007ffa6e870000 - 0x00007ffa6ea71000 	C:\Windows\SYSTEM32\DBGHELP.DLL
0x00007ffa648c0000 - 0x00007ffa648f4000 	C:\Windows\SYSTEM32\dbgcore.DLL
0x00007ffa710c0000 - 0x00007ffa71142000 	C:\Windows\System32\bcryptPrimitives.dll
0x00007ffa650b0000 - 0x00007ffa650be000 	C:\Program Files\Android\Android Studio\jbr\bin\instrument.dll
0x00007ffa2e740000 - 0x00007ffa2e760000 	C:\Program Files\Android\Android Studio\jbr\bin\java.dll
0x00007ffa2e720000 - 0x00007ffa2e738000 	C:\Program Files\Android\Android Studio\jbr\bin\zip.dll
0x00007ffa71980000 - 0x00007ffa720f0000 	C:\Windows\System32\SHELL32.dll
0x00007ffa6ee90000 - 0x00007ffa6f635000 	C:\Windows\SYSTEM32\windows.storage.dll
0x00007ffa72420000 - 0x00007ffa72774000 	C:\Windows\System32\combase.dll
0x00007ffa70820000 - 0x00007ffa7084b000 	C:\Windows\SYSTEM32\Wldp.dll
0x00007ffa736a0000 - 0x00007ffa7376d000 	C:\Windows\System32\OLEAUT32.dll
0x00007ffa72300000 - 0x00007ffa723ad000 	C:\Windows\System32\SHCORE.dll
0x00007ffa727e0000 - 0x00007ffa7283b000 	C:\Windows\System32\shlwapi.dll
0x00007ffa70d70000 - 0x00007ffa70d94000 	C:\Windows\SYSTEM32\profapi.dll
0x00007ffa2e710000 - 0x00007ffa2e720000 	C:\Program Files\Android\Android Studio\jbr\bin\net.dll
0x00007ffa6c8e0000 - 0x00007ffa6c9ea000 	C:\Windows\SYSTEM32\WINHTTP.dll
0x00007ffa70560000 - 0x00007ffa705ca000 	C:\Windows\system32\mswsock.dll
0x00007ffa2de10000 - 0x00007ffa2de26000 	C:\Program Files\Android\Android Studio\jbr\bin\nio.dll
0x00007ffa2d0f0000 - 0x00007ffa2d100000 	C:\Program Files\Android\Android Studio\jbr\bin\verify.dll
0x00007ffa65120000 - 0x00007ffa65147000 	C:\Users\USUARIO\.gradle\native\1def1411415f61bf3af743bc5b6707747c0891f09f0c88961ee8f79bc544acac\windows-amd64\native-platform.dll
0x00007ffa30f90000 - 0x00007ffa31008000 	C:\Users\USUARIO\.gradle\native\0.2.7\x86_64-windows-gnu\gradle-fileevents.dll
0x00007ffa2d830000 - 0x00007ffa2d839000 	C:\Program Files\Android\Android Studio\jbr\bin\management.dll
0x00007ffa2d820000 - 0x00007ffa2d82b000 	C:\Program Files\Android\Android Studio\jbr\bin\management_ext.dll
0x00007ffa72ab0000 - 0x00007ffa72ab8000 	C:\Windows\System32\PSAPI.DLL
0x00007ffa70240000 - 0x00007ffa7027b000 	C:\Windows\SYSTEM32\IPHLPAPI.DLL
0x00007ffa71970000 - 0x00007ffa71978000 	C:\Windows\System32\NSI.dll
0x00007ffa2d840000 - 0x00007ffa2d849000 	C:\Program Files\Android\Android Studio\jbr\bin\extnet.dll
0x00007ffa70750000 - 0x00007ffa70768000 	C:\Windows\SYSTEM32\CRYPTSP.dll
0x00007ffa6fe80000 - 0x00007ffa6feb8000 	C:\Windows\system32\rsaenh.dll
0x00007ffa70d30000 - 0x00007ffa70d5e000 	C:\Windows\SYSTEM32\USERENV.dll
0x00007ffa70770000 - 0x00007ffa7077c000 	C:\Windows\SYSTEM32\CRYPTBASE.dll
0x00007ffa2d9b0000 - 0x00007ffa2d9b7000 	C:\Windows\system32\wshunix.dll

dbghelp: loaded successfully - version: 4.0.5 - missing functions: none
symbol engine: initialized successfully - sym options: 0x614 - pdb path: .;C:\Program Files\Android\Android Studio\jbr\bin;C:\Windows\SYSTEM32;C:\Program Files\Avast Software\Avast;C:\Windows\WinSxS\amd64_microsoft.windows.common-controls_6595b64144ccf1df_6.0.19041.6456_none_60b8a6cb71f64256;C:\Program Files\Android\Android Studio\jbr\bin\server;C:\Users\USUARIO\.gradle\native\1def1411415f61bf3af743bc5b6707747c0891f09f0c88961ee8f79bc544acac\windows-amd64;C:\Users\USUARIO\.gradle\native\0.2.7\x86_64-windows-gnu

VM Arguments:
jvm_args: --add-opens=java.base/java.lang=ALL-UNNAMED --add-opens=java.base/java.lang.invoke=ALL-UNNAMED --add-opens=java.base/java.util=ALL-UNNAMED --add-opens=java.prefs/java.util.prefs=ALL-UNNAMED --add-exports=jdk.compiler/com.sun.tools.javac.api=ALL-UNNAMED --add-exports=jdk.compiler/com.sun.tools.javac.util=ALL-UNNAMED --add-opens=java.base/java.util=ALL-UNNAMED --add-opens=java.prefs/java.util.prefs=ALL-UNNAMED --add-opens=java.base/java.nio.charset=ALL-UNNAMED --add-opens=java.base/java.net=ALL-UNNAMED --add-opens=java.base/java.util.concurrent.atomic=ALL-UNNAMED --add-opens=java.xml/javax.xml.namespace=ALL-UNNAMED -Xmx2048m -Dfile.encoding=UTF-8 -Duser.country=ES -Duser.language=es -Duser.variant -javaagent:C:\Users\USUARIO\.gradle\wrapper\dists\gradle-8.13-bin\5xuhj0ry160q40clulazy9h7d\gradle-8.13\lib\agents\gradle-instrumentation-agent-8.13.jar 
java_command: org.gradle.launcher.daemon.bootstrap.GradleDaemon 8.13
java_class_path (initial): C:\Users\USUARIO\.gradle\wrapper\dists\gradle-8.13-bin\5xuhj0ry160q40clulazy9h7d\gradle-8.13\lib\gradle-daemon-main-8.13.jar
Launcher Type: SUN_STANDARD

[Global flags]
     intx CICompilerCount                          = 3                                         {product} {ergonomic}
     uint ConcGCThreads                            = 2                                         {product} {ergonomic}
     uint G1ConcRefinementThreads                  = 6                                         {product} {ergonomic}
   size_t G1HeapRegionSize                         = 1048576                                   {product} {ergonomic}
    uintx GCDrainStackTargetSize                   = 64                                        {product} {ergonomic}
   size_t InitialHeapSize                          = 56623104                                  {product} {ergonomic}
   size_t MarkStackSize                            = 4194304                                   {product} {ergonomic}
   size_t MaxHeapSize                              = 2147483648                                {product} {command line}
   size_t MaxNewSize                               = 1287651328                                {product} {ergonomic}
   size_t MinHeapDeltaBytes                        = 1048576                                   {product} {ergonomic}
   size_t MinHeapSize                              = 8388608                                   {product} {ergonomic}
    uintx NonNMethodCodeHeapSize                   = 5832780                                {pd product} {ergonomic}
    uintx NonProfiledCodeHeapSize                  = 122912730                              {pd product} {ergonomic}
    uintx ProfiledCodeHeapSize                     = 122912730                              {pd product} {ergonomic}
    uintx ReservedCodeCacheSize                    = 251658240                              {pd product} {ergonomic}
     bool SegmentedCodeCache                       = true                                      {product} {ergonomic}
   size_t SoftMaxHeapSize                          = 2147483648                             {manageable} {ergonomic}
     bool UseCompressedOops                        = true                           {product lp64_product} {ergonomic}
     bool UseG1GC                                  = true                                      {product} {ergonomic}
     bool UseLargePagesIndividualAllocation        = false                                  {pd product} {ergonomic}

Logging:
Log output configuration:
 #0: stdout all=warning uptime,level,tags foldmultilines=false
 #1: stderr all=off uptime,level,tags foldmultilines=false

Environment Variables:
PATH=C:\Program Files\Common Files\Oracle\Java\javapath;C:\Windows\system32;C:\Windows;C:\Windows\System32\Wbem;C:\Windows\System32\WindowsPowerShell\v1.0\;C:\Windows\System32\OpenSSH\;C:\Program Files\Git\cmd;C:\Program Files\AutoFirma\AutoFirma;C:\Users\USUARIO\AppData\Local\Programs\Python\Launcher\;C:\Users\USUARIO\AppData\Local\Programs\Python\Python39\Scripts\;C:\Users\USUARIO\AppData\Local\Programs\Python\Python39\;C:\Users\USUARIO\AppData\Local\Programs\Python\Python310\Scripts\;C:\Users\USUARIO\AppData\Local\Programs\Python\Python310\;C:\Users\USUARIO\AppData\Local\Microsoft\WindowsApps;C:\Program Files\JetBrains\PyCharm Community Edition 2021.3.2\bin;;C:\Program Files\JetBrains\IntelliJ IDEA Community Edition 2021.3.3\bin;
USERNAME=USUARIO
OS=Windows_NT
PROCESSOR_IDENTIFIER=AMD64 Family 23 Model 96 Stepping 1, AuthenticAMD
TMP=C:\Users\USUARIO\AppData\Local\Temp
TEMP=C:\Users\USUARIO\AppData\Local\Temp




Periodic native trim disabled

JNI global refs:
JNI global refs: 26, weak refs: 0

JNI global refs memory usage: 835, weak refs: 201

Process memory usage:
Resident Set Size: 174372K (4% of 3528124K total physical memory with 35324K free physical memory)

OOME stack traces (most recent first):
Classloader memory used:
Loader org.gradle.internal.classloader.VisitableURLClassLoader                         : 38164K
Loader bootstrap                                                                       : 25715K
Loader org.gradle.initialization.MixInLegacyTypesClassLoader                           : 11741K
Loader org.gradle.internal.classloader.VisitableURLClassLoader$InstrumentingVisitableURLClassLoader: 8405K
Loader org.gradle.internal.classloader.VisitableURLClassLoader                         : 1068K
Loader jdk.internal.loader.ClassLoaders$PlatformClassLoader                            : 529K
Loader jdk.internal.reflect.DelegatingClassLoader                                      : 281K
Loader jdk.internal.loader.ClassLoaders$AppClassLoader                                 : 235K
Loader org.gradle.groovy.scripts.internal.DefaultScriptCompilationHandler$ScriptClassLoader: 90792B
Loader org.codehaus.groovy.runtime.callsite.CallSiteClassLoader                        : 48696B

Classes loaded by more than one classloader:
Class Program                                                                         : loaded 4 times (x 70B)
Class org.gradle.api.GradleException                                                  : loaded 3 times (x 78B)
Class com.google.common.collect.RegularImmutableMap$KeySet                            : loaded 2 times (x 148B)
Class kotlin.NotImplementedError                                                      : loaded 2 times (x 78B)
Class org.gradle.internal.classloader.FilteringClassLoader                            : loaded 2 times (x 101B)
Class com.google.common.base.CharMatcher$IsEither                                     : loaded 2 times (x 107B)
Class org.gradle.internal.classloader.ClassLoaderHierarchy                            : loaded 2 times (x 66B)
Class com.google.common.util.concurrent.ExecutionError                                : loaded 2 times (x 78B)
Class com.google.common.collect.ImmutableList$1                                       : loaded 2 times (x 93B)
Class org.gradle.api.internal.classpath.ManifestUtil                                  : loaded 2 times (x 67B)
Class com.google.common.collect.RegularImmutableMap                                   : loaded 2 times (x 117B)
Class com.google.common.collect.ImmutableMap$MapViewOfValuesAsSingletonSets           : loaded 2 times (x 122B)
Class org.jetbrains.plugins.gradle.model.GradleExtensions                             : loaded 2 times (x 66B)
Class org.jetbrains.plugins.gradle.model.AnnotationProcessingModel                    : loaded 2 times (x 66B)
Class com.google.common.collect.UnmodifiableListIterator                              : loaded 2 times (x 91B)
Class org.gradle.internal.operations.MultipleBuildOperationFailures                   : loaded 2 times (x 91B)
Class [Lcom.google.common.cache.CacheBuilder$OneWeigher;                              : loaded 2 times (x 65B)
Class com.google.common.base.Suppliers                                                : loaded 2 times (x 67B)
Class org.gradle.internal.classloader.DefaultClassLoaderFactory                       : loaded 2 times (x 78B)
Class kotlin.collections.AbstractList$Companion                                       : loaded 2 times (x 67B)
Class org.gradle.internal.classloader.ClassLoaderVisitor                              : loaded 2 times (x 72B)
Class [Lcom.google.common.collect.ImmutableMapEntry;                                  : loaded 2 times (x 65B)
Class org.gradle.api.internal.classpath.EffectiveClassPath                            : loaded 2 times (x 86B)
Class com.google.common.collect.ImmutableEnumMap                                      : loaded 2 times (x 122B)
Class org.gradle.tooling.internal.gradle.DefaultProjectIdentifier                     : loaded 2 times (x 82B)
Class sync_studio_tooling5_1ofg0baydrnjqrptoeq4gg4v7                                  : loaded 2 times (x 175B)
Class org.gradle.api.internal.DefaultClassPathProvider                                : loaded 2 times (x 72B)
Class [Lorg.gradle.api.internal.ClassPathProvider;                                    : loaded 2 times (x 65B)
Class org.gradle.api.internal.ClassPathProvider                                       : loaded 2 times (x 66B)
Class com.google.common.util.concurrent.AbstractFuture$SafeAtomicHelper               : loaded 2 times (x 75B)
Class com.google.common.cache.LocalCache$LocalLoadingCache                            : loaded 2 times (x 130B)
Class org.gradle.internal.service.UnknownServiceException                             : loaded 2 times (x 79B)
Class com.google.common.cache.LocalCache$Strength$1                                   : loaded 2 times (x 77B)
Class org.jetbrains.kotlin.idea.gradleTooling.KotlinDslScriptAdditionalTask           : loaded 2 times (x 66B)
Class com.google.common.util.concurrent.SettableFuture                                : loaded 2 times (x 110B)
Class com.google.common.cache.LocalCache$Strength$2                                   : loaded 2 times (x 77B)
Class ijInit2_6tl7bdk7o1v0m63xsn10dg6wf                                               : loaded 2 times (x 175B)
Class com.google.common.cache.LocalCache$Strength$3                                   : loaded 2 times (x 77B)
Class com.google.common.collect.MapDifference                                         : loaded 2 times (x 66B)
Class com.google.common.cache.CacheBuilder$NullListener                               : loaded 2 times (x 78B)
Class org.gradle.internal.classpath.TransformedClassPath                              : loaded 2 times (x 92B)
Class org.gradle.internal.classloader.InstrumentingClassLoader                        : loaded 2 times (x 66B)
Class com.google.common.cache.CacheLoader$FunctionToCacheLoader                       : loaded 2 times (x 71B)
Class com.google.common.collect.Iterators$ArrayItr                                    : loaded 2 times (x 93B)
Class com.google.common.collect.ImmutableCollection$Builder                           : loaded 2 times (x 72B)
Class kotlin.enums.EnumEntriesList                                                    : loaded 2 times (x 219B)
Class com.google.common.base.MoreObjects                                              : loaded 2 times (x 67B)
Class [Lorg.objectweb.asm.Type;                                                       : loaded 2 times (x 65B)
Class com.google.common.base.Equivalence$Identity                                     : loaded 2 times (x 78B)
Class org.jetbrains.kotlin.idea.gradleTooling.KotlinSourceSetContainer                : loaded 2 times (x 66B)
Class org.jetbrains.plugins.gradle.model.IntelliJSettings                             : loaded 2 times (x 66B)
Class org.gradle.internal.service.ServiceLocator                                      : loaded 2 times (x 66B)
Class com.google.common.collect.SingletonImmutableBiMap                               : loaded 2 times (x 139B)
Class com.google.common.cache.LocalCache$1                                            : loaded 2 times (x 85B)
Class com.google.common.collect.AbstractMapEntry                                      : loaded 2 times (x 77B)
Class org.gradle.tooling.model.UnsupportedMethodException                             : loaded 2 times (x 78B)
Class com.google.common.cache.LocalCache$2                                            : loaded 2 times (x 138B)
Class com.google.common.util.concurrent.AbstractFuture$UnsafeAtomicHelper$1           : loaded 2 times (x 72B)
Class com.google.common.collect.RegularImmutableAsList                                : loaded 2 times (x 213B)
Class com.google.common.util.concurrent.AbstractFuture$Trusted                        : loaded 2 times (x 66B)
Class com.google.common.collect.Iterators                                             : loaded 2 times (x 67B)
Class com.intellij.compose.ide.plugin.gradleTooling.rt.ComposeResourcesModel          : loaded 2 times (x 66B)
Class com.google.common.util.concurrent.UncheckedExecutionException                   : loaded 2 times (x 78B)
Class org.gradle.kotlin.dsl.VersionCatalogAccessorsKt                                 : loaded 2 times (x 67B)
Class org.gradle.internal.InternalTransformer                                         : loaded 2 times (x 66B)
Class com.google.common.base.CharMatcher$And                                          : loaded 2 times (x 108B)
Class com.google.common.cache.CacheLoader$UnsupportedLoadingOperationException        : loaded 2 times (x 78B)
Class org.gradle.internal.time.DefaultTimer                                           : loaded 2 times (x 76B)
Class org.gradle.internal.classloader.ClasspathUtil$1                                 : loaded 2 times (x 72B)
Class com.google.common.collect.IndexedImmutableSet                                   : loaded 2 times (x 148B)
Class com.google.common.collect.ImmutableMap$1                                        : loaded 2 times (x 77B)
Class com.google.common.collect.BiMap                                                 : loaded 2 times (x 66B)
Class org.gradle.api.internal.classpath.DefaultModuleRegistry$DefaultModule           : loaded 2 times (x 82B)
Class com.google.common.collect.AbstractIterator                                      : loaded 2 times (x 78B)
Class com.google.common.collect.AbstractIndexedListIterator                           : loaded 2 times (x 92B)
Class com.google.common.math.MathPreconditions                                        : loaded 2 times (x 67B)
Class org.gradle.internal.time.DefaultCountdownTimer                                  : loaded 2 times (x 84B)
Class com.google.common.collect.ImmutableMapEntrySet                                  : loaded 2 times (x 148B)
Class org.gradle.tooling.internal.gradle.DefaultBuildIdentifier                       : loaded 2 times (x 75B)
Class kotlin.Function                                                                 : loaded 2 times (x 66B)
Class org.gradle.api.internal.classpath.Module                                        : loaded 2 times (x 66B)
Class com.google.common.cache.Weigher                                                 : loaded 2 times (x 66B)
Class org.gradle.api.internal.classpath.UnknownModuleException                        : loaded 2 times (x 78B)
Class com.google.common.base.Stopwatch                                                : loaded 2 times (x 68B)
Class com.google.common.cache.LocalCache$Strength                                     : loaded 2 times (x 77B)
Class com.google.common.cache.Cache                                                   : loaded 2 times (x 66B)
Class com.intellij.openapi.externalSystem.model.project.dependencies.ProjectDependencies: loaded 2 times (x 66B)
Class com.google.common.util.concurrent.AbstractFuture$Cancellation                   : loaded 2 times (x 68B)
Class com.google.common.collect.ImmutableMap$Builder                                  : loaded 2 times (x 78B)
Class com.google.common.cache.RemovalListener                                         : loaded 2 times (x 66B)
Class org.gradle.tooling.internal.gradle.GradleProjectIdentity                        : loaded 2 times (x 66B)
Class org.gradle.api.internal.DefaultClassPathRegistry                                : loaded 2 times (x 72B)
Class org.gradle.api.internal.ClassPathRegistry                                       : loaded 2 times (x 66B)
Class org.gradle.internal.classpath.DefaultClassPath$ImmutableUniqueList              : loaded 2 times (x 195B)
Class com.google.common.cache.CacheBuilder                                            : loaded 2 times (x 68B)
Class com.google.common.collect.SingletonImmutableList                                : loaded 2 times (x 203B)
Class com.google.common.collect.UnmodifiableIterator                                  : loaded 2 times (x 76B)
Class Settings_gradle$1                                                               : loaded 2 times (x 70B)
Class org.gradle.internal.classpath.ClassPath                                         : loaded 2 times (x 66B)
Class org.gradle.api.UncheckedIOException                                             : loaded 2 times (x 78B)
Class com.google.common.collect.ImmutableList$ReverseImmutableList                    : loaded 2 times (x 205B)
Class com.google.common.util.concurrent.AbstractFuture$AtomicHelper                   : loaded 2 times (x 74B)
Class org.jetbrains.kotlin.idea.gradleTooling.KotlinGradleModel                       : loaded 2 times (x 66B)
Class com.google.common.base.Suppliers$SupplierOfInstance                             : loaded 2 times (x 75B)
Class com.google.common.collect.Iterators$1                                           : loaded 2 times (x 77B)
Class org.gradle.tooling.model.Model                                                  : loaded 2 times (x 66B)
Class com.google.common.cache.LocalCache$ComputingValueReference                      : loaded 2 times (x 92B)
Class com.google.common.collect.SingletonImmutableSet                                 : loaded 2 times (x 142B)
Class com.google.common.collect.ImmutableMap$IteratorBasedImmutableMap                : loaded 2 times (x 122B)
Class kotlin.UninitializedPropertyAccessException                                     : loaded 2 times (x 78B)
Class com.google.common.cache.LocalCache$Segment                                      : loaded 2 times (x 150B)
Class org.jetbrains.plugins.gradle.model.IntelliJProjectSettings                      : loaded 2 times (x 66B)
Class com.google.common.cache.CacheLoader                                             : loaded 2 times (x 70B)
Class com.google.common.collect.Iterators$4                                           : loaded 2 times (x 78B)
Class com.google.common.collect.ImmutableBiMap                                        : loaded 2 times (x 139B)
Class org.gradle.internal.installation.GradleInstallation$1                           : loaded 2 times (x 71B)
Class org.gradle.api.internal.classpath.ModuleRegistry                                : loaded 2 times (x 66B)
Class com.google.common.util.concurrent.internal.InternalFutureFailureAccess          : loaded 2 times (x 68B)
Class com.google.common.collect.Iterators$5                                           : loaded 2 times (x 78B)
Class com.google.common.collect.ImmutableSet$JdkBackedSetBuilderImpl                  : loaded 2 times (x 72B)
Class org.jetbrains.plugins.gradle.model.VersionCatalogsModel                         : loaded 2 times (x 66B)
Class com.google.common.util.concurrent.AbstractFuture$UnsafeAtomicHelper             : loaded 2 times (x 74B)
Class com.google.common.base.CharMatcher$ForPredicate                                 : loaded 2 times (x 108B)
Class com.google.common.cache.LocalCache$LocalManualCache$1                           : loaded 2 times (x 71B)
Class com.google.common.base.CharMatcher$AnyOf                                        : loaded 2 times (x 108B)
Class com.google.common.collect.ImmutableCollection                                   : loaded 2 times (x 121B)
Class org.gradle.api.internal.classpath.DefaultModuleRegistry                         : loaded 2 times (x 82B)
Class com.google.common.util.concurrent.ListenableFuture                              : loaded 2 times (x 66B)
Class com.google.common.cache.ReferenceEntry                                          : loaded 2 times (x 66B)
Class com.google.common.base.Converter                                                : loaded 2 times (x 86B)
Class com.google.common.collect.ImmutableSet$CachingAsList                            : loaded 2 times (x 144B)
Class com.google.common.util.concurrent.AbstractFuture                                : loaded 2 times (x 102B)
Class com.google.common.base.FunctionalEquivalence                                    : loaded 2 times (x 79B)
Class com.google.common.collect.Iterators$9                                           : loaded 2 times (x 77B)
Class com.google.common.collect.ImmutableAsList                                       : loaded 2 times (x 205B)
Class com.google.common.cache.CacheLoader$SupplierToCacheLoader                       : loaded 2 times (x 71B)
Class com.google.common.collect.Maps$EntryTransformer                                 : loaded 2 times (x 66B)
Class org.gradle.internal.time.MonotonicClock                                         : loaded 2 times (x 73B)
Class org.gradle.internal.service.ServiceLookupException                              : loaded 2 times (x 78B)
Class [Lcom.google.common.cache.LocalCache$EntryFactory;                              : loaded 2 times (x 65B)
Class org.gradle.internal.classloader.ClassLoaderFactory                              : loaded 2 times (x 66B)
Class com.google.common.base.CharMatcher$IsNot                                        : loaded 2 times (x 107B)
Class com.google.common.cache.LocalCache$LocalManualCache                             : loaded 2 times (x 95B)
Class org.gradle.internal.service.CachingServiceLocator                               : loaded 2 times (x 78B)
Class com.google.common.math.IntMath                                                  : loaded 2 times (x 67B)
Class org.jetbrains.plugins.gradle.model.RepositoryModels                             : loaded 2 times (x 66B)
Class com.google.common.collect.ImmutableMapEntry                                     : loaded 2 times (x 81B)
Class org.gradle.internal.time.TimeSource                                             : loaded 2 times (x 66B)
Class com.google.common.base.Equivalence                                              : loaded 2 times (x 78B)
Class com.google.common.base.Function                                                 : loaded 2 times (x 66B)
Class com.google.common.collect.ImmutableMapEntry$NonTerminalImmutableMapEntry        : loaded 2 times (x 81B)
Class org.gradle.tooling.internal.gradle.GradleBuildIdentity                          : loaded 2 times (x 66B)
Class kotlin.enums.EnumEntries                                                        : loaded 2 times (x 66B)
Class com.google.common.collect.IndexedImmutableSet$1                                 : loaded 2 times (x 209B)
Class com.google.common.cache.CacheBuilder$OneWeigher                                 : loaded 2 times (x 78B)
Class com.google.common.collect.RegularImmutableList                                  : loaded 2 times (x 209B)
Class org.gradle.internal.exceptions.ResolutionProvider                               : loaded 2 times (x 66B)
Class org.gradle.tooling.model.ProjectIdentifier                                      : loaded 2 times (x 66B)
Class org.gradle.internal.classloader.ClasspathUtil                                   : loaded 2 times (x 67B)
Class com.google.common.util.concurrent.Uninterruptibles                              : loaded 2 times (x 67B)
Class com.google.common.collect.Maps                                                  : loaded 2 times (x 67B)
Class org.gradle.internal.time.TimeSource$1                                           : loaded 2 times (x 73B)
Class kotlin.jvm.internal.DefaultConstructorMarker                                    : loaded 2 times (x 67B)
Class org.gradle.api.specs.Spec                                                       : loaded 2 times (x 66B)
Class [Lcom.google.common.collect.ImmutableEntry;                                     : loaded 2 times (x 65B)
Class com.google.common.cache.LocalCache$LoadingValueReference                        : loaded 2 times (x 92B)
Class Build_gradle$1                                                                  : loaded 2 times (x 74B)
Class org.gradle.internal.time.Clock                                                  : loaded 2 times (x 66B)
Class com.google.common.collect.Maps$8                                                : loaded 2 times (x 78B)
Class kotlin.collections.AbstractList                                                 : loaded 2 times (x 193B)
Class kotlin.collections.AbstractCollection                                           : loaded 2 times (x 113B)
Class com.google.common.cache.LocalCache$StrongValueReference                         : loaded 2 times (x 86B)
Class com.google.common.util.concurrent.AbstractFuture$SynchronizedHelper             : loaded 2 times (x 74B)
Class org.objectweb.asm.Type                                                          : loaded 2 times (x 68B)
Class org.gradle.internal.classloader.VisitableURLClassLoader$InstrumentingVisitableURLClassLoader: loaded 2 times (x 119B)
Class [Lcom.google.common.cache.CacheBuilder$NullListener;                            : loaded 2 times (x 65B)
Class com.google.common.math.IntMath$1                                                : loaded 2 times (x 67B)
Class org.gradle.internal.classloader.VisitableURLClassLoader$Spec                    : loaded 2 times (x 70B)
Class org.gradle.internal.classpath.DefaultClassPath                                  : loaded 2 times (x 86B)
Class com.google.common.base.CharMatcher$Ascii                                        : loaded 2 times (x 108B)
Class com.google.common.base.CharMatcher$BitSetMatcher                                : loaded 2 times (x 108B)
Class com.google.common.collect.ImmutableSet                                          : loaded 2 times (x 141B)
Class com.google.common.collect.RegularImmutableMap$Values                            : loaded 2 times (x 203B)
Class org.gradle.internal.classloader.ClassLoaderSpec                                 : loaded 2 times (x 67B)
Class com.google.common.cache.CacheStats                                              : loaded 2 times (x 67B)
Class com.google.common.util.concurrent.AbstractFuture$Listener                       : loaded 2 times (x 68B)
Class com.google.common.base.CharMatcher$Or                                           : loaded 2 times (x 108B)
Class Settings_gradle$1$1                                                             : loaded 2 times (x 70B)
Class kotlin.Unit                                                                     : loaded 2 times (x 67B)
Class com.google.common.base.Supplier                                                 : loaded 2 times (x 66B)
Class org.gradle.internal.classloader.VisitableURLClassLoader                         : loaded 2 times (x 113B)
Class com.google.common.util.concurrent.AbstractFuture$Waiter                         : loaded 2 times (x 68B)
Class Settings_gradle                                                                 : loaded 2 times (x 124B)
Class org.gradle.internal.Cast                                                        : loaded 2 times (x 67B)
Class org.gradle.api.Action                                                           : loaded 2 times (x 66B)
Class com.google.common.base.CharMatcher$FastMatcher                                  : loaded 2 times (x 107B)
Class com.google.common.base.Ticker                                                   : loaded 2 times (x 68B)
Class kotlin.jvm.functions.Function1                                                  : loaded 2 times (x 66B)
Class [Lcom.google.common.cache.LocalCache$Segment;                                   : loaded 2 times (x 65B)
Class com.google.common.base.Predicate                                                : loaded 2 times (x 66B)
Class [Lcom.google.common.cache.LocalCache$Strength;                                  : loaded 2 times (x 65B)
Class com.google.common.cache.CacheBuilder$1                                          : loaded 2 times (x 81B)
Class com.google.common.collect.ImmutableMap                                          : loaded 2 times (x 116B)
Class org.gradle.internal.classpath.DefaultClassPath$ImmutableUniqueList$Builder      : loaded 2 times (x 71B)
Class com.google.common.base.CharMatcher$NegatedFastMatcher                           : loaded 2 times (x 109B)
Class com.google.common.cache.LocalCache                                              : loaded 2 times (x 183B)
Class com.google.common.cache.CacheBuilder$2                                          : loaded 2 times (x 75B)
Class com.google.common.cache.CacheBuilder$3                                          : loaded 2 times (x 68B)
Class [Lcom.google.common.collect.AbstractMapEntry;                                   : loaded 2 times (x 65B)
Class com.google.common.collect.ImmutableEntry                                        : loaded 2 times (x 78B)
Class com.google.common.base.PairwiseEquivalence                                      : loaded 2 times (x 79B)
Class org.gradle.internal.exceptions.NonGradleCauseExceptionsHolder                   : loaded 2 times (x 66B)
Class com.google.common.collect.CollectPreconditions                                  : loaded 2 times (x 67B)
Class com.google.common.collect.SortedMapDifference                                   : loaded 2 times (x 66B)
Class org.jetbrains.plugins.gradle.tooling.ModelBuilderService$Parameter              : loaded 2 times (x 66B)
Class com.google.common.cache.LocalCache$EntryFactory                                 : loaded 2 times (x 79B)
Class com.google.common.cache.LocalCache$AbstractReferenceEntry                       : loaded 2 times (x 103B)
Class kotlin.enums.EnumEntriesKt                                                      : loaded 2 times (x 67B)
Class org.gradle.internal.IoActions                                                   : loaded 2 times (x 67B)
Class com.google.common.cache.CacheLoader$InvalidCacheLoadException                   : loaded 2 times (x 78B)
Class com.google.common.collect.ImmutableSet$RegularSetBuilderImpl                    : loaded 2 times (x 73B)
Class org.gradle.internal.classloader.SystemClassLoaderSpec                           : loaded 2 times (x 67B)
Class com.google.common.cache.LocalCache$StrongEntry                                  : loaded 2 times (x 104B)
Class com.google.common.util.concurrent.AbstractFuture$TrustedFuture                  : loaded 2 times (x 110B)
Class com.google.common.cache.LoadingCache                                            : loaded 2 times (x 66B)
Class org.gradle.internal.exceptions.MultiCauseException                              : loaded 2 times (x 66B)
Class org.gradle.internal.time.CountdownTimer                                         : loaded 2 times (x 66B)
Class kotlin.jvm.internal.Intrinsics                                                  : loaded 2 times (x 67B)
Class [Lcom.google.common.cache.Weigher;                                              : loaded 2 times (x 65B)
Class com.google.common.collect.RegularImmutableMap$BucketOverflowException           : loaded 2 times (x 78B)
Class org.gradle.tooling.model.ProjectModel                                           : loaded 2 times (x 66B)
Class kotlin.KotlinNullPointerException                                               : loaded 2 times (x 79B)
Class com.google.common.collect.RegularImmutableBiMap                                 : loaded 2 times (x 145B)
Class com.google.common.base.CharMatcher$Negated                                      : loaded 2 times (x 109B)
Class com.google.common.base.CharMatcher$Is                                           : loaded 2 times (x 107B)
Class com.google.common.cache.LocalCache$ValueReference                               : loaded 2 times (x 66B)
Class org.jetbrains.plugins.gradle.model.tests.ExternalTestsModel                     : loaded 2 times (x 66B)
Class org.gradle.internal.exceptions.DefaultMultiCauseException                       : loaded 2 times (x 91B)
Class com.google.common.util.concurrent.AbstractFuture$Failure                        : loaded 2 times (x 68B)
Class com.google.common.base.Equivalence$Equals                                       : loaded 2 times (x 78B)
Class com.google.common.collect.Hashing                                               : loaded 2 times (x 67B)
Class com.google.common.base.Preconditions                                            : loaded 2 times (x 67B)
Class com.google.common.base.CharMatcher                                              : loaded 2 times (x 107B)
Class com.google.common.collect.PeekingIterator                                       : loaded 2 times (x 66B)
Class org.gradle.internal.time.Time                                                   : loaded 2 times (x 67B)
Class com.google.common.base.CharMatcher$NamedFastMatcher                             : loaded 2 times (x 108B)
Class com.google.common.base.CharMatcher$1                                            : loaded 2 times (x 109B)
Class com.google.common.cache.LocalCache$EntryFactory$1                               : loaded 2 times (x 79B)
Class [Lcom.google.common.cache.RemovalListener;                                      : loaded 2 times (x 65B)
Class com.google.common.cache.LocalCache$EntryFactory$2                               : loaded 2 times (x 79B)
Class org.jetbrains.plugins.gradle.model.DependencyAccessorsModel                     : loaded 2 times (x 66B)
Class org.gradle.api.internal.classpath.GlobalCacheRootsProvider                      : loaded 2 times (x 66B)
Class com.google.common.cache.LocalCache$EntryFactory$3                               : loaded 2 times (x 79B)
Class com.google.common.base.Ticker$1                                                 : loaded 2 times (x 68B)
Class com.google.common.collect.Maps$BiMapConverter                                   : loaded 2 times (x 86B)
Class com.google.common.collect.ImmutableMapEntrySet$RegularEntrySet                  : loaded 2 times (x 148B)
Class org.jetbrains.kotlin.idea.gradleTooling.KotlinMPPGradleModel                    : loaded 2 times (x 66B)
Class org.gradle.tooling.model.BuildIdentifier                                        : loaded 2 times (x 66B)
Class com.google.common.base.CharMatcher$InRange                                      : loaded 2 times (x 107B)
Class com.google.common.cache.LocalCache$EntryFactory$4                               : loaded 2 times (x 79B)
Class com.google.common.collect.ImmutableSet$Builder                                  : loaded 2 times (x 81B)
Class org.jetbrains.kotlin.idea.gradleTooling.PrepareKotlinIdeImportTaskModel         : loaded 2 times (x 66B)
Class com.google.common.cache.LocalCache$EntryFactory$5                               : loaded 2 times (x 79B)
Class com.google.common.cache.LocalCache$EntryFactory$6                               : loaded 2 times (x 79B)
Class Build_gradle                                                                    : loaded 2 times (x 68B)
Class org.gradle.internal.time.Timer                                                  : loaded 2 times (x 66B)
Class kotlin.jvm.internal.markers.KMappedMarker                                       : loaded 2 times (x 66B)
Class org.gradle.internal.installation.CurrentGradleInstallationLocator               : loaded 2 times (x 67B)
Class com.google.common.cache.LocalCache$EntryFactory$7                               : loaded 2 times (x 79B)
Class com.google.common.collect.ImmutableSet$EmptySetBuilderImpl                      : loaded 2 times (x 72B)
Class com.google.common.collect.ImmutableList                                         : loaded 2 times (x 202B)
Class org.gradle.internal.service.DefaultServiceLocator                               : loaded 2 times (x 79B)
Class com.google.common.cache.LocalCache$EntryFactory$8                               : loaded 2 times (x 79B)
Class com.google.common.collect.ImmutableSet$SetBuilderImpl                           : loaded 2 times (x 72B)
Class org.gradle.util.GradleVersion                                                   : loaded 2 times (x 75B)
Class org.gradle.internal.installation.CurrentGradleInstallation                      : loaded 2 times (x 69B)
Class com.google.common.cache.CacheLoader$1                                           : loaded 2 times (x 71B)
Class com.google.common.collect.ImmutableList$SubList                                 : loaded 2 times (x 205B)
Class org.jetbrains.plugins.gradle.javaModel.JavaGradleManifestModel                  : loaded 2 times (x 66B)
Class org.gradle.util.internal.GUtil                                                  : loaded 2 times (x 67B)
Class com.google.common.util.concurrent.AbstractFuture$SetFuture                      : loaded 2 times (x 71B)
Class com.google.common.cache.AbstractCache$StatsCounter                              : loaded 2 times (x 66B)
Class com.google.common.collect.Iterators$MergingIterator                             : loaded 2 times (x 77B)
Class com.google.common.collect.RegularImmutableSet                                   : loaded 2 times (x 145B)
Class org.gradle.internal.installation.GradleInstallation                             : loaded 2 times (x 71B)
Class com.google.common.collect.Iterables                                             : loaded 2 times (x 67B)

---------------  S Y S T E M  ---------------

OS:
 Windows 10 , 64 bit Build 19041 (10.0.19041.5915)
OS uptime: 0 days 3:09 hours

CPU: total 6 (initial active 6) (6 cores per cpu, 1 threads per core) family 23 model 96 stepping 1 microcode 0x0, cx8, cmov, fxsr, mmx, 3dnowpref, sse, sse2, sse3, ssse3, sse4a, sse4.1, sse4.2, popcnt, lzcnt, tsc, tscinvbit, avx, avx2, aes, clmul, bmi1, bmi2, adx, sha, fma, vzeroupper, clflush, clflushopt, rdtscp, rdpid, f16c
Processor Information for the first 6 processors :
  Max Mhz: 2375, Current Mhz: 2375, Mhz Limit: 2375

Memory: 4k page, system-wide physical 3445M (37M free)
TotalPageFile size 14197M (AvailPageFile size 13M)
current process WorkingSet (physical memory assigned to process): 170M, peak: 219M
current process commit charge ("private bytes"): 477M, peak: 492M

vm_info: OpenJDK 64-Bit Server VM (21.0.6+-13391695-b895.109) for windows-amd64 JRE (21.0.6+-13391695-b895.109), built on 2025-04-22T21:19:17Z by "builder" with MS VC++ 16.10 / 16.11 (VS2019)

END.
