#
# There is insufficient memory for the Java Runtime Environment to continue.
# Native memory allocation (mmap) failed to map 279969792 bytes. Error detail: G1 virtual space
# Possible reasons:
#   The system is out of physical RAM or swap space
#   This process is running with CompressedOops enabled, and the Java Heap may be blocking the growth of the native heap
# Possible solutions:
#   Reduce memory load on the system
#   Increase physical memory or swap space
#   Check if swap backing store is full
#   Decrease Java heap size (-Xmx/-Xms)
#   Decrease number of Java threads
#   Decrease Java thread stack sizes (-Xss)
#   Set larger code cache with -XX:ReservedCodeCacheSize=
#   JVM is running with Unscaled Compressed Oops mode in which the Java heap is
#     placed in the first 4GB address space. The Java Heap base address is the
#     maximum limit for the native heap growth. Please use -XX:HeapBaseMinAddress
#     to set the Java Heap base and to place the Java Heap above 4GB virtual address.
# This output file may be truncated or incomplete.
#
#  Out of Memory Error (os_windows.cpp:3898), pid=4328, tid=8528
#
# JRE version: OpenJDK Runtime Environment (21.0.6) (build 21.0.6+-13391695-b895.109)
# Java VM: OpenJDK 64-Bit Server VM (21.0.6+-13391695-b895.109, mixed mode, tiered, compressed oops, compressed class ptrs, g1 gc, windows-amd64)
# No core dump will be written. Minidumps are not enabled by default on client versions of Windows
#

---------------  S U M M A R Y ------------

Command Line: --add-opens=java.base/java.lang=ALL-UNNAMED --add-opens=java.base/java.lang.invoke=ALL-UNNAMED --add-opens=java.base/java.util=ALL-UNNAMED --add-opens=java.prefs/java.util.prefs=ALL-UNNAMED --add-exports=jdk.compiler/com.sun.tools.javac.api=ALL-UNNAMED --add-exports=jdk.compiler/com.sun.tools.javac.util=ALL-UNNAMED --add-opens=java.base/java.util=ALL-UNNAMED --add-opens=java.prefs/java.util.prefs=ALL-UNNAMED --add-opens=java.base/java.nio.charset=ALL-UNNAMED --add-opens=java.base/java.net=ALL-UNNAMED --add-opens=java.base/java.util.concurrent.atomic=ALL-UNNAMED --add-opens=java.xml/javax.xml.namespace=ALL-UNNAMED -Xmx2048m -Dfile.encoding=UTF-8 -Duser.country=ES -Duser.language=es -Duser.variant -javaagent:C:\Users\USUARIO\.gradle\wrapper\dists\gradle-8.13-bin\5xuhj0ry160q40clulazy9h7d\gradle-8.13\lib\agents\gradle-instrumentation-agent-8.13.jar org.gradle.launcher.daemon.bootstrap.GradleDaemon 8.13

Host: AMD Ryzen 5 4500U with Radeon Graphics         , 6 cores, 3G,  Windows 10 , 64 bit Build 19041 (10.0.19041.5915)
Time: Tue Dec 23 10:19:45 2025 Hora estándar romance elapsed time: 418.936852 seconds (0d 0h 6m 58s)

---------------  T H R E A D  ---------------

Current thread (0x00000252c0237700):  VMThread "VM Thread"          [id=8528, stack(0x000000d82f500000,0x000000d82f600000) (1024K)]

Stack: [0x000000d82f500000,0x000000d82f600000]
Native frames: (J=compiled Java code, j=interpreted, Vv=VM code, C=native code)
V  [jvm.dll+0x6d0639]
V  [jvm.dll+0x85eb03]
V  [jvm.dll+0x86105e]
V  [jvm.dll+0x861743]
V  [jvm.dll+0x27e6e6]
V  [jvm.dll+0x6ccfd5]
V  [jvm.dll+0x6c0a8a]
V  [jvm.dll+0x35537b]
V  [jvm.dll+0x35cfd6]
V  [jvm.dll+0x3aef86]
V  [jvm.dll+0x3af258]
V  [jvm.dll+0x327a2c]
V  [jvm.dll+0x327ab7]
V  [jvm.dll+0x36d93c]
V  [jvm.dll+0x36c0ee]
V  [jvm.dll+0x327181]
V  [jvm.dll+0x36b7f0]
V  [jvm.dll+0x8674c8]
V  [jvm.dll+0x868844]
V  [jvm.dll+0x868d80]
V  [jvm.dll+0x869013]
V  [jvm.dll+0x806ed8]
V  [jvm.dll+0x6cef0d]
C  [ucrtbase.dll+0x21bb2]
C  [KERNEL32.DLL+0x17374]
C  [ntdll.dll+0x4cc91]

VM_Operation (0x000000d8332fb7c0): G1CollectForAllocation, mode: safepoint, requested by thread 0x00000252c67f2db0


---------------  P R O C E S S  ---------------

Threads class SMR info:
_java_thread_list=0x00000252cf669ba0, length=79, elements={
0x00000252a6d423e0, 0x00000252c0438260, 0x00000252c0438db0, 0x00000252c043c750,
0x00000252c043cdb0, 0x00000252c043d800, 0x00000252c0449550, 0x00000252c044aa70,
0x00000252c045c310, 0x00000252c0603720, 0x00000252c075bba0, 0x00000252c6722aa0,
0x00000252c500f9b0, 0x00000252c68bbe30, 0x00000252c6a382f0, 0x00000252c6a3b0e0,
0x00000252c6a37c60, 0x00000252c6a39d30, 0x00000252c7452e70, 0x00000252c7450710,
0x00000252c71a2430, 0x00000252c9ea5d40, 0x00000252cfb1d8d0, 0x00000252c67fe570,
0x00000252c6801360, 0x00000252c67fb0f0, 0x00000252c67fec00, 0x00000252d0ba3550,
0x00000252d0ba6340, 0x00000252d0ba69d0, 0x00000252d0ba3be0, 0x00000252d0ba0760,
0x00000252d0ba1480, 0x00000252d0ba4270, 0x00000252d0ba4f90, 0x00000252d0ba5cb0,
0x00000252d0b9ed20, 0x00000252d0ba9e50, 0x00000252d0bac5b0, 0x00000252d0bacc40,
0x00000252d0badff0, 0x00000252d0baa4e0, 0x00000252d0ba7d80, 0x00000252d0ba7060,
0x00000252d0ba97c0, 0x00000252d0bab890, 0x00000252d0ba76f0, 0x00000252d0ba4900,
0x00000252d0b9fa40, 0x00000252d0bad2d0, 0x00000252d0ba8410, 0x00000252d0babf20,
0x00000252d0bad960, 0x00000252d0baab70, 0x00000252d0bab200, 0x00000252d0ba8aa0,
0x00000252d0ba9130, 0x00000252c67f7c70, 0x00000252c67f4e80, 0x00000252c67f8300,
0x00000252c67f8990, 0x00000252c67f75e0, 0x00000252c67f9020, 0x00000252c67f96b0,
0x00000252c67f68c0, 0x00000252c67f47f0, 0x00000252c67f6f50, 0x00000252c67f2db0,
0x00000252c67fa3d0, 0x00000252c67f3440, 0x00000252c67ff290, 0x00000252c67ff920,
0x00000252c6800640, 0x00000252c67f5ba0, 0x00000252c67faa60, 0x00000252c67f3ad0,
0x00000252c67fb780, 0x00000252c67fc4a0, 0x00000252c67fd850
}

Java Threads: ( => current thread )
  0x00000252a6d423e0 JavaThread "main"                              [_thread_blocked, id=1128, stack(0x000000d82ee00000,0x000000d82ef00000) (1024K)]
  0x00000252c0438260 JavaThread "Reference Handler"          daemon [_thread_blocked, id=3628, stack(0x000000d82f600000,0x000000d82f700000) (1024K)]
  0x00000252c0438db0 JavaThread "Finalizer"                  daemon [_thread_blocked, id=5096, stack(0x000000d82f700000,0x000000d82f800000) (1024K)]
  0x00000252c043c750 JavaThread "Signal Dispatcher"          daemon [_thread_blocked, id=10588, stack(0x000000d82f800000,0x000000d82f900000) (1024K)]
  0x00000252c043cdb0 JavaThread "Attach Listener"            daemon [_thread_blocked, id=3552, stack(0x000000d82f900000,0x000000d82fa00000) (1024K)]
  0x00000252c043d800 JavaThread "Service Thread"             daemon [_thread_blocked, id=10656, stack(0x000000d82fa00000,0x000000d82fb00000) (1024K)]
  0x00000252c0449550 JavaThread "Monitor Deflation Thread"   daemon [_thread_blocked, id=12156, stack(0x000000d82fb00000,0x000000d82fc00000) (1024K)]
  0x00000252c044aa70 JavaThread "C2 CompilerThread0"         daemon [_thread_blocked, id=1564, stack(0x000000d82fc00000,0x000000d82fd00000) (1024K)]
  0x00000252c045c310 JavaThread "C1 CompilerThread0"         daemon [_thread_blocked, id=1048, stack(0x000000d82fd00000,0x000000d82fe00000) (1024K)]
  0x00000252c0603720 JavaThread "Common-Cleaner"             daemon [_thread_blocked, id=7980, stack(0x000000d82fe00000,0x000000d82ff00000) (1024K)]
  0x00000252c075bba0 JavaThread "Notification Thread"        daemon [_thread_blocked, id=9356, stack(0x000000d82ff00000,0x000000d830000000) (1024K)]
  0x00000252c6722aa0 JavaThread "Daemon health stats"               [_thread_blocked, id=9428, stack(0x000000d830500000,0x000000d830600000) (1024K)]
  0x00000252c500f9b0 JavaThread "Incoming local TCP Connector on port 64465"        [_thread_in_native, id=11412, stack(0x000000d830600000,0x000000d830700000) (1024K)]
  0x00000252c68bbe30 JavaThread "Daemon periodic checks"            [_thread_blocked, id=2088, stack(0x000000d830700000,0x000000d830800000) (1024K)]
  0x00000252c6a382f0 JavaThread "Cache worker for journal cache (C:\Users\USUARIO\.gradle\caches\journal-1)"        [_thread_blocked, id=9212, stack(0x000000d831000000,0x000000d831100000) (1024K)]
  0x00000252c6a3b0e0 JavaThread "File lock request listener"        [_thread_in_native, id=8412, stack(0x000000d831100000,0x000000d831200000) (1024K)]
  0x00000252c6a37c60 JavaThread "Cache worker for file hash cache (C:\Users\USUARIO\.gradle\caches\8.13\fileHashes)"        [_thread_blocked, id=2908, stack(0x000000d831200000,0x000000d831300000) (1024K)]
  0x00000252c6a39d30 JavaThread "File watcher server"        daemon [_thread_blocked, id=11824, stack(0x000000d831500000,0x000000d831600000) (1024K)]
  0x00000252c7452e70 JavaThread "File watcher consumer"      daemon [_thread_blocked, id=10492, stack(0x000000d831600000,0x000000d831700000) (1024K)]
  0x00000252c7450710 JavaThread "Cache worker for file content cache (C:\Users\USUARIO\.gradle\caches\8.13\fileContent)"        [_thread_blocked, id=1732, stack(0x000000d831800000,0x000000d831900000) (1024K)]
  0x00000252c71a2430 JavaThread "Memory manager"                    [_thread_blocked, id=2976, stack(0x000000d833a00000,0x000000d833b00000) (1024K)]
  0x00000252c9ea5d40 JavaThread "pool-3-thread-1"                   [_thread_blocked, id=9596, stack(0x000000d833c00000,0x000000d833d00000) (1024K)]
  0x00000252cfb1d8d0 JavaThread "pool-6-thread-1"                   [_thread_blocked, id=10536, stack(0x000000d832f00000,0x000000d833000000) (1024K)]
  0x00000252c67fe570 JavaThread "RMI Scheduler(0)"           daemon [_thread_blocked, id=1932, stack(0x000000d835b00000,0x000000d835c00000) (1024K)]
  0x00000252c6801360 JavaThread "RMI GC Daemon"              daemon [_thread_blocked, id=4888, stack(0x000000d835d00000,0x000000d835e00000) (1024K)]
  0x00000252c67fb0f0 JavaThread "RMI TCP Accept-0"           daemon [_thread_in_native, id=7688, stack(0x000000d835e00000,0x000000d835f00000) (1024K)]
  0x00000252c67fec00 JavaThread "RMI Reaper"                        [_thread_blocked, id=8904, stack(0x000000d835f00000,0x000000d836000000) (1024K)]
  0x00000252d0ba3550 JavaThread "ForkJoinPool.commonPool-worker-2" daemon [_thread_blocked, id=10636, stack(0x000000d836900000,0x000000d836a00000) (1024K)]
  0x00000252d0ba6340 JavaThread "ForkJoinPool.commonPool-worker-4" daemon [_thread_blocked, id=5992, stack(0x000000d836b00000,0x000000d836c00000) (1024K)]
  0x00000252d0ba69d0 JavaThread "ForkJoinPool.commonPool-worker-5" daemon [_thread_blocked, id=7020, stack(0x000000d836c00000,0x000000d836d00000) (1024K)]
  0x00000252d0ba3be0 JavaThread "Daemon Thread 3"                   [_thread_blocked, id=1828, stack(0x000000d82eb00000,0x000000d82ec00000) (1024K)]
  0x00000252d0ba0760 JavaThread "Handler for socket connection from /127.0.0.1:64465 to /127.0.0.1:64715"        [_thread_in_native, id=9948, stack(0x000000d82ec00000,0x000000d82ed00000) (1024K)]
  0x00000252d0ba1480 JavaThread "Cancel handler"                    [_thread_blocked, id=8704, stack(0x000000d82ed00000,0x000000d82ee00000) (1024K)]
  0x00000252d0ba4270 JavaThread "Daemon worker Thread 3"            [_thread_blocked, id=10360, stack(0x000000d830800000,0x000000d830900000) (1024K)]
  0x00000252d0ba4f90 JavaThread "Asynchronous log dispatcher for DefaultDaemonConnection: socket connection from /127.0.0.1:64465 to /127.0.0.1:64715"        [_thread_blocked, id=6092, stack(0x000000d830900000,0x000000d830a00000) (1024K)]
  0x00000252d0ba5cb0 JavaThread "Stdin handler"                     [_thread_blocked, id=7348, stack(0x000000d830a00000,0x000000d830b00000) (1024K)]
  0x00000252d0b9ed20 JavaThread "Daemon client event forwarder"        [_thread_blocked, id=1760, stack(0x000000d830b00000,0x000000d830c00000) (1024K)]
  0x00000252d0ba9e50 JavaThread "Cache worker for file hash cache (C:\Users\USUARIO\Desktop\PROGRAMACION\AsuntosInstitucionalesInmemorial\.gradle\8.13\fileHashes)"        [_thread_blocked, id=10496, stack(0x000000d830c00000,0x000000d830d00000) (1024K)]
  0x00000252d0bac5b0 JavaThread "Cache worker for Build Output Cleanup Cache (C:\Users\USUARIO\Desktop\PROGRAMACION\AsuntosInstitucionalesInmemorial\.gradle\buildOutputCleanup)"        [_thread_blocked, id=8532, stack(0x000000d830d00000,0x000000d830e00000) (1024K)]
  0x00000252d0bacc40 JavaThread "Cache worker for checksums cache (C:\Users\USUARIO\Desktop\PROGRAMACION\AsuntosInstitucionalesInmemorial\.gradle\8.13\checksums)"        [_thread_blocked, id=1740, stack(0x000000d830e00000,0x000000d830f00000) (1024K)]
  0x00000252d0badff0 JavaThread "Cache worker for cache directory md-supplier (C:\Users\USUARIO\.gradle\caches\8.13\md-supplier)"        [_thread_blocked, id=10764, stack(0x000000d831300000,0x000000d831400000) (1024K)]
  0x00000252d0baa4e0 JavaThread "Cache worker for cache directory md-rule (C:\Users\USUARIO\.gradle\caches\8.13\md-rule)"        [_thread_blocked, id=5364, stack(0x000000d831400000,0x000000d831500000) (1024K)]
  0x00000252d0ba7d80 JavaThread "Unconstrained build operations"        [_thread_blocked, id=11484, stack(0x000000d831700000,0x000000d831800000) (1024K)]
  0x00000252d0ba7060 JavaThread "Unconstrained build operations Thread 2"        [_thread_blocked, id=10900, stack(0x000000d831900000,0x000000d831a00000) (1024K)]
  0x00000252d0ba97c0 JavaThread "Unconstrained build operations Thread 3"        [_thread_blocked, id=8916, stack(0x000000d831a00000,0x000000d831b00000) (1024K)]
  0x00000252d0bab890 JavaThread "Unconstrained build operations Thread 4"        [_thread_blocked, id=9088, stack(0x000000d831b00000,0x000000d831c00000) (1024K)]
  0x00000252d0ba76f0 JavaThread "Unconstrained build operations Thread 5"        [_thread_blocked, id=11272, stack(0x000000d831c00000,0x000000d831d00000) (1024K)]
  0x00000252d0ba4900 JavaThread "Unconstrained build operations Thread 6"        [_thread_blocked, id=2872, stack(0x000000d831d00000,0x000000d831e00000) (1024K)]
  0x00000252d0b9fa40 JavaThread "Unconstrained build operations Thread 7"        [_thread_blocked, id=10284, stack(0x000000d831e00000,0x000000d831f00000) (1024K)]
  0x00000252d0bad2d0 JavaThread "Unconstrained build operations Thread 8"        [_thread_blocked, id=9412, stack(0x000000d831f00000,0x000000d832000000) (1024K)]
  0x00000252d0ba8410 JavaThread "Unconstrained build operations Thread 9"        [_thread_blocked, id=6280, stack(0x000000d832000000,0x000000d832100000) (1024K)]
  0x00000252d0babf20 JavaThread "Unconstrained build operations Thread 10"        [_thread_blocked, id=2200, stack(0x000000d832100000,0x000000d832200000) (1024K)]
  0x00000252d0bad960 JavaThread "Unconstrained build operations Thread 11"        [_thread_blocked, id=8340, stack(0x000000d832200000,0x000000d832300000) (1024K)]
  0x00000252d0baab70 JavaThread "Unconstrained build operations Thread 12"        [_thread_blocked, id=10728, stack(0x000000d832300000,0x000000d832400000) (1024K)]
  0x00000252d0bab200 JavaThread "Unconstrained build operations Thread 13"        [_thread_blocked, id=4436, stack(0x000000d832400000,0x000000d832500000) (1024K)]
  0x00000252d0ba8aa0 JavaThread "Unconstrained build operations Thread 14"        [_thread_blocked, id=8996, stack(0x000000d832500000,0x000000d832600000) (1024K)]
  0x00000252d0ba9130 JavaThread "Unconstrained build operations Thread 15"        [_thread_blocked, id=11700, stack(0x000000d832600000,0x000000d832700000) (1024K)]
  0x00000252c67f7c70 JavaThread "Unconstrained build operations Thread 16"        [_thread_blocked, id=10056, stack(0x000000d832700000,0x000000d832800000) (1024K)]
  0x00000252c67f4e80 JavaThread "Unconstrained build operations Thread 17"        [_thread_blocked, id=10544, stack(0x000000d832800000,0x000000d832900000) (1024K)]
  0x00000252c67f8300 JavaThread "Unconstrained build operations Thread 18"        [_thread_blocked, id=11352, stack(0x000000d832900000,0x000000d832a00000) (1024K)]
  0x00000252c67f8990 JavaThread "Unconstrained build operations Thread 19"        [_thread_blocked, id=8388, stack(0x000000d832a00000,0x000000d832b00000) (1024K)]
  0x00000252c67f75e0 JavaThread "Unconstrained build operations Thread 20"        [_thread_blocked, id=7668, stack(0x000000d832b00000,0x000000d832c00000) (1024K)]
  0x00000252c67f9020 JavaThread "build event listener"              [_thread_blocked, id=7564, stack(0x000000d832c00000,0x000000d832d00000) (1024K)]
  0x00000252c67f96b0 JavaThread "build event listener"              [_thread_blocked, id=9652, stack(0x000000d832d00000,0x000000d832e00000) (1024K)]
  0x00000252c67f68c0 JavaThread "pool-10-thread-1"                  [_thread_blocked, id=2512, stack(0x000000d832e00000,0x000000d832f00000) (1024K)]
  0x00000252c67f47f0 JavaThread "build event listener"              [_thread_blocked, id=7808, stack(0x000000d833000000,0x000000d833100000) (1024K)]
  0x00000252c67f6f50 JavaThread "included builds"                   [_thread_blocked, id=11280, stack(0x000000d833100000,0x000000d833200000) (1024K)]
  0x00000252c67f2db0 JavaThread "Execution worker"                  [_thread_blocked, id=2056, stack(0x000000d833200000,0x000000d833300000) (1024K)]
  0x00000252c67fa3d0 JavaThread "Execution worker Thread 2"         [_thread_blocked, id=5848, stack(0x000000d833300000,0x000000d833400000) (1024K)]
  0x00000252c67f3440 JavaThread "Execution worker Thread 3"         [_thread_blocked, id=9648, stack(0x000000d833400000,0x000000d833500000) (1024K)]
  0x00000252c67ff290 JavaThread "Execution worker Thread 4"         [_thread_blocked, id=3520, stack(0x000000d833500000,0x000000d833600000) (1024K)]
  0x00000252c67ff920 JavaThread "Execution worker Thread 5"         [_thread_blocked, id=4200, stack(0x000000d833600000,0x000000d833700000) (1024K)]
  0x00000252c6800640 JavaThread "Cache worker for execution history cache (C:\Users\USUARIO\Desktop\PROGRAMACION\AsuntosInstitucionalesInmemorial\.gradle\8.13\executionHistory)"        [_thread_blocked, id=4564, stack(0x000000d833700000,0x000000d833800000) (1024K)]
  0x00000252c67f5ba0 JavaThread "Unconstrained build operations Thread 21"        [_thread_blocked, id=7684, stack(0x000000d833800000,0x000000d833900000) (1024K)]
  0x00000252c67faa60 JavaThread "Unconstrained build operations Thread 22"        [_thread_blocked, id=11916, stack(0x000000d833900000,0x000000d833a00000) (1024K)]
  0x00000252c67f3ad0 JavaThread "Unconstrained build operations Thread 23"        [_thread_blocked, id=7928, stack(0x000000d833b00000,0x000000d833c00000) (1024K)]
  0x00000252c67fb780 JavaThread "Unconstrained build operations Thread 24"        [_thread_blocked, id=8516, stack(0x000000d833d00000,0x000000d833e00000) (1024K)]
  0x00000252c67fc4a0 JavaThread "Unconstrained build operations Thread 25"        [_thread_blocked, id=4304, stack(0x000000d833e00000,0x000000d833f00000) (1024K)]
  0x00000252c67fd850 JavaThread "Unconstrained build operations Thread 26"        [_thread_blocked, id=2736, stack(0x000000d833f00000,0x000000d834000000) (1024K)]
Total: 79

Other Threads:
=>0x00000252c0237700 VMThread "VM Thread"                           [id=8528, stack(0x000000d82f500000,0x000000d82f600000) (1024K)]
  0x00000252c021eaf0 WatcherThread "VM Periodic Task Thread"        [id=10328, stack(0x000000d82f400000,0x000000d82f500000) (1024K)]
  0x00000252a906d390 WorkerThread "GC Thread#0"                     [id=9516, stack(0x000000d82ef00000,0x000000d82f000000) (1024K)]
  0x00000252c0237360 WorkerThread "GC Thread#1"                     [id=7624, stack(0x000000d830000000,0x000000d830100000) (1024K)]
  0x00000252c0236880 WorkerThread "GC Thread#2"                     [id=9000, stack(0x000000d830100000,0x000000d830200000) (1024K)]
  0x00000252c0235da0 WorkerThread "GC Thread#3"                     [id=3960, stack(0x000000d830200000,0x000000d830300000) (1024K)]
  0x00000252c0236140 WorkerThread "GC Thread#4"                     [id=10140, stack(0x000000d830300000,0x000000d830400000) (1024K)]
  0x00000252c0236c20 WorkerThread "GC Thread#5"                     [id=9636, stack(0x000000d830400000,0x000000d830500000) (1024K)]
  0x00000252a907e380 ConcurrentGCThread "G1 Main Marker"            [id=10476, stack(0x000000d82f000000,0x000000d82f100000) (1024K)]
  0x00000252a907f4c0 WorkerThread "G1 Conc#0"                       [id=12232, stack(0x000000d82f100000,0x000000d82f200000) (1024K)]
  0x00000252c6a66250 WorkerThread "G1 Conc#1"                       [id=11832, stack(0x000000d830f00000,0x000000d831000000) (1024K)]
  0x00000252a90d25e0 ConcurrentGCThread "G1 Refine#0"               [id=1512, stack(0x000000d82f200000,0x000000d82f300000) (1024K)]
  0x00000252a90d2ff0 ConcurrentGCThread "G1 Service"                [id=9284, stack(0x000000d82f300000,0x000000d82f400000) (1024K)]
Total: 13

Threads with active compile tasks:
C2 CompilerThread0  419008 22085   !   4       java.nio.file.Files::walkFileTree (297 bytes)
Total: 1

VM state: at safepoint (normal execution)

VM Mutex/Monitor currently owned by a thread:  ([mutex/lock_event])
[0x00007ffa152de3a0] Threads_lock - owner thread: 0x00000252c0237700
[0x00007ffa152de4a0] Heap_lock - owner thread: 0x00000252c67f2db0

Heap address: 0x0000000080000000, size: 2048 MB, Compressed Oops mode: 32-bit

CDS archive(s) not mapped
Compressed class space mapped at: 0x0000000100000000-0x0000000140000000, reserved size: 1073741824
Narrow klass base: 0x0000000000000000, Narrow klass shift: 3, Narrow klass range: 0x140000000

GC Precious Log:
 CardTable entry size: 512
 Card Set container configuration: InlinePtr #cards 5 size 8 Array Of Cards #cards 12 size 40 Howl #buckets 4 coarsen threshold 1843 Howl Bitmap #cards 512 size 80 coarsen threshold 460 Card regions per heap region 1 cards per card region 2048
 CPUs: 6 total, 6 available
 Memory: 3445M
 Large Page Support: Disabled
 NUMA Support: Disabled
 Compressed Oops: Enabled (32-bit)
 Heap Region Size: 1M
 Heap Min Capacity: 8M
 Heap Initial Capacity: 54M
 Heap Max Capacity: 2G
 Pre-touch: Disabled
 Parallel Workers: 6
 Concurrent Workers: 2
 Concurrent Refinement Workers: 6
 Periodic GC: Disabled

Heap:
 garbage-first heap   total 394240K, used 186059K [0x0000000080000000, 0x0000000100000000)
  region size 1024K, 7 young (7168K), 7 survivors (7168K)
 Metaspace       used 152046K, committed 154496K, reserved 1245184K
  class space    used 20262K, committed 21504K, reserved 1048576K

Heap Regions: E=young(eden), S=young(survivor), O=old, HS=humongous(starts), HC=humongous(continues), CS=collection set, F=free, TAMS=top-at-mark-start, PB=parsable bottom
|   0|0x0000000080000000, 0x0000000080100000, 0x0000000080100000|100%|HS|  |TAMS 0x0000000080000000| PB 0x0000000080000000| Complete 
|   1|0x0000000080100000, 0x0000000080200000, 0x0000000080200000|100%|HC|  |TAMS 0x0000000080100000| PB 0x0000000080100000| Complete 
|   2|0x0000000080200000, 0x0000000080300000, 0x0000000080300000|100%|HC|  |TAMS 0x0000000080200000| PB 0x0000000080200000| Complete 
|   3|0x0000000080300000, 0x0000000080400000, 0x0000000080400000|100%| O|  |TAMS 0x0000000080300000| PB 0x0000000080300000| Untracked 
|   4|0x0000000080400000, 0x0000000080500000, 0x0000000080500000|100%| O|  |TAMS 0x0000000080400000| PB 0x0000000080400000| Untracked 
|   5|0x0000000080500000, 0x0000000080600000, 0x0000000080600000|100%| O|  |TAMS 0x0000000080500000| PB 0x0000000080500000| Untracked 
|   6|0x0000000080600000, 0x0000000080700000, 0x0000000080700000|100%| O|  |TAMS 0x0000000080600000| PB 0x0000000080600000| Untracked 
|   7|0x0000000080700000, 0x0000000080800000, 0x0000000080800000|100%| O|  |TAMS 0x0000000080700000| PB 0x0000000080700000| Untracked 
|   8|0x0000000080800000, 0x0000000080900000, 0x0000000080900000|100%| O|  |TAMS 0x0000000080800000| PB 0x0000000080800000| Untracked 
|   9|0x0000000080900000, 0x0000000080a00000, 0x0000000080a00000|100%| O|  |TAMS 0x0000000080900000| PB 0x0000000080900000| Untracked 
|  10|0x0000000080a00000, 0x0000000080b00000, 0x0000000080b00000|100%| O|  |TAMS 0x0000000080a00000| PB 0x0000000080a00000| Untracked 
|  11|0x0000000080b00000, 0x0000000080c00000, 0x0000000080c00000|100%|HS|  |TAMS 0x0000000080b00000| PB 0x0000000080b00000| Complete 
|  12|0x0000000080c00000, 0x0000000080d00000, 0x0000000080d00000|100%| O|  |TAMS 0x0000000080c00000| PB 0x0000000080c00000| Untracked 
|  13|0x0000000080d00000, 0x0000000080e00000, 0x0000000080e00000|100%| O|  |TAMS 0x0000000080d00000| PB 0x0000000080d00000| Untracked 
|  14|0x0000000080e00000, 0x0000000080effff8, 0x0000000080f00000| 99%| O|  |TAMS 0x0000000080e00000| PB 0x0000000080e00000| Untracked 
|  15|0x0000000080f00000, 0x0000000081000000, 0x0000000081000000|100%| O|  |TAMS 0x0000000080f00000| PB 0x0000000080f00000| Untracked 
|  16|0x0000000081000000, 0x0000000081100000, 0x0000000081100000|100%| O|  |TAMS 0x0000000081000000| PB 0x0000000081000000| Untracked 
|  17|0x0000000081100000, 0x0000000081200000, 0x0000000081200000|100%| O|  |TAMS 0x0000000081100000| PB 0x0000000081100000| Untracked 
|  18|0x0000000081200000, 0x0000000081300000, 0x0000000081300000|100%| O|  |TAMS 0x0000000081200000| PB 0x0000000081200000| Untracked 
|  19|0x0000000081300000, 0x0000000081400000, 0x0000000081400000|100%| O|  |TAMS 0x0000000081300000| PB 0x0000000081300000| Untracked 
|  20|0x0000000081400000, 0x0000000081500000, 0x0000000081500000|100%| O|  |TAMS 0x0000000081400000| PB 0x0000000081400000| Untracked 
|  21|0x0000000081500000, 0x0000000081600000, 0x0000000081600000|100%| O|  |TAMS 0x0000000081500000| PB 0x0000000081500000| Untracked 
|  22|0x0000000081600000, 0x0000000081700000, 0x0000000081700000|100%| O|  |TAMS 0x0000000081600000| PB 0x0000000081600000| Untracked 
|  23|0x0000000081700000, 0x0000000081800000, 0x0000000081800000|100%| O|  |TAMS 0x0000000081700000| PB 0x0000000081700000| Untracked 
|  24|0x0000000081800000, 0x0000000081900000, 0x0000000081900000|100%| O|  |TAMS 0x0000000081800000| PB 0x0000000081800000| Untracked 
|  25|0x0000000081900000, 0x0000000081a00000, 0x0000000081a00000|100%| O|  |TAMS 0x0000000081900000| PB 0x0000000081900000| Untracked 
|  26|0x0000000081a00000, 0x0000000081b00000, 0x0000000081b00000|100%| O|  |TAMS 0x0000000081a00000| PB 0x0000000081a00000| Untracked 
|  27|0x0000000081b00000, 0x0000000081c00000, 0x0000000081c00000|100%| O|  |TAMS 0x0000000081b00000| PB 0x0000000081b00000| Untracked 
|  28|0x0000000081c00000, 0x0000000081d00000, 0x0000000081d00000|100%| O|  |TAMS 0x0000000081c00000| PB 0x0000000081c00000| Untracked 
|  29|0x0000000081d00000, 0x0000000081e00000, 0x0000000081e00000|100%| O|  |TAMS 0x0000000081d00000| PB 0x0000000081d00000| Untracked 
|  30|0x0000000081e00000, 0x0000000081f00000, 0x0000000081f00000|100%| O|  |TAMS 0x0000000081e00000| PB 0x0000000081e00000| Untracked 
|  31|0x0000000081f00000, 0x0000000082000000, 0x0000000082000000|100%| O|  |TAMS 0x0000000081f00000| PB 0x0000000081f00000| Untracked 
|  32|0x0000000082000000, 0x0000000082100000, 0x0000000082100000|100%| O|  |TAMS 0x0000000082000000| PB 0x0000000082000000| Untracked 
|  33|0x0000000082100000, 0x0000000082200000, 0x0000000082200000|100%| O|  |TAMS 0x0000000082100000| PB 0x0000000082100000| Untracked 
|  34|0x0000000082200000, 0x0000000082300000, 0x0000000082300000|100%| O|  |TAMS 0x0000000082200000| PB 0x0000000082200000| Untracked 
|  35|0x0000000082300000, 0x0000000082400000, 0x0000000082400000|100%| O|  |TAMS 0x0000000082300000| PB 0x0000000082300000| Untracked 
|  36|0x0000000082400000, 0x0000000082500000, 0x0000000082500000|100%| O|  |TAMS 0x0000000082400000| PB 0x0000000082400000| Untracked 
|  37|0x0000000082500000, 0x0000000082600000, 0x0000000082600000|100%| O|  |TAMS 0x0000000082500000| PB 0x0000000082500000| Untracked 
|  38|0x0000000082600000, 0x0000000082700000, 0x0000000082700000|100%| O|  |TAMS 0x0000000082600000| PB 0x0000000082600000| Untracked 
|  39|0x0000000082700000, 0x0000000082800000, 0x0000000082800000|100%|HS|  |TAMS 0x0000000082700000| PB 0x0000000082700000| Complete 
|  40|0x0000000082800000, 0x0000000082900000, 0x0000000082900000|100%|HS|  |TAMS 0x0000000082800000| PB 0x0000000082800000| Complete 
|  41|0x0000000082900000, 0x0000000082a00000, 0x0000000082a00000|100%|HS|  |TAMS 0x0000000082900000| PB 0x0000000082900000| Complete 
|  42|0x0000000082a00000, 0x0000000082b00000, 0x0000000082b00000|100%|HC|  |TAMS 0x0000000082a00000| PB 0x0000000082a00000| Complete 
|  43|0x0000000082b00000, 0x0000000082c00000, 0x0000000082c00000|100%|HS|  |TAMS 0x0000000082b00000| PB 0x0000000082b00000| Complete 
|  44|0x0000000082c00000, 0x0000000082d00000, 0x0000000082d00000|100%| O|  |TAMS 0x0000000082c00000| PB 0x0000000082c00000| Untracked 
|  45|0x0000000082d00000, 0x0000000082d00000, 0x0000000082e00000|  0%| F|  |TAMS 0x0000000082d00000| PB 0x0000000082d00000| Untracked 
|  46|0x0000000082e00000, 0x0000000082f00000, 0x0000000082f00000|100%| O|  |TAMS 0x0000000082e00000| PB 0x0000000082e00000| Untracked 
|  47|0x0000000082f00000, 0x0000000083000000, 0x0000000083000000|100%| O|  |TAMS 0x0000000082f00000| PB 0x0000000082f00000| Untracked 
|  48|0x0000000083000000, 0x0000000083100000, 0x0000000083100000|100%| O|  |TAMS 0x0000000083000000| PB 0x0000000083000000| Untracked 
|  49|0x0000000083100000, 0x0000000083200000, 0x0000000083200000|100%|HS|  |TAMS 0x0000000083100000| PB 0x0000000083100000| Complete 
|  50|0x0000000083200000, 0x0000000083300000, 0x0000000083300000|100%|HC|  |TAMS 0x0000000083200000| PB 0x0000000083200000| Complete 
|  51|0x0000000083300000, 0x0000000083400000, 0x0000000083400000|100%|HS|  |TAMS 0x0000000083300000| PB 0x0000000083300000| Complete 
|  52|0x0000000083400000, 0x0000000083500000, 0x0000000083500000|100%|HS|  |TAMS 0x0000000083400000| PB 0x0000000083400000| Complete 
|  53|0x0000000083500000, 0x0000000083600000, 0x0000000083600000|100%| O|  |TAMS 0x0000000083500000| PB 0x0000000083500000| Untracked 
|  54|0x0000000083600000, 0x0000000083700000, 0x0000000083700000|100%|HS|  |TAMS 0x0000000083600000| PB 0x0000000083600000| Complete 
|  55|0x0000000083700000, 0x0000000083800000, 0x0000000083800000|100%|HC|  |TAMS 0x0000000083700000| PB 0x0000000083700000| Complete 
|  56|0x0000000083800000, 0x0000000083900000, 0x0000000083900000|100%|HC|  |TAMS 0x0000000083800000| PB 0x0000000083800000| Complete 
|  57|0x0000000083900000, 0x0000000083a00000, 0x0000000083a00000|100%|HS|  |TAMS 0x0000000083900000| PB 0x0000000083900000| Complete 
|  58|0x0000000083a00000, 0x0000000083b00000, 0x0000000083b00000|100%| O|  |TAMS 0x0000000083a00000| PB 0x0000000083a00000| Untracked 
|  59|0x0000000083b00000, 0x0000000083c00000, 0x0000000083c00000|100%| O|  |TAMS 0x0000000083b00000| PB 0x0000000083b00000| Untracked 
|  60|0x0000000083c00000, 0x0000000083d00000, 0x0000000083d00000|100%| O|  |TAMS 0x0000000083c00000| PB 0x0000000083c00000| Untracked 
|  61|0x0000000083d00000, 0x0000000083e00000, 0x0000000083e00000|100%| O|  |TAMS 0x0000000083d00000| PB 0x0000000083d00000| Untracked 
|  62|0x0000000083e00000, 0x0000000083f00000, 0x0000000083f00000|100%| O|  |TAMS 0x0000000083e00000| PB 0x0000000083e00000| Untracked 
|  63|0x0000000083f00000, 0x0000000084000000, 0x0000000084000000|100%| O|  |TAMS 0x0000000083f00000| PB 0x0000000083f00000| Untracked 
|  64|0x0000000084000000, 0x0000000084100000, 0x0000000084100000|100%| O|  |TAMS 0x0000000084000000| PB 0x0000000084000000| Untracked 
|  65|0x0000000084100000, 0x0000000084200000, 0x0000000084200000|100%| O|  |TAMS 0x0000000084100000| PB 0x0000000084100000| Untracked 
|  66|0x0000000084200000, 0x0000000084300000, 0x0000000084300000|100%| O|  |TAMS 0x0000000084200000| PB 0x0000000084200000| Untracked 
|  67|0x0000000084300000, 0x0000000084400000, 0x0000000084400000|100%| O|  |TAMS 0x0000000084300000| PB 0x0000000084300000| Untracked 
|  68|0x0000000084400000, 0x0000000084500000, 0x0000000084500000|100%| O|  |TAMS 0x0000000084400000| PB 0x0000000084400000| Untracked 
|  69|0x0000000084500000, 0x0000000084600000, 0x0000000084600000|100%| O|  |TAMS 0x0000000084500000| PB 0x0000000084500000| Untracked 
|  70|0x0000000084600000, 0x0000000084700000, 0x0000000084700000|100%|HS|  |TAMS 0x0000000084600000| PB 0x0000000084600000| Complete 
|  71|0x0000000084700000, 0x0000000084800000, 0x0000000084800000|100%| O|  |TAMS 0x0000000084700000| PB 0x0000000084700000| Untracked 
|  72|0x0000000084800000, 0x0000000084900000, 0x0000000084900000|100%| O|  |TAMS 0x0000000084800000| PB 0x0000000084800000| Untracked 
|  73|0x0000000084900000, 0x0000000084a00000, 0x0000000084a00000|100%|HS|  |TAMS 0x0000000084900000| PB 0x0000000084900000| Complete 
|  74|0x0000000084a00000, 0x0000000084b00000, 0x0000000084b00000|100%|HC|  |TAMS 0x0000000084a00000| PB 0x0000000084a00000| Complete 
|  75|0x0000000084b00000, 0x0000000084c00000, 0x0000000084c00000|100%|HC|  |TAMS 0x0000000084b00000| PB 0x0000000084b00000| Complete 
|  76|0x0000000084c00000, 0x0000000084d00000, 0x0000000084d00000|100%| O|  |TAMS 0x0000000084c00000| PB 0x0000000084c00000| Untracked 
|  77|0x0000000084d00000, 0x0000000084e00000, 0x0000000084e00000|100%| O|  |TAMS 0x0000000084d00000| PB 0x0000000084d00000| Untracked 
|  78|0x0000000084e00000, 0x0000000084f00000, 0x0000000084f00000|100%| O|  |TAMS 0x0000000084e00000| PB 0x0000000084e00000| Untracked 
|  79|0x0000000084f00000, 0x0000000085000000, 0x0000000085000000|100%| O|  |TAMS 0x0000000084f00000| PB 0x0000000084f00000| Untracked 
|  80|0x0000000085000000, 0x0000000085100000, 0x0000000085100000|100%| O|  |TAMS 0x0000000085000000| PB 0x0000000085000000| Untracked 
|  81|0x0000000085100000, 0x0000000085200000, 0x0000000085200000|100%| O|  |TAMS 0x0000000085100000| PB 0x0000000085100000| Untracked 
|  82|0x0000000085200000, 0x0000000085300000, 0x0000000085300000|100%| O|  |TAMS 0x0000000085200000| PB 0x0000000085200000| Untracked 
|  83|0x0000000085300000, 0x0000000085400000, 0x0000000085400000|100%| O|  |TAMS 0x0000000085300000| PB 0x0000000085300000| Untracked 
|  84|0x0000000085400000, 0x0000000085500000, 0x0000000085500000|100%| O|  |TAMS 0x0000000085400000| PB 0x0000000085400000| Untracked 
|  85|0x0000000085500000, 0x0000000085600000, 0x0000000085600000|100%| O|  |TAMS 0x0000000085500000| PB 0x0000000085500000| Untracked 
|  86|0x0000000085600000, 0x0000000085700000, 0x0000000085700000|100%| O|  |TAMS 0x0000000085600000| PB 0x0000000085600000| Untracked 
|  87|0x0000000085700000, 0x0000000085800000, 0x0000000085800000|100%| O|  |TAMS 0x0000000085700000| PB 0x0000000085700000| Untracked 
|  88|0x0000000085800000, 0x0000000085900000, 0x0000000085900000|100%| O|  |TAMS 0x0000000085800000| PB 0x0000000085800000| Untracked 
|  89|0x0000000085900000, 0x0000000085a00000, 0x0000000085a00000|100%| O|  |TAMS 0x0000000085900000| PB 0x0000000085900000| Untracked 
|  90|0x0000000085a00000, 0x0000000085b00000, 0x0000000085b00000|100%| O|  |TAMS 0x0000000085a00000| PB 0x0000000085a00000| Untracked 
|  91|0x0000000085b00000, 0x0000000085c00000, 0x0000000085c00000|100%| O|  |TAMS 0x0000000085b00000| PB 0x0000000085b00000| Untracked 
|  92|0x0000000085c00000, 0x0000000085d00000, 0x0000000085d00000|100%| O|  |TAMS 0x0000000085c00000| PB 0x0000000085c00000| Untracked 
|  93|0x0000000085d00000, 0x0000000085e00000, 0x0000000085e00000|100%| O|  |TAMS 0x0000000085d00000| PB 0x0000000085d00000| Untracked 
|  94|0x0000000085e00000, 0x0000000085f00000, 0x0000000085f00000|100%| O|  |TAMS 0x0000000085e00000| PB 0x0000000085e00000| Untracked 
|  95|0x0000000085f00000, 0x0000000086000000, 0x0000000086000000|100%| O|  |TAMS 0x0000000085f00000| PB 0x0000000085f00000| Untracked 
|  96|0x0000000086000000, 0x0000000086100000, 0x0000000086100000|100%| O|  |TAMS 0x0000000086000000| PB 0x0000000086000000| Untracked 
|  97|0x0000000086100000, 0x0000000086200000, 0x0000000086200000|100%| O|  |TAMS 0x0000000086100000| PB 0x0000000086100000| Untracked 
|  98|0x0000000086200000, 0x0000000086300000, 0x0000000086300000|100%| O|  |TAMS 0x0000000086200000| PB 0x0000000086200000| Untracked 
|  99|0x0000000086300000, 0x0000000086400000, 0x0000000086400000|100%| O|  |TAMS 0x0000000086300000| PB 0x0000000086300000| Untracked 
| 100|0x0000000086400000, 0x0000000086500000, 0x0000000086500000|100%| O|  |TAMS 0x0000000086400000| PB 0x0000000086400000| Untracked 
| 101|0x0000000086500000, 0x0000000086600000, 0x0000000086600000|100%| O|  |TAMS 0x0000000086500000| PB 0x0000000086500000| Untracked 
| 102|0x0000000086600000, 0x0000000086700000, 0x0000000086700000|100%| O|  |TAMS 0x0000000086600000| PB 0x0000000086600000| Untracked 
| 103|0x0000000086700000, 0x0000000086800000, 0x0000000086800000|100%| O|  |TAMS 0x0000000086700000| PB 0x0000000086700000| Untracked 
| 104|0x0000000086800000, 0x0000000086900000, 0x0000000086900000|100%| O|  |TAMS 0x0000000086800000| PB 0x0000000086800000| Untracked 
| 105|0x0000000086900000, 0x0000000086a00000, 0x0000000086a00000|100%| O|  |TAMS 0x0000000086900000| PB 0x0000000086900000| Untracked 
| 106|0x0000000086a00000, 0x0000000086b00000, 0x0000000086b00000|100%| O|  |TAMS 0x0000000086a00000| PB 0x0000000086a00000| Untracked 
| 107|0x0000000086b00000, 0x0000000086c00000, 0x0000000086c00000|100%| O|  |TAMS 0x0000000086b00000| PB 0x0000000086b00000| Untracked 
| 108|0x0000000086c00000, 0x0000000086d00000, 0x0000000086d00000|100%| O|  |TAMS 0x0000000086c00000| PB 0x0000000086c00000| Untracked 
| 109|0x0000000086d00000, 0x0000000086e00000, 0x0000000086e00000|100%| O|  |TAMS 0x0000000086d00000| PB 0x0000000086d00000| Untracked 
| 110|0x0000000086e00000, 0x0000000086f00000, 0x0000000086f00000|100%| O|  |TAMS 0x0000000086e00000| PB 0x0000000086e00000| Untracked 
| 111|0x0000000086f00000, 0x0000000087000000, 0x0000000087000000|100%| O|  |TAMS 0x0000000086f00000| PB 0x0000000086f00000| Untracked 
| 112|0x0000000087000000, 0x0000000087100000, 0x0000000087100000|100%| O|  |TAMS 0x0000000087000000| PB 0x0000000087000000| Untracked 
| 113|0x0000000087100000, 0x00000000871b2ee0, 0x0000000087200000| 69%| O|  |TAMS 0x0000000087100000| PB 0x0000000087100000| Untracked 
| 114|0x0000000087200000, 0x0000000087300000, 0x0000000087300000|100%| O|  |TAMS 0x0000000087200000| PB 0x0000000087200000| Untracked 
| 115|0x0000000087300000, 0x0000000087400000, 0x0000000087400000|100%| O|  |TAMS 0x0000000087300000| PB 0x0000000087300000| Untracked 
| 116|0x0000000087400000, 0x0000000087500000, 0x0000000087500000|100%| O|  |TAMS 0x0000000087400000| PB 0x0000000087400000| Untracked 
| 117|0x0000000087500000, 0x0000000087600000, 0x0000000087600000|100%| O|  |TAMS 0x0000000087500000| PB 0x0000000087500000| Untracked 
| 118|0x0000000087600000, 0x0000000087700000, 0x0000000087700000|100%| O|  |TAMS 0x0000000087600000| PB 0x0000000087600000| Untracked 
| 119|0x0000000087700000, 0x0000000087800000, 0x0000000087800000|100%| O|  |TAMS 0x0000000087700000| PB 0x0000000087700000| Untracked 
| 120|0x0000000087800000, 0x0000000087900000, 0x0000000087900000|100%| O|  |TAMS 0x0000000087800000| PB 0x0000000087800000| Untracked 
| 121|0x0000000087900000, 0x0000000087a00000, 0x0000000087a00000|100%| O|  |TAMS 0x0000000087900000| PB 0x0000000087900000| Untracked 
| 122|0x0000000087a00000, 0x0000000087b00000, 0x0000000087b00000|100%| O|  |TAMS 0x0000000087a00000| PB 0x0000000087a00000| Untracked 
| 123|0x0000000087b00000, 0x0000000087c00000, 0x0000000087c00000|100%| O|  |TAMS 0x0000000087b00000| PB 0x0000000087b00000| Untracked 
| 124|0x0000000087c00000, 0x0000000087d00000, 0x0000000087d00000|100%| O|  |TAMS 0x0000000087c00000| PB 0x0000000087c00000| Untracked 
| 125|0x0000000087d00000, 0x0000000087e00000, 0x0000000087e00000|100%| O|  |TAMS 0x0000000087d00000| PB 0x0000000087d00000| Untracked 
| 126|0x0000000087e00000, 0x0000000087f00000, 0x0000000087f00000|100%| O|  |TAMS 0x0000000087e00000| PB 0x0000000087e00000| Untracked 
| 127|0x0000000087f00000, 0x0000000088000000, 0x0000000088000000|100%| O|  |TAMS 0x0000000087f00000| PB 0x0000000087f00000| Untracked 
| 128|0x0000000088000000, 0x0000000088100000, 0x0000000088100000|100%| O|  |TAMS 0x0000000088000000| PB 0x0000000088000000| Untracked 
| 129|0x0000000088100000, 0x0000000088200000, 0x0000000088200000|100%| O|  |TAMS 0x0000000088100000| PB 0x0000000088100000| Untracked 
| 130|0x0000000088200000, 0x0000000088300000, 0x0000000088300000|100%| O|  |TAMS 0x0000000088200000| PB 0x0000000088200000| Untracked 
| 131|0x0000000088300000, 0x0000000088400000, 0x0000000088400000|100%| O|  |TAMS 0x0000000088300000| PB 0x0000000088300000| Untracked 
| 132|0x0000000088400000, 0x0000000088500000, 0x0000000088500000|100%| O|  |TAMS 0x0000000088400000| PB 0x0000000088400000| Untracked 
| 133|0x0000000088500000, 0x0000000088600000, 0x0000000088600000|100%| O|  |TAMS 0x0000000088500000| PB 0x0000000088500000| Untracked 
| 134|0x0000000088600000, 0x0000000088700000, 0x0000000088700000|100%| O|  |TAMS 0x0000000088600000| PB 0x0000000088600000| Untracked 
| 135|0x0000000088700000, 0x0000000088800000, 0x0000000088800000|100%| O|  |TAMS 0x0000000088700000| PB 0x0000000088700000| Untracked 
| 136|0x0000000088800000, 0x0000000088900000, 0x0000000088900000|100%| O|  |TAMS 0x0000000088800000| PB 0x0000000088800000| Untracked 
| 137|0x0000000088900000, 0x0000000088a00000, 0x0000000088a00000|100%| O|  |TAMS 0x0000000088900000| PB 0x0000000088900000| Untracked 
| 138|0x0000000088a00000, 0x0000000088b00000, 0x0000000088b00000|100%| O|  |TAMS 0x0000000088a00000| PB 0x0000000088a00000| Untracked 
| 139|0x0000000088b00000, 0x0000000088c00000, 0x0000000088c00000|100%| O|  |TAMS 0x0000000088b00000| PB 0x0000000088b00000| Untracked 
| 140|0x0000000088c00000, 0x0000000088d00000, 0x0000000088d00000|100%| O|  |TAMS 0x0000000088c00000| PB 0x0000000088c00000| Untracked 
| 141|0x0000000088d00000, 0x0000000088e00000, 0x0000000088e00000|100%| O|  |TAMS 0x0000000088d00000| PB 0x0000000088d00000| Untracked 
| 142|0x0000000088e00000, 0x0000000088f00000, 0x0000000088f00000|100%| O|  |TAMS 0x0000000088e00000| PB 0x0000000088e00000| Untracked 
| 143|0x0000000088f00000, 0x0000000089000000, 0x0000000089000000|100%| O|  |TAMS 0x0000000088f00000| PB 0x0000000088f00000| Untracked 
| 144|0x0000000089000000, 0x0000000089100000, 0x0000000089100000|100%| O|  |TAMS 0x0000000089000000| PB 0x0000000089000000| Untracked 
| 145|0x0000000089100000, 0x0000000089200000, 0x0000000089200000|100%| O|  |TAMS 0x0000000089100000| PB 0x0000000089100000| Untracked 
| 146|0x0000000089200000, 0x0000000089300000, 0x0000000089300000|100%| O|  |TAMS 0x0000000089200000| PB 0x0000000089200000| Untracked 
| 147|0x0000000089300000, 0x0000000089400000, 0x0000000089400000|100%| O|  |TAMS 0x0000000089300000| PB 0x0000000089300000| Untracked 
| 148|0x0000000089400000, 0x0000000089500000, 0x0000000089500000|100%| O|  |TAMS 0x0000000089400000| PB 0x0000000089400000| Untracked 
| 149|0x0000000089500000, 0x0000000089600000, 0x0000000089600000|100%| O|  |TAMS 0x0000000089500000| PB 0x0000000089500000| Untracked 
| 150|0x0000000089600000, 0x0000000089700000, 0x0000000089700000|100%| O|  |TAMS 0x0000000089600000| PB 0x0000000089600000| Untracked 
| 151|0x0000000089700000, 0x0000000089800000, 0x0000000089800000|100%| O|  |TAMS 0x0000000089700000| PB 0x0000000089700000| Untracked 
| 152|0x0000000089800000, 0x0000000089900000, 0x0000000089900000|100%| O|  |TAMS 0x0000000089800000| PB 0x0000000089800000| Untracked 
| 153|0x0000000089900000, 0x0000000089a00000, 0x0000000089a00000|100%| O|  |TAMS 0x0000000089900000| PB 0x0000000089900000| Untracked 
| 154|0x0000000089a00000, 0x0000000089b00000, 0x0000000089b00000|100%| O|  |TAMS 0x0000000089a00000| PB 0x0000000089a00000| Untracked 
| 155|0x0000000089b00000, 0x0000000089c00000, 0x0000000089c00000|100%| O|  |TAMS 0x0000000089b00000| PB 0x0000000089b00000| Untracked 
| 156|0x0000000089c00000, 0x0000000089d00000, 0x0000000089d00000|100%| O|  |TAMS 0x0000000089c00000| PB 0x0000000089c00000| Untracked 
| 157|0x0000000089d00000, 0x0000000089e00000, 0x0000000089e00000|100%| O|  |TAMS 0x0000000089d00000| PB 0x0000000089d00000| Untracked 
| 158|0x0000000089e00000, 0x0000000089f00000, 0x0000000089f00000|100%| O|  |TAMS 0x0000000089e00000| PB 0x0000000089e00000| Untracked 
| 159|0x0000000089f00000, 0x000000008a000000, 0x000000008a000000|100%| O|  |TAMS 0x0000000089f00000| PB 0x0000000089f00000| Untracked 
| 160|0x000000008a000000, 0x000000008a100000, 0x000000008a100000|100%| O|  |TAMS 0x000000008a000000| PB 0x000000008a000000| Untracked 
| 161|0x000000008a100000, 0x000000008a200000, 0x000000008a200000|100%| O|  |TAMS 0x000000008a100000| PB 0x000000008a100000| Untracked 
| 162|0x000000008a200000, 0x000000008a300000, 0x000000008a300000|100%| O|  |TAMS 0x000000008a200000| PB 0x000000008a200000| Untracked 
| 163|0x000000008a300000, 0x000000008a400000, 0x000000008a400000|100%| O|  |TAMS 0x000000008a300000| PB 0x000000008a300000| Untracked 
| 164|0x000000008a400000, 0x000000008a500000, 0x000000008a500000|100%| O|  |TAMS 0x000000008a400000| PB 0x000000008a400000| Untracked 
| 165|0x000000008a500000, 0x000000008a600000, 0x000000008a600000|100%| O|  |TAMS 0x000000008a500000| PB 0x000000008a500000| Untracked 
| 166|0x000000008a600000, 0x000000008a700000, 0x000000008a700000|100%| O|  |TAMS 0x000000008a600000| PB 0x000000008a600000| Untracked 
| 167|0x000000008a700000, 0x000000008a800000, 0x000000008a800000|100%| O|  |TAMS 0x000000008a700000| PB 0x000000008a700000| Untracked 
| 168|0x000000008a800000, 0x000000008a900000, 0x000000008a900000|100%| O|  |TAMS 0x000000008a800000| PB 0x000000008a800000| Untracked 
| 169|0x000000008a900000, 0x000000008aa00000, 0x000000008aa00000|100%| O|  |TAMS 0x000000008a900000| PB 0x000000008a900000| Untracked 
| 170|0x000000008aa00000, 0x000000008ab00000, 0x000000008ab00000|100%| O|  |TAMS 0x000000008aa00000| PB 0x000000008aa00000| Untracked 
| 171|0x000000008ab00000, 0x000000008ab00000, 0x000000008ac00000|  0%| F|  |TAMS 0x000000008ab00000| PB 0x000000008ab00000| Untracked 
| 172|0x000000008ac00000, 0x000000008ac00000, 0x000000008ad00000|  0%| F|  |TAMS 0x000000008ac00000| PB 0x000000008ac00000| Untracked 
| 173|0x000000008ad00000, 0x000000008ad00000, 0x000000008ae00000|  0%| F|  |TAMS 0x000000008ad00000| PB 0x000000008ad00000| Untracked 
| 174|0x000000008ae00000, 0x000000008ae00000, 0x000000008af00000|  0%| F|  |TAMS 0x000000008ae00000| PB 0x000000008ae00000| Untracked 
| 175|0x000000008af00000, 0x000000008af00000, 0x000000008b000000|  0%| F|  |TAMS 0x000000008af00000| PB 0x000000008af00000| Untracked 
| 176|0x000000008b000000, 0x000000008b000000, 0x000000008b100000|  0%| F|  |TAMS 0x000000008b000000| PB 0x000000008b000000| Untracked 
| 177|0x000000008b100000, 0x000000008b100000, 0x000000008b200000|  0%| F|  |TAMS 0x000000008b100000| PB 0x000000008b100000| Untracked 
| 178|0x000000008b200000, 0x000000008b200000, 0x000000008b300000|  0%| F|  |TAMS 0x000000008b200000| PB 0x000000008b200000| Untracked 
| 179|0x000000008b300000, 0x000000008b300000, 0x000000008b400000|  0%| F|  |TAMS 0x000000008b300000| PB 0x000000008b300000| Untracked 
| 180|0x000000008b400000, 0x000000008b400000, 0x000000008b500000|  0%| F|  |TAMS 0x000000008b400000| PB 0x000000008b400000| Untracked 
| 181|0x000000008b500000, 0x000000008b500000, 0x000000008b600000|  0%| F|  |TAMS 0x000000008b500000| PB 0x000000008b500000| Untracked 
| 182|0x000000008b600000, 0x000000008b600000, 0x000000008b700000|  0%| F|  |TAMS 0x000000008b600000| PB 0x000000008b600000| Untracked 
| 183|0x000000008b700000, 0x000000008b700000, 0x000000008b800000|  0%| F|  |TAMS 0x000000008b700000| PB 0x000000008b700000| Untracked 
| 184|0x000000008b800000, 0x000000008b800000, 0x000000008b900000|  0%| F|  |TAMS 0x000000008b800000| PB 0x000000008b800000| Untracked 
| 185|0x000000008b900000, 0x000000008b900000, 0x000000008ba00000|  0%| F|  |TAMS 0x000000008b900000| PB 0x000000008b900000| Untracked 
| 186|0x000000008ba00000, 0x000000008ba00000, 0x000000008bb00000|  0%| F|  |TAMS 0x000000008ba00000| PB 0x000000008ba00000| Untracked 
| 187|0x000000008bb00000, 0x000000008bb00000, 0x000000008bc00000|  0%| F|  |TAMS 0x000000008bb00000| PB 0x000000008bb00000| Untracked 
| 188|0x000000008bc00000, 0x000000008bc00000, 0x000000008bd00000|  0%| F|  |TAMS 0x000000008bc00000| PB 0x000000008bc00000| Untracked 
| 189|0x000000008bd00000, 0x000000008bd00000, 0x000000008be00000|  0%| F|  |TAMS 0x000000008bd00000| PB 0x000000008bd00000| Untracked 
| 190|0x000000008be00000, 0x000000008be00000, 0x000000008bf00000|  0%| F|  |TAMS 0x000000008be00000| PB 0x000000008be00000| Untracked 
| 191|0x000000008bf00000, 0x000000008bf00000, 0x000000008c000000|  0%| F|  |TAMS 0x000000008bf00000| PB 0x000000008bf00000| Untracked 
| 192|0x000000008c000000, 0x000000008c100000, 0x000000008c100000|100%| O|  |TAMS 0x000000008c000000| PB 0x000000008c000000| Untracked 
| 193|0x000000008c100000, 0x000000008c100000, 0x000000008c200000|  0%| F|  |TAMS 0x000000008c100000| PB 0x000000008c100000| Untracked 
| 194|0x000000008c200000, 0x000000008c200000, 0x000000008c300000|  0%| F|  |TAMS 0x000000008c200000| PB 0x000000008c200000| Untracked 
| 195|0x000000008c300000, 0x000000008c300000, 0x000000008c400000|  0%| F|  |TAMS 0x000000008c300000| PB 0x000000008c300000| Untracked 
| 196|0x000000008c400000, 0x000000008c400000, 0x000000008c500000|  0%| F|  |TAMS 0x000000008c400000| PB 0x000000008c400000| Untracked 
| 197|0x000000008c500000, 0x000000008c500000, 0x000000008c600000|  0%| F|  |TAMS 0x000000008c500000| PB 0x000000008c500000| Untracked 
| 198|0x000000008c600000, 0x000000008c600000, 0x000000008c700000|  0%| F|  |TAMS 0x000000008c600000| PB 0x000000008c600000| Untracked 
| 199|0x000000008c700000, 0x000000008c700000, 0x000000008c800000|  0%| F|  |TAMS 0x000000008c700000| PB 0x000000008c700000| Untracked 
| 200|0x000000008c800000, 0x000000008c800000, 0x000000008c900000|  0%| F|  |TAMS 0x000000008c800000| PB 0x000000008c800000| Untracked 
| 201|0x000000008c900000, 0x000000008c900000, 0x000000008ca00000|  0%| F|  |TAMS 0x000000008c900000| PB 0x000000008c900000| Untracked 
| 202|0x000000008ca00000, 0x000000008ca00000, 0x000000008cb00000|  0%| F|  |TAMS 0x000000008ca00000| PB 0x000000008ca00000| Untracked 
| 203|0x000000008cb00000, 0x000000008cb00000, 0x000000008cc00000|  0%| F|  |TAMS 0x000000008cb00000| PB 0x000000008cb00000| Untracked 
| 204|0x000000008cc00000, 0x000000008cc00000, 0x000000008cd00000|  0%| F|  |TAMS 0x000000008cc00000| PB 0x000000008cc00000| Untracked 
| 205|0x000000008cd00000, 0x000000008cd00000, 0x000000008ce00000|  0%| F|  |TAMS 0x000000008cd00000| PB 0x000000008cd00000| Untracked 
| 206|0x000000008ce00000, 0x000000008ce00000, 0x000000008cf00000|  0%| F|  |TAMS 0x000000008ce00000| PB 0x000000008ce00000| Untracked 
| 207|0x000000008cf00000, 0x000000008cf00000, 0x000000008d000000|  0%| F|  |TAMS 0x000000008cf00000| PB 0x000000008cf00000| Untracked 
| 208|0x000000008d000000, 0x000000008d000000, 0x000000008d100000|  0%| F|  |TAMS 0x000000008d000000| PB 0x000000008d000000| Untracked 
| 209|0x000000008d100000, 0x000000008d100000, 0x000000008d200000|  0%| F|  |TAMS 0x000000008d100000| PB 0x000000008d100000| Untracked 
| 210|0x000000008d200000, 0x000000008d200000, 0x000000008d300000|  0%| F|  |TAMS 0x000000008d200000| PB 0x000000008d200000| Untracked 
| 211|0x000000008d300000, 0x000000008d300000, 0x000000008d400000|  0%| F|  |TAMS 0x000000008d300000| PB 0x000000008d300000| Untracked 
| 212|0x000000008d400000, 0x000000008d400000, 0x000000008d500000|  0%| F|  |TAMS 0x000000008d400000| PB 0x000000008d400000| Untracked 
| 213|0x000000008d500000, 0x000000008d500000, 0x000000008d600000|  0%| F|  |TAMS 0x000000008d500000| PB 0x000000008d500000| Untracked 
| 214|0x000000008d600000, 0x000000008d600000, 0x000000008d700000|  0%| F|  |TAMS 0x000000008d600000| PB 0x000000008d600000| Untracked 
| 215|0x000000008d700000, 0x000000008d700000, 0x000000008d800000|  0%| F|  |TAMS 0x000000008d700000| PB 0x000000008d700000| Untracked 
| 216|0x000000008d800000, 0x000000008d800000, 0x000000008d900000|  0%| F|  |TAMS 0x000000008d800000| PB 0x000000008d800000| Untracked 
| 217|0x000000008d900000, 0x000000008d900000, 0x000000008da00000|  0%| F|  |TAMS 0x000000008d900000| PB 0x000000008d900000| Untracked 
| 218|0x000000008da00000, 0x000000008da00000, 0x000000008db00000|  0%| F|  |TAMS 0x000000008da00000| PB 0x000000008da00000| Untracked 
| 219|0x000000008db00000, 0x000000008db00000, 0x000000008dc00000|  0%| F|  |TAMS 0x000000008db00000| PB 0x000000008db00000| Untracked 
| 220|0x000000008dc00000, 0x000000008dc00000, 0x000000008dd00000|  0%| F|  |TAMS 0x000000008dc00000| PB 0x000000008dc00000| Untracked 
| 221|0x000000008dd00000, 0x000000008dd00000, 0x000000008de00000|  0%| F|  |TAMS 0x000000008dd00000| PB 0x000000008dd00000| Untracked 
| 222|0x000000008de00000, 0x000000008de00000, 0x000000008df00000|  0%| F|  |TAMS 0x000000008de00000| PB 0x000000008de00000| Untracked 
| 223|0x000000008df00000, 0x000000008df00000, 0x000000008e000000|  0%| F|  |TAMS 0x000000008df00000| PB 0x000000008df00000| Untracked 
| 224|0x000000008e000000, 0x000000008e000000, 0x000000008e100000|  0%| F|  |TAMS 0x000000008e000000| PB 0x000000008e000000| Untracked 
| 225|0x000000008e100000, 0x000000008e100000, 0x000000008e200000|  0%| F|  |TAMS 0x000000008e100000| PB 0x000000008e100000| Untracked 
| 226|0x000000008e200000, 0x000000008e200000, 0x000000008e300000|  0%| F|  |TAMS 0x000000008e200000| PB 0x000000008e200000| Untracked 
| 227|0x000000008e300000, 0x000000008e300000, 0x000000008e400000|  0%| F|  |TAMS 0x000000008e300000| PB 0x000000008e300000| Untracked 
| 228|0x000000008e400000, 0x000000008e400000, 0x000000008e500000|  0%| F|  |TAMS 0x000000008e400000| PB 0x000000008e400000| Untracked 
| 229|0x000000008e500000, 0x000000008e500000, 0x000000008e600000|  0%| F|  |TAMS 0x000000008e500000| PB 0x000000008e500000| Untracked 
| 230|0x000000008e600000, 0x000000008e600000, 0x000000008e700000|  0%| F|  |TAMS 0x000000008e600000| PB 0x000000008e600000| Untracked 
| 231|0x000000008e700000, 0x000000008e700000, 0x000000008e800000|  0%| F|  |TAMS 0x000000008e700000| PB 0x000000008e700000| Untracked 
| 232|0x000000008e800000, 0x000000008e800000, 0x000000008e900000|  0%| F|  |TAMS 0x000000008e800000| PB 0x000000008e800000| Untracked 
| 233|0x000000008e900000, 0x000000008e900000, 0x000000008ea00000|  0%| F|  |TAMS 0x000000008e900000| PB 0x000000008e900000| Untracked 
| 234|0x000000008ea00000, 0x000000008ea00000, 0x000000008eb00000|  0%| F|  |TAMS 0x000000008ea00000| PB 0x000000008ea00000| Untracked 
| 235|0x000000008eb00000, 0x000000008eb00000, 0x000000008ec00000|  0%| F|  |TAMS 0x000000008eb00000| PB 0x000000008eb00000| Untracked 
| 236|0x000000008ec00000, 0x000000008ec00000, 0x000000008ed00000|  0%| F|  |TAMS 0x000000008ec00000| PB 0x000000008ec00000| Untracked 
| 237|0x000000008ed00000, 0x000000008ed00000, 0x000000008ee00000|  0%| F|  |TAMS 0x000000008ed00000| PB 0x000000008ed00000| Untracked 
| 238|0x000000008ee00000, 0x000000008ee00000, 0x000000008ef00000|  0%| F|  |TAMS 0x000000008ee00000| PB 0x000000008ee00000| Untracked 
| 239|0x000000008ef00000, 0x000000008ef00000, 0x000000008f000000|  0%| F|  |TAMS 0x000000008ef00000| PB 0x000000008ef00000| Untracked 
| 240|0x000000008f000000, 0x000000008f000000, 0x000000008f100000|  0%| F|  |TAMS 0x000000008f000000| PB 0x000000008f000000| Untracked 
| 241|0x000000008f100000, 0x000000008f100000, 0x000000008f200000|  0%| F|  |TAMS 0x000000008f100000| PB 0x000000008f100000| Untracked 
| 242|0x000000008f200000, 0x000000008f200000, 0x000000008f300000|  0%| F|  |TAMS 0x000000008f200000| PB 0x000000008f200000| Untracked 
| 243|0x000000008f300000, 0x000000008f300000, 0x000000008f400000|  0%| F|  |TAMS 0x000000008f300000| PB 0x000000008f300000| Untracked 
| 244|0x000000008f400000, 0x000000008f400000, 0x000000008f500000|  0%| F|  |TAMS 0x000000008f400000| PB 0x000000008f400000| Untracked 
| 245|0x000000008f500000, 0x000000008f500000, 0x000000008f600000|  0%| F|  |TAMS 0x000000008f500000| PB 0x000000008f500000| Untracked 
| 246|0x000000008f600000, 0x000000008f600000, 0x000000008f700000|  0%| F|  |TAMS 0x000000008f600000| PB 0x000000008f600000| Untracked 
| 247|0x000000008f700000, 0x000000008f700000, 0x000000008f800000|  0%| F|  |TAMS 0x000000008f700000| PB 0x000000008f700000| Untracked 
| 248|0x000000008f800000, 0x000000008f800000, 0x000000008f900000|  0%| F|  |TAMS 0x000000008f800000| PB 0x000000008f800000| Untracked 
| 249|0x000000008f900000, 0x000000008f900000, 0x000000008fa00000|  0%| F|  |TAMS 0x000000008f900000| PB 0x000000008f900000| Untracked 
| 250|0x000000008fa00000, 0x000000008fa00000, 0x000000008fb00000|  0%| F|  |TAMS 0x000000008fa00000| PB 0x000000008fa00000| Untracked 
| 251|0x000000008fb00000, 0x000000008fb00000, 0x000000008fc00000|  0%| F|  |TAMS 0x000000008fb00000| PB 0x000000008fb00000| Untracked 
| 252|0x000000008fc00000, 0x000000008fc00000, 0x000000008fd00000|  0%| F|  |TAMS 0x000000008fc00000| PB 0x000000008fc00000| Untracked 
| 253|0x000000008fd00000, 0x000000008fd00000, 0x000000008fe00000|  0%| F|  |TAMS 0x000000008fd00000| PB 0x000000008fd00000| Untracked 
| 254|0x000000008fe00000, 0x000000008fe00000, 0x000000008ff00000|  0%| F|  |TAMS 0x000000008fe00000| PB 0x000000008fe00000| Untracked 
| 255|0x000000008ff00000, 0x000000008ff00000, 0x0000000090000000|  0%| F|  |TAMS 0x000000008ff00000| PB 0x000000008ff00000| Untracked 
| 256|0x0000000090000000, 0x0000000090000000, 0x0000000090100000|  0%| F|  |TAMS 0x0000000090000000| PB 0x0000000090000000| Untracked 
| 257|0x0000000090100000, 0x0000000090100000, 0x0000000090200000|  0%| F|  |TAMS 0x0000000090100000| PB 0x0000000090100000| Untracked 
| 258|0x0000000090200000, 0x0000000090200000, 0x0000000090300000|  0%| F|  |TAMS 0x0000000090200000| PB 0x0000000090200000| Untracked 
| 259|0x0000000090300000, 0x0000000090300000, 0x0000000090400000|  0%| F|  |TAMS 0x0000000090300000| PB 0x0000000090300000| Untracked 
| 260|0x0000000090400000, 0x0000000090400000, 0x0000000090500000|  0%| F|  |TAMS 0x0000000090400000| PB 0x0000000090400000| Untracked 
| 261|0x0000000090500000, 0x0000000090500000, 0x0000000090600000|  0%| F|  |TAMS 0x0000000090500000| PB 0x0000000090500000| Untracked 
| 262|0x0000000090600000, 0x0000000090600000, 0x0000000090700000|  0%| F|  |TAMS 0x0000000090600000| PB 0x0000000090600000| Untracked 
| 263|0x0000000090700000, 0x0000000090700000, 0x0000000090800000|  0%| F|  |TAMS 0x0000000090700000| PB 0x0000000090700000| Untracked 
| 264|0x0000000090800000, 0x0000000090800000, 0x0000000090900000|  0%| F|  |TAMS 0x0000000090800000| PB 0x0000000090800000| Untracked 
| 265|0x0000000090900000, 0x0000000090900000, 0x0000000090a00000|  0%| F|  |TAMS 0x0000000090900000| PB 0x0000000090900000| Untracked 
| 266|0x0000000090a00000, 0x0000000090a00000, 0x0000000090b00000|  0%| F|  |TAMS 0x0000000090a00000| PB 0x0000000090a00000| Untracked 
| 267|0x0000000090b00000, 0x0000000090b00000, 0x0000000090c00000|  0%| F|  |TAMS 0x0000000090b00000| PB 0x0000000090b00000| Untracked 
| 268|0x0000000090c00000, 0x0000000090c00000, 0x0000000090d00000|  0%| F|  |TAMS 0x0000000090c00000| PB 0x0000000090c00000| Untracked 
| 269|0x0000000090d00000, 0x0000000090d00000, 0x0000000090e00000|  0%| F|  |TAMS 0x0000000090d00000| PB 0x0000000090d00000| Untracked 
| 270|0x0000000090e00000, 0x0000000090e00000, 0x0000000090f00000|  0%| F|  |TAMS 0x0000000090e00000| PB 0x0000000090e00000| Untracked 
| 271|0x0000000090f00000, 0x0000000090f00000, 0x0000000091000000|  0%| F|  |TAMS 0x0000000090f00000| PB 0x0000000090f00000| Untracked 
| 272|0x0000000091000000, 0x0000000091000000, 0x0000000091100000|  0%| F|  |TAMS 0x0000000091000000| PB 0x0000000091000000| Untracked 
| 273|0x0000000091100000, 0x0000000091100000, 0x0000000091200000|  0%| F|  |TAMS 0x0000000091100000| PB 0x0000000091100000| Untracked 
| 274|0x0000000091200000, 0x0000000091200000, 0x0000000091300000|  0%| F|  |TAMS 0x0000000091200000| PB 0x0000000091200000| Untracked 
| 275|0x0000000091300000, 0x0000000091300000, 0x0000000091400000|  0%| F|  |TAMS 0x0000000091300000| PB 0x0000000091300000| Untracked 
| 276|0x0000000091400000, 0x0000000091400000, 0x0000000091500000|  0%| F|  |TAMS 0x0000000091400000| PB 0x0000000091400000| Untracked 
| 277|0x0000000091500000, 0x0000000091500000, 0x0000000091600000|  0%| F|  |TAMS 0x0000000091500000| PB 0x0000000091500000| Untracked 
| 278|0x0000000091600000, 0x0000000091600000, 0x0000000091700000|  0%| F|  |TAMS 0x0000000091600000| PB 0x0000000091600000| Untracked 
| 279|0x0000000091700000, 0x0000000091700000, 0x0000000091800000|  0%| F|  |TAMS 0x0000000091700000| PB 0x0000000091700000| Untracked 
| 280|0x0000000091800000, 0x0000000091800000, 0x0000000091900000|  0%| F|  |TAMS 0x0000000091800000| PB 0x0000000091800000| Untracked 
| 281|0x0000000091900000, 0x0000000091900000, 0x0000000091a00000|  0%| F|  |TAMS 0x0000000091900000| PB 0x0000000091900000| Untracked 
| 282|0x0000000091a00000, 0x0000000091a00000, 0x0000000091b00000|  0%| F|  |TAMS 0x0000000091a00000| PB 0x0000000091a00000| Untracked 
| 283|0x0000000091b00000, 0x0000000091b00000, 0x0000000091c00000|  0%| F|  |TAMS 0x0000000091b00000| PB 0x0000000091b00000| Untracked 
| 284|0x0000000091c00000, 0x0000000091c00000, 0x0000000091d00000|  0%| F|  |TAMS 0x0000000091c00000| PB 0x0000000091c00000| Untracked 
| 285|0x0000000091d00000, 0x0000000091d00000, 0x0000000091e00000|  0%| F|  |TAMS 0x0000000091d00000| PB 0x0000000091d00000| Untracked 
| 286|0x0000000091e00000, 0x0000000091e00000, 0x0000000091f00000|  0%| F|  |TAMS 0x0000000091e00000| PB 0x0000000091e00000| Untracked 
| 287|0x0000000091f00000, 0x0000000091f00000, 0x0000000092000000|  0%| F|  |TAMS 0x0000000091f00000| PB 0x0000000091f00000| Untracked 
| 288|0x0000000092000000, 0x0000000092000000, 0x0000000092100000|  0%| F|  |TAMS 0x0000000092000000| PB 0x0000000092000000| Untracked 
| 289|0x0000000092100000, 0x0000000092100000, 0x0000000092200000|  0%| F|  |TAMS 0x0000000092100000| PB 0x0000000092100000| Untracked 
| 290|0x0000000092200000, 0x0000000092200000, 0x0000000092300000|  0%| F|  |TAMS 0x0000000092200000| PB 0x0000000092200000| Untracked 
| 291|0x0000000092300000, 0x0000000092300000, 0x0000000092400000|  0%| F|  |TAMS 0x0000000092300000| PB 0x0000000092300000| Untracked 
| 292|0x0000000092400000, 0x0000000092400000, 0x0000000092500000|  0%| F|  |TAMS 0x0000000092400000| PB 0x0000000092400000| Untracked 
| 293|0x0000000092500000, 0x0000000092500000, 0x0000000092600000|  0%| F|  |TAMS 0x0000000092500000| PB 0x0000000092500000| Untracked 
| 294|0x0000000092600000, 0x0000000092600000, 0x0000000092700000|  0%| F|  |TAMS 0x0000000092600000| PB 0x0000000092600000| Untracked 
| 295|0x0000000092700000, 0x0000000092700000, 0x0000000092800000|  0%| F|  |TAMS 0x0000000092700000| PB 0x0000000092700000| Untracked 
| 296|0x0000000092800000, 0x0000000092800000, 0x0000000092900000|  0%| F|  |TAMS 0x0000000092800000| PB 0x0000000092800000| Untracked 
| 297|0x0000000092900000, 0x0000000092900000, 0x0000000092a00000|  0%| F|  |TAMS 0x0000000092900000| PB 0x0000000092900000| Untracked 
| 298|0x0000000092a00000, 0x0000000092a00000, 0x0000000092b00000|  0%| F|  |TAMS 0x0000000092a00000| PB 0x0000000092a00000| Untracked 
| 299|0x0000000092b00000, 0x0000000092b00000, 0x0000000092c00000|  0%| F|  |TAMS 0x0000000092b00000| PB 0x0000000092b00000| Untracked 
| 300|0x0000000092c00000, 0x0000000092c00000, 0x0000000092d00000|  0%| F|  |TAMS 0x0000000092c00000| PB 0x0000000092c00000| Untracked 
| 301|0x0000000092d00000, 0x0000000092d00000, 0x0000000092e00000|  0%| F|  |TAMS 0x0000000092d00000| PB 0x0000000092d00000| Untracked 
| 302|0x0000000092e00000, 0x0000000092e00000, 0x0000000092f00000|  0%| F|  |TAMS 0x0000000092e00000| PB 0x0000000092e00000| Untracked 
| 303|0x0000000092f00000, 0x0000000092f00000, 0x0000000093000000|  0%| F|  |TAMS 0x0000000092f00000| PB 0x0000000092f00000| Untracked 
| 304|0x0000000093000000, 0x0000000093000000, 0x0000000093100000|  0%| F|  |TAMS 0x0000000093000000| PB 0x0000000093000000| Untracked 
| 305|0x0000000093100000, 0x0000000093100000, 0x0000000093200000|  0%| F|  |TAMS 0x0000000093100000| PB 0x0000000093100000| Untracked 
| 306|0x0000000093200000, 0x0000000093200000, 0x0000000093300000|  0%| F|  |TAMS 0x0000000093200000| PB 0x0000000093200000| Untracked 
| 307|0x0000000093300000, 0x0000000093300000, 0x0000000093400000|  0%| F|  |TAMS 0x0000000093300000| PB 0x0000000093300000| Untracked 
| 308|0x0000000093400000, 0x0000000093400000, 0x0000000093500000|  0%| F|  |TAMS 0x0000000093400000| PB 0x0000000093400000| Untracked 
| 309|0x0000000093500000, 0x0000000093500000, 0x0000000093600000|  0%| F|  |TAMS 0x0000000093500000| PB 0x0000000093500000| Untracked 
| 310|0x0000000093600000, 0x0000000093600000, 0x0000000093700000|  0%| F|  |TAMS 0x0000000093600000| PB 0x0000000093600000| Untracked 
| 311|0x0000000093700000, 0x0000000093700000, 0x0000000093800000|  0%| F|  |TAMS 0x0000000093700000| PB 0x0000000093700000| Untracked 
| 312|0x0000000093800000, 0x0000000093800000, 0x0000000093900000|  0%| F|  |TAMS 0x0000000093800000| PB 0x0000000093800000| Untracked 
| 313|0x0000000093900000, 0x0000000093900000, 0x0000000093a00000|  0%| F|  |TAMS 0x0000000093900000| PB 0x0000000093900000| Untracked 
| 314|0x0000000093a00000, 0x0000000093a00000, 0x0000000093b00000|  0%| F|  |TAMS 0x0000000093a00000| PB 0x0000000093a00000| Untracked 
| 315|0x0000000093b00000, 0x0000000093b00000, 0x0000000093c00000|  0%| F|  |TAMS 0x0000000093b00000| PB 0x0000000093b00000| Untracked 
| 316|0x0000000093c00000, 0x0000000093c00000, 0x0000000093d00000|  0%| F|  |TAMS 0x0000000093c00000| PB 0x0000000093c00000| Untracked 
| 317|0x0000000093d00000, 0x0000000093d00000, 0x0000000093e00000|  0%| F|  |TAMS 0x0000000093d00000| PB 0x0000000093d00000| Untracked 
| 318|0x0000000093e00000, 0x0000000093e00000, 0x0000000093f00000|  0%| F|  |TAMS 0x0000000093e00000| PB 0x0000000093e00000| Untracked 
| 319|0x0000000093f00000, 0x0000000093f00000, 0x0000000094000000|  0%| F|  |TAMS 0x0000000093f00000| PB 0x0000000093f00000| Untracked 
| 320|0x0000000094000000, 0x0000000094000000, 0x0000000094100000|  0%| F|  |TAMS 0x0000000094000000| PB 0x0000000094000000| Untracked 
| 321|0x0000000094100000, 0x0000000094100000, 0x0000000094200000|  0%| F|  |TAMS 0x0000000094100000| PB 0x0000000094100000| Untracked 
| 322|0x0000000094200000, 0x0000000094300000, 0x0000000094300000|100%| S|CS|TAMS 0x0000000094200000| PB 0x0000000094200000| Complete 
| 323|0x0000000094300000, 0x0000000094400000, 0x0000000094400000|100%| S|CS|TAMS 0x0000000094300000| PB 0x0000000094300000| Complete 
| 324|0x0000000094400000, 0x0000000094500000, 0x0000000094500000|100%| S|CS|TAMS 0x0000000094400000| PB 0x0000000094400000| Complete 
| 325|0x0000000094500000, 0x0000000094600000, 0x0000000094600000|100%| S|CS|TAMS 0x0000000094500000| PB 0x0000000094500000| Complete 
| 326|0x0000000094600000, 0x0000000094700000, 0x0000000094700000|100%| S|CS|TAMS 0x0000000094600000| PB 0x0000000094600000| Complete 
| 327|0x0000000094700000, 0x0000000094800000, 0x0000000094800000|100%| S|CS|TAMS 0x0000000094700000| PB 0x0000000094700000| Complete 
| 328|0x0000000094800000, 0x0000000094900000, 0x0000000094900000|100%| S|CS|TAMS 0x0000000094800000| PB 0x0000000094800000| Complete 
| 329|0x0000000094900000, 0x0000000094900000, 0x0000000094a00000|  0%| F|  |TAMS 0x0000000094900000| PB 0x0000000094900000| Untracked 
| 330|0x0000000094a00000, 0x0000000094a00000, 0x0000000094b00000|  0%| F|  |TAMS 0x0000000094a00000| PB 0x0000000094a00000| Untracked 
| 331|0x0000000094b00000, 0x0000000094b00000, 0x0000000094c00000|  0%| F|  |TAMS 0x0000000094b00000| PB 0x0000000094b00000| Untracked 
| 332|0x0000000094c00000, 0x0000000094c00000, 0x0000000094d00000|  0%| F|  |TAMS 0x0000000094c00000| PB 0x0000000094c00000| Untracked 
| 333|0x0000000094d00000, 0x0000000094d00000, 0x0000000094e00000|  0%| F|  |TAMS 0x0000000094d00000| PB 0x0000000094d00000| Untracked 
| 334|0x0000000094e00000, 0x0000000094e00000, 0x0000000094f00000|  0%| F|  |TAMS 0x0000000094e00000| PB 0x0000000094e00000| Untracked 
| 335|0x0000000094f00000, 0x0000000094f00000, 0x0000000095000000|  0%| F|  |TAMS 0x0000000094f00000| PB 0x0000000094f00000| Untracked 
| 336|0x0000000095000000, 0x0000000095000000, 0x0000000095100000|  0%| F|  |TAMS 0x0000000095000000| PB 0x0000000095000000| Untracked 
| 337|0x0000000095100000, 0x0000000095100000, 0x0000000095200000|  0%| F|  |TAMS 0x0000000095100000| PB 0x0000000095100000| Untracked 
| 338|0x0000000095200000, 0x0000000095200000, 0x0000000095300000|  0%| F|  |TAMS 0x0000000095200000| PB 0x0000000095200000| Untracked 
| 339|0x0000000095300000, 0x0000000095300000, 0x0000000095400000|  0%| F|  |TAMS 0x0000000095300000| PB 0x0000000095300000| Untracked 
| 340|0x0000000095400000, 0x0000000095400000, 0x0000000095500000|  0%| F|  |TAMS 0x0000000095400000| PB 0x0000000095400000| Untracked 
| 341|0x0000000095500000, 0x0000000095500000, 0x0000000095600000|  0%| F|  |TAMS 0x0000000095500000| PB 0x0000000095500000| Untracked 
| 342|0x0000000095600000, 0x0000000095600000, 0x0000000095700000|  0%| F|  |TAMS 0x0000000095600000| PB 0x0000000095600000| Untracked 
| 343|0x0000000095700000, 0x0000000095700000, 0x0000000095800000|  0%| F|  |TAMS 0x0000000095700000| PB 0x0000000095700000| Untracked 
| 344|0x0000000095800000, 0x0000000095800000, 0x0000000095900000|  0%| F|  |TAMS 0x0000000095800000| PB 0x0000000095800000| Untracked 
| 345|0x0000000095900000, 0x0000000095900000, 0x0000000095a00000|  0%| F|  |TAMS 0x0000000095900000| PB 0x0000000095900000| Untracked 
| 346|0x0000000095a00000, 0x0000000095a00000, 0x0000000095b00000|  0%| F|  |TAMS 0x0000000095a00000| PB 0x0000000095a00000| Untracked 
| 347|0x0000000095b00000, 0x0000000095b00000, 0x0000000095c00000|  0%| F|  |TAMS 0x0000000095b00000| PB 0x0000000095b00000| Untracked 
| 348|0x0000000095c00000, 0x0000000095c00000, 0x0000000095d00000|  0%| F|  |TAMS 0x0000000095c00000| PB 0x0000000095c00000| Untracked 
| 349|0x0000000095d00000, 0x0000000095d00000, 0x0000000095e00000|  0%| F|  |TAMS 0x0000000095d00000| PB 0x0000000095d00000| Untracked 
| 350|0x0000000095e00000, 0x0000000095e00000, 0x0000000095f00000|  0%| F|  |TAMS 0x0000000095e00000| PB 0x0000000095e00000| Untracked 
| 351|0x0000000095f00000, 0x0000000095f00000, 0x0000000096000000|  0%| F|  |TAMS 0x0000000095f00000| PB 0x0000000095f00000| Untracked 
| 352|0x0000000096000000, 0x0000000096000000, 0x0000000096100000|  0%| F|  |TAMS 0x0000000096000000| PB 0x0000000096000000| Untracked 
| 353|0x0000000096100000, 0x0000000096100000, 0x0000000096200000|  0%| F|  |TAMS 0x0000000096100000| PB 0x0000000096100000| Untracked 
| 354|0x0000000096200000, 0x0000000096200000, 0x0000000096300000|  0%| F|  |TAMS 0x0000000096200000| PB 0x0000000096200000| Untracked 
| 355|0x0000000096300000, 0x0000000096300000, 0x0000000096400000|  0%| F|  |TAMS 0x0000000096300000| PB 0x0000000096300000| Untracked 
| 356|0x0000000096400000, 0x0000000096400000, 0x0000000096500000|  0%| F|  |TAMS 0x0000000096400000| PB 0x0000000096400000| Untracked 
| 357|0x0000000096500000, 0x0000000096500000, 0x0000000096600000|  0%| F|  |TAMS 0x0000000096500000| PB 0x0000000096500000| Untracked 
| 358|0x0000000096600000, 0x0000000096600000, 0x0000000096700000|  0%| F|  |TAMS 0x0000000096600000| PB 0x0000000096600000| Untracked 
| 359|0x0000000096700000, 0x0000000096700000, 0x0000000096800000|  0%| F|  |TAMS 0x0000000096700000| PB 0x0000000096700000| Untracked 
| 360|0x0000000096800000, 0x0000000096800000, 0x0000000096900000|  0%| F|  |TAMS 0x0000000096800000| PB 0x0000000096800000| Untracked 
| 361|0x0000000096900000, 0x0000000096900000, 0x0000000096a00000|  0%| F|  |TAMS 0x0000000096900000| PB 0x0000000096900000| Untracked 
| 362|0x0000000096a00000, 0x0000000096a00000, 0x0000000096b00000|  0%| F|  |TAMS 0x0000000096a00000| PB 0x0000000096a00000| Untracked 
| 363|0x0000000096b00000, 0x0000000096b00000, 0x0000000096c00000|  0%| F|  |TAMS 0x0000000096b00000| PB 0x0000000096b00000| Untracked 
| 364|0x0000000096c00000, 0x0000000096c00000, 0x0000000096d00000|  0%| F|  |TAMS 0x0000000096c00000| PB 0x0000000096c00000| Untracked 
| 365|0x0000000096d00000, 0x0000000096d00000, 0x0000000096e00000|  0%| F|  |TAMS 0x0000000096d00000| PB 0x0000000096d00000| Untracked 
| 366|0x0000000096e00000, 0x0000000096e00000, 0x0000000096f00000|  0%| F|  |TAMS 0x0000000096e00000| PB 0x0000000096e00000| Untracked 
| 367|0x0000000096f00000, 0x0000000096f00000, 0x0000000097000000|  0%| F|  |TAMS 0x0000000096f00000| PB 0x0000000096f00000| Untracked 
| 368|0x0000000097000000, 0x0000000097000000, 0x0000000097100000|  0%| F|  |TAMS 0x0000000097000000| PB 0x0000000097000000| Untracked 
| 369|0x0000000097100000, 0x0000000097100000, 0x0000000097200000|  0%| F|  |TAMS 0x0000000097100000| PB 0x0000000097100000| Untracked 
| 370|0x0000000097200000, 0x0000000097200000, 0x0000000097300000|  0%| F|  |TAMS 0x0000000097200000| PB 0x0000000097200000| Untracked 
| 371|0x0000000097300000, 0x0000000097300000, 0x0000000097400000|  0%| F|  |TAMS 0x0000000097300000| PB 0x0000000097300000| Untracked 
| 372|0x0000000097400000, 0x0000000097400000, 0x0000000097500000|  0%| F|  |TAMS 0x0000000097400000| PB 0x0000000097400000| Untracked 
| 373|0x0000000097500000, 0x0000000097500000, 0x0000000097600000|  0%| F|  |TAMS 0x0000000097500000| PB 0x0000000097500000| Untracked 
| 374|0x0000000097600000, 0x0000000097600000, 0x0000000097700000|  0%| F|  |TAMS 0x0000000097600000| PB 0x0000000097600000| Untracked 
| 375|0x0000000097700000, 0x0000000097700000, 0x0000000097800000|  0%| F|  |TAMS 0x0000000097700000| PB 0x0000000097700000| Untracked 
| 376|0x0000000097800000, 0x0000000097800000, 0x0000000097900000|  0%| F|  |TAMS 0x0000000097800000| PB 0x0000000097800000| Untracked 
| 377|0x0000000097900000, 0x0000000097900000, 0x0000000097a00000|  0%| F|  |TAMS 0x0000000097900000| PB 0x0000000097900000| Untracked 
|2041|0x00000000ff900000, 0x00000000ffa00000, 0x00000000ffa00000|100%| O|  |TAMS 0x00000000ff900000| PB 0x00000000ff900000| Untracked 
|2042|0x00000000ffa00000, 0x00000000ffa00000, 0x00000000ffb00000|  0%| F|  |TAMS 0x00000000ffa00000| PB 0x00000000ffa00000| Untracked 
|2043|0x00000000ffb00000, 0x00000000ffb00000, 0x00000000ffc00000|  0%| F|  |TAMS 0x00000000ffb00000| PB 0x00000000ffb00000| Untracked 
|2044|0x00000000ffc00000, 0x00000000ffd00000, 0x00000000ffd00000|100%| O|  |TAMS 0x00000000ffc00000| PB 0x00000000ffc00000| Untracked 
|2045|0x00000000ffd00000, 0x00000000ffd00000, 0x00000000ffe00000|  0%| F|  |TAMS 0x00000000ffd00000| PB 0x00000000ffd00000| Untracked 
|2046|0x00000000ffe00000, 0x00000000fff00000, 0x00000000fff00000|100%| O|  |TAMS 0x00000000ffe00000| PB 0x00000000ffe00000| Untracked 
|2047|0x00000000fff00000, 0x0000000100000000, 0x0000000100000000|100%| O|  |TAMS 0x00000000fff00000| PB 0x00000000fff00000| Untracked 

Card table byte_map: [0x00000252bb680000,0x00000252bba80000] _byte_map_base: 0x00000252bb280000

Marking Bits: (CMBitMap*) 0x00000252a906d930
 Bits: [0x00000252bba80000, 0x00000252bda80000)

Polling page: 0x00000252a6e50000

Metaspace:

Usage:
  Non-class:    128.70 MB used.
      Class:     19.79 MB used.
       Both:    148.48 MB used.

Virtual space:
  Non-class space:      192.00 MB reserved,     129.88 MB ( 68%) committed,  3 nodes.
      Class space:        1.00 GB reserved,      21.00 MB (  2%) committed,  1 nodes.
             Both:        1.19 GB reserved,     150.88 MB ( 12%) committed. 

Chunk freelists:
   Non-Class:  14.16 MB
       Class:  10.88 MB
        Both:  25.04 MB

MaxMetaspaceSize: unlimited
CompressedClassSpaceSize: 1.00 GB
Initial GC threshold: 21.00 MB
Current GC threshold: 210.88 MB
CDS: off
 - commit_granule_bytes: 65536.
 - commit_granule_words: 8192.
 - virtual_space_node_default_size: 8388608.
 - enlarge_chunks_in_place: 1.
 - use_allocation_guard: 0.


Internal statistics:

num_allocs_failed_limit: 15.
num_arena_births: 4850.
num_arena_deaths: 0.
num_vsnodes_births: 4.
num_vsnodes_deaths: 0.
num_space_committed: 2412.
num_space_uncommitted: 0.
num_chunks_returned_to_freelist: 15.
num_chunks_taken_from_freelist: 11390.
num_chunk_merges: 15.
num_chunk_splits: 7461.
num_chunks_enlarged: 4749.
num_inconsistent_stats: 0.

CodeHeap 'non-profiled nmethods': size=120000Kb used=13777Kb max_used=13777Kb free=106222Kb
 bounds [0x00000252b3c40000, 0x00000252b49c0000, 0x00000252bb170000]
CodeHeap 'profiled nmethods': size=120000Kb used=35593Kb max_used=35593Kb free=84406Kb
 bounds [0x00000252ac170000, 0x00000252ae440000, 0x00000252b36a0000]
CodeHeap 'non-nmethods': size=5760Kb used=2258Kb max_used=2305Kb free=3501Kb
 bounds [0x00000252b36a0000, 0x00000252b3910000, 0x00000252b3c40000]
 total_blobs=19649 nmethods=18688 adapters=863
 compilation: enabled
              stopped_count=0, restarted_count=0
 full_count=0

Compilation events (20 events):
Event: 418.710 Thread 0x00000252c044aa70 nmethod 22077 0x00000252b49b2a10 code [0x00000252b49b2be0, 0x00000252b49b2f00]
Event: 418.710 Thread 0x00000252c044aa70 22076       4       com.google.android.gms.dependencies.Artifact::equals (49 bytes)
Event: 418.712 Thread 0x00000252c044aa70 nmethod 22076 0x00000252b49b3110 code [0x00000252b49b32c0, 0x00000252b49b3658]
Event: 418.712 Thread 0x00000252c044aa70 22074       4       org.gradle.api.internal.artifacts.result.AbstractDependencyResult::<init> (56 bytes)
Event: 418.713 Thread 0x00000252c044aa70 nmethod 22074 0x00000252b49b3810 code [0x00000252b49b39a0, 0x00000252b49b3c08]
Event: 418.713 Thread 0x00000252c044aa70 22075       4       com.google.android.gms.dependencies.ArtifactVersion::<init> (38 bytes)
Event: 418.716 Thread 0x00000252c044aa70 nmethod 22075 0x00000252b49b3c90 code [0x00000252b49b3e20, 0x00000252b49b41c8]
Event: 418.717 Thread 0x00000252c045c310 22081       3       org.gradle.api.internal.provider.ValueState$FinalizedValue::finalizeOnNextGet (1 bytes)
Event: 418.717 Thread 0x00000252c044aa70 22082       4       org.gradle.internal.properties.bean.DefaultPropertyWalker$CachedPropertyValue::call (10 bytes)
Event: 418.717 Thread 0x00000252c045c310 nmethod 22081 0x00000252ae42ed10 code [0x00000252ae42eea0, 0x00000252ae42efa8]
Event: 418.719 Thread 0x00000252c044aa70 nmethod 22082 0x00000252b49b4310 code [0x00000252b49b44a0, 0x00000252b49b4590]
Event: 418.736 Thread 0x00000252c045c310 22083       3       sun.nio.fs.WindowsPath::getFileName (87 bytes)
Event: 418.737 Thread 0x00000252c045c310 nmethod 22083 0x00000252ae42f010 code [0x00000252ae42f2e0, 0x00000252ae430118]
Event: 418.770 Thread 0x00000252c045c310 22084   !   3       java.nio.file.FileTreeWalker::wouldLoop (79 bytes)
Event: 418.775 Thread 0x00000252c045c310 nmethod 22084 0x00000252ae430610 code [0x00000252ae430880, 0x00000252ae4312d8]
Event: 418.782 Thread 0x00000252c044aa70 22085   !   4       java.nio.file.Files::walkFileTree (297 bytes)
Event: 418.832 Thread 0x00000252c045c310 22088       3       org.gradle.api.internal.changedetection.state.CachingFileSystemLocationSnapshotHasher::hash (19 bytes)
Event: 418.833 Thread 0x00000252c045c310 nmethod 22088 0x00000252ae431710 code [0x00000252ae4318c0, 0x00000252ae431aa0]
Event: 418.833 Thread 0x00000252c045c310 22089       3       org.gradle.api.internal.changedetection.state.SplitResourceSnapshotterCacheService::hashFile (44 bytes)
Event: 418.836 Thread 0x00000252c045c310 nmethod 22089 0x00000252ae431b90 code [0x00000252ae431d80, 0x00000252ae4322d8]

GC Heap History (20 events):
Event: 307.130 GC heap after
{Heap after GC invocations=47 (full 0):
 garbage-first heap   total 279552K, used 158335K [0x0000000080000000, 0x0000000100000000)
  region size 1024K, 15 young (15360K), 15 survivors (15360K)
 Metaspace       used 126851K, committed 129152K, reserved 1179648K
  class space    used 16712K, committed 17856K, reserved 1048576K
}
Event: 308.869 GC heap before
{Heap before GC invocations=47 (full 0):
 garbage-first heap   total 279552K, used 172671K [0x0000000080000000, 0x0000000100000000)
  region size 1024K, 30 young (30720K), 15 survivors (15360K)
 Metaspace       used 127230K, committed 129536K, reserved 1179648K
  class space    used 16785K, committed 17920K, reserved 1048576K
}
Event: 308.938 GC heap after
{Heap after GC invocations=48 (full 0):
 garbage-first heap   total 394240K, used 161567K [0x0000000080000000, 0x0000000100000000)
  region size 1024K, 3 young (3072K), 3 survivors (3072K)
 Metaspace       used 127230K, committed 129536K, reserved 1179648K
  class space    used 16785K, committed 17920K, reserved 1048576K
}
Event: 334.290 GC heap before
{Heap before GC invocations=49 (full 0):
 garbage-first heap   total 394240K, used 296735K [0x0000000080000000, 0x0000000100000000)
  region size 1024K, 136 young (139264K), 3 survivors (3072K)
 Metaspace       used 131361K, committed 133760K, reserved 1179648K
  class space    used 17314K, committed 18496K, reserved 1048576K
}
Event: 334.799 GC heap after
{Heap after GC invocations=50 (full 0):
 garbage-first heap   total 394240K, used 167082K [0x0000000080000000, 0x0000000100000000)
  region size 1024K, 8 young (8192K), 8 survivors (8192K)
 Metaspace       used 131361K, committed 133760K, reserved 1179648K
  class space    used 17314K, committed 18496K, reserved 1048576K
}
Event: 339.678 GC heap before
{Heap before GC invocations=50 (full 0):
 garbage-first heap   total 394240K, used 250026K [0x0000000080000000, 0x0000000100000000)
  region size 1024K, 90 young (92160K), 8 survivors (8192K)
 Metaspace       used 139763K, committed 142208K, reserved 1179648K
  class space    used 18480K, committed 19712K, reserved 1048576K
}
Event: 339.811 GC heap after
{Heap after GC invocations=51 (full 0):
 garbage-first heap   total 394240K, used 167927K [0x0000000080000000, 0x0000000100000000)
  region size 1024K, 3 young (3072K), 3 survivors (3072K)
 Metaspace       used 139763K, committed 142208K, reserved 1179648K
  class space    used 18480K, committed 19712K, reserved 1048576K
}
Event: 410.692 GC heap before
{Heap before GC invocations=51 (full 0):
 garbage-first heap   total 394240K, used 356343K [0x0000000080000000, 0x0000000100000000)
  region size 1024K, 153 young (156672K), 3 survivors (3072K)
 Metaspace       used 151691K, committed 154176K, reserved 1245184K
  class space    used 20258K, committed 21504K, reserved 1048576K
}
Event: 411.547 GC heap after
{Heap after GC invocations=52 (full 0):
 garbage-first heap   total 394240K, used 171858K [0x0000000080000000, 0x0000000100000000)
  region size 1024K, 7 young (7168K), 7 survivors (7168K)
 Metaspace       used 151691K, committed 154176K, reserved 1245184K
  class space    used 20258K, committed 21504K, reserved 1048576K
}
Event: 411.995 GC heap before
{Heap before GC invocations=52 (full 0):
 garbage-first heap   total 394240K, used 184146K [0x0000000080000000, 0x0000000100000000)
  region size 1024K, 19 young (19456K), 7 survivors (7168K)
 Metaspace       used 151692K, committed 154176K, reserved 1245184K
  class space    used 20258K, committed 21504K, reserved 1048576K
}
Event: 412.059 GC heap after
{Heap after GC invocations=53 (full 0):
 garbage-first heap   total 394240K, used 171123K [0x0000000080000000, 0x0000000100000000)
  region size 1024K, 1 young (1024K), 1 survivors (1024K)
 Metaspace       used 151692K, committed 154176K, reserved 1245184K
  class space    used 20258K, committed 21504K, reserved 1048576K
}
Event: 414.179 GC heap before
{Heap before GC invocations=53 (full 0):
 garbage-first heap   total 394240K, used 198771K [0x0000000080000000, 0x0000000100000000)
  region size 1024K, 29 young (29696K), 1 survivors (1024K)
 Metaspace       used 151726K, committed 154240K, reserved 1245184K
  class space    used 20260K, committed 21504K, reserved 1048576K
}
Event: 414.223 GC heap after
{Heap after GC invocations=54 (full 0):
 garbage-first heap   total 394240K, used 172848K [0x0000000080000000, 0x0000000100000000)
  region size 1024K, 4 young (4096K), 4 survivors (4096K)
 Metaspace       used 151726K, committed 154240K, reserved 1245184K
  class space    used 20260K, committed 21504K, reserved 1048576K
}
Event: 414.868 GC heap before
{Heap before GC invocations=54 (full 0):
 garbage-first heap   total 394240K, used 188208K [0x0000000080000000, 0x0000000100000000)
  region size 1024K, 19 young (19456K), 4 survivors (4096K)
 Metaspace       used 151748K, committed 154240K, reserved 1245184K
  class space    used 20260K, committed 21504K, reserved 1048576K
}
Event: 414.930 GC heap after
{Heap after GC invocations=55 (full 0):
 garbage-first heap   total 394240K, used 172944K [0x0000000080000000, 0x0000000100000000)
  region size 1024K, 2 young (2048K), 2 survivors (2048K)
 Metaspace       used 151748K, committed 154240K, reserved 1245184K
  class space    used 20260K, committed 21504K, reserved 1048576K
}
Event: 416.929 GC heap before
{Heap before GC invocations=55 (full 0):
 garbage-first heap   total 394240K, used 206736K [0x0000000080000000, 0x0000000100000000)
  region size 1024K, 35 young (35840K), 2 survivors (2048K)
 Metaspace       used 151971K, committed 154432K, reserved 1245184K
  class space    used 20262K, committed 21504K, reserved 1048576K
}
Event: 417.014 GC heap after
{Heap after GC invocations=56 (full 0):
 garbage-first heap   total 394240K, used 177707K [0x0000000080000000, 0x0000000100000000)
  region size 1024K, 5 young (5120K), 5 survivors (5120K)
 Metaspace       used 151971K, committed 154432K, reserved 1245184K
  class space    used 20262K, committed 21504K, reserved 1048576K
}
Event: 417.461 GC heap before
{Heap before GC invocations=56 (full 0):
 garbage-first heap   total 394240K, used 192043K [0x0000000080000000, 0x0000000100000000)
  region size 1024K, 19 young (19456K), 5 survivors (5120K)
 Metaspace       used 151976K, committed 154432K, reserved 1245184K
  class space    used 20262K, committed 21504K, reserved 1048576K
}
Event: 417.520 GC heap after
{Heap after GC invocations=57 (full 0):
 garbage-first heap   total 394240K, used 180310K [0x0000000080000000, 0x0000000100000000)
  region size 1024K, 3 young (3072K), 3 survivors (3072K)
 Metaspace       used 151976K, committed 154432K, reserved 1245184K
  class space    used 20262K, committed 21504K, reserved 1048576K
}
Event: 418.852 GC heap before
{Heap before GC invocations=57 (full 0):
 garbage-first heap   total 394240K, used 229462K [0x0000000080000000, 0x0000000100000000)
  region size 1024K, 52 young (53248K), 3 survivors (3072K)
 Metaspace       used 152046K, committed 154496K, reserved 1245184K
  class space    used 20262K, committed 21504K, reserved 1048576K
}

Dll operation events (3 events):
Event: 0.029 Loaded shared library C:\Program Files\Android\Android Studio\jbr\bin\java.dll
Event: 0.036 Loaded shared library C:\Program Files\Android\Android Studio\jbr\bin\zip.dll
Event: 0.731 Loaded shared library C:\Program Files\Android\Android Studio\jbr\bin\verify.dll

Deoptimization events (20 events):
Event: 417.984 Thread 0x00000252c67f2db0 Uncommon trap: trap_request=0xffffffbe fr.pc=0x00000252b49605ec relative=0x000000000000344c
Event: 417.984 Thread 0x00000252c67f2db0 Uncommon trap: reason=profile_predicate action=maybe_recompile pc=0x00000252b49605ec method=org.gradle.api.internal.artifacts.ivyservice.resolveengine.graph.builder.DependencyGraphBuilder$1.execute(Lorg/gradle/api/internal/capabilities/CapabilityInternal;
Event: 417.984 Thread 0x00000252c67f2db0 DEOPT PACKING pc=0x00000252b49605ec sp=0x000000d8332fbc10
Event: 417.984 Thread 0x00000252c67f2db0 DEOPT UNPACKING pc=0x00000252b36f46a2 sp=0x000000d8332fbbf0 mode 2
Event: 417.986 Thread 0x00000252c67f2db0 Uncommon trap: trap_request=0xffffffbe fr.pc=0x00000252b4973994 relative=0x0000000000003274
Event: 417.986 Thread 0x00000252c67f2db0 Uncommon trap: reason=profile_predicate action=maybe_recompile pc=0x00000252b4973994 method=org.gradle.api.internal.artifacts.ivyservice.resolveengine.graph.builder.DependencyGraphBuilder$1.execute(Lorg/gradle/api/internal/capabilities/CapabilityInternal;
Event: 417.986 Thread 0x00000252c67f2db0 DEOPT PACKING pc=0x00000252b4973994 sp=0x000000d8332fbc00
Event: 417.986 Thread 0x00000252c67f2db0 DEOPT UNPACKING pc=0x00000252b36f46a2 sp=0x000000d8332fbbe8 mode 2
Event: 417.995 Thread 0x00000252c67f2db0 Uncommon trap: trap_request=0xffffffbe fr.pc=0x00000252b4973994 relative=0x0000000000003274
Event: 417.995 Thread 0x00000252c67f2db0 Uncommon trap: reason=profile_predicate action=maybe_recompile pc=0x00000252b4973994 method=org.gradle.api.internal.artifacts.ivyservice.resolveengine.graph.builder.DependencyGraphBuilder$1.execute(Lorg/gradle/api/internal/capabilities/CapabilityInternal;
Event: 417.995 Thread 0x00000252c67f2db0 DEOPT PACKING pc=0x00000252b4973994 sp=0x000000d8332fbc00
Event: 417.995 Thread 0x00000252c67f2db0 DEOPT UNPACKING pc=0x00000252b36f46a2 sp=0x000000d8332fbbe8 mode 2
Event: 417.996 Thread 0x00000252c67f2db0 Uncommon trap: trap_request=0xffffffbe fr.pc=0x00000252b49605ec relative=0x000000000000344c
Event: 417.996 Thread 0x00000252c67f2db0 Uncommon trap: reason=profile_predicate action=maybe_recompile pc=0x00000252b49605ec method=org.gradle.api.internal.artifacts.ivyservice.resolveengine.graph.builder.DependencyGraphBuilder$1.execute(Lorg/gradle/api/internal/capabilities/CapabilityInternal;
Event: 417.996 Thread 0x00000252c67f2db0 DEOPT PACKING pc=0x00000252b49605ec sp=0x000000d8332fbc10
Event: 417.996 Thread 0x00000252c67f2db0 DEOPT UNPACKING pc=0x00000252b36f46a2 sp=0x000000d8332fbbf0 mode 2
Event: 418.123 Thread 0x00000252c67f2db0 Uncommon trap: trap_request=0xffffff45 fr.pc=0x00000252b3e307d8 relative=0x0000000000000bf8
Event: 418.123 Thread 0x00000252c67f2db0 Uncommon trap: reason=unstable_if action=reinterpret pc=0x00000252b3e307d8 method=java.util.concurrent.ConcurrentLinkedQueue.updateHead(Ljava/util/concurrent/ConcurrentLinkedQueue$Node;Ljava/util/concurrent/ConcurrentLinkedQueue$Node;)V @ 14 c2
Event: 418.123 Thread 0x00000252c67f2db0 DEOPT PACKING pc=0x00000252b3e307d8 sp=0x000000d8332fb010
Event: 418.123 Thread 0x00000252c67f2db0 DEOPT UNPACKING pc=0x00000252b36f46a2 sp=0x000000d8332faee8 mode 2

Classes loaded (20 events):
Event: 345.369 Loading class sun/security/rsa/RSACore$BlindingParameters
Event: 345.370 Loading class sun/security/rsa/RSACore$BlindingParameters done
Event: 345.370 Loading class sun/security/jca/JCAUtil$CachedSecureRandomHolder
Event: 345.370 Loading class sun/security/jca/JCAUtil$CachedSecureRandomHolder done
Event: 345.377 Loading class sun/security/rsa/RSACore$BlindingRandomPair
Event: 345.377 Loading class sun/security/rsa/RSACore$BlindingRandomPair done
Event: 352.948 Loading class java/lang/StackStreamFactory
Event: 353.004 Loading class java/lang/StackStreamFactory done
Event: 353.006 Loading class java/lang/StackWalker$ExtendedOption
Event: 353.016 Loading class java/lang/StackWalker$ExtendedOption done
Event: 353.018 Loading class java/lang/StackStreamFactory$StackFrameTraverser
Event: 353.057 Loading class java/lang/StackStreamFactory$StackFrameTraverser done
Event: 353.057 Loading class java/lang/StackStreamFactory$WalkerState
Event: 353.060 Loading class java/lang/StackStreamFactory$WalkerState done
Event: 353.063 Loading class java/lang/StackStreamFactory$StackFrameTraverser$StackFrameBuffer
Event: 353.083 Loading class java/lang/StackStreamFactory$FrameBuffer
Event: 353.099 Loading class java/lang/StackStreamFactory$FrameBuffer done
Event: 353.099 Loading class java/lang/StackStreamFactory$StackFrameTraverser$StackFrameBuffer done
Event: 353.113 Loading class java/util/logging/LogRecord
Event: 353.199 Loading class java/util/logging/LogRecord done

Classes unloaded (0 events):
No events

Classes redefined (0 events):
No events

Internal exceptions (20 events):
Event: 347.008 Thread 0x00000252d0ba3be0 Exception <a 'sun/nio/fs/WindowsException'{0x000000008ec9aa68}> (0x000000008ec9aa68) 
thrown [s\src\hotspot\share\prims\jni.cpp, line 535]
Event: 347.008 Thread 0x00000252d0ba3be0 Exception <a 'sun/nio/fs/WindowsException'{0x000000008ec9b608}> (0x000000008ec9b608) 
thrown [s\src\hotspot\share\prims\jni.cpp, line 535]
Event: 347.020 Thread 0x00000252d0ba3be0 Exception <a 'sun/nio/fs/WindowsException'{0x000000008ecb0340}> (0x000000008ecb0340) 
thrown [s\src\hotspot\share\prims\jni.cpp, line 535]
Event: 347.021 Thread 0x00000252d0ba3be0 Exception <a 'sun/nio/fs/WindowsException'{0x000000008ecb0ea0}> (0x000000008ecb0ea0) 
thrown [s\src\hotspot\share\prims\jni.cpp, line 535]
Event: 347.021 Thread 0x00000252d0ba3be0 Exception <a 'sun/nio/fs/WindowsException'{0x000000008ecb1a48}> (0x000000008ecb1a48) 
thrown [s\src\hotspot\share\prims\jni.cpp, line 535]
Event: 347.026 Thread 0x00000252d0ba3be0 Exception <a 'sun/nio/fs/WindowsException'{0x000000008ecbe788}> (0x000000008ecbe788) 
thrown [s\src\hotspot\share\prims\jni.cpp, line 535]
Event: 410.017 Thread 0x00000252d0ba4270 Exception <a 'sun/nio/fs/WindowsException'{0x000000008e46de50}> (0x000000008e46de50) 
thrown [s\src\hotspot\share\prims\jni.cpp, line 535]
Event: 410.019 Thread 0x00000252d0ba4270 Exception <a 'sun/nio/fs/WindowsException'{0x000000008e46f308}> (0x000000008e46f308) 
thrown [s\src\hotspot\share\prims\jni.cpp, line 535]
Event: 410.020 Thread 0x00000252d0ba4270 Exception <a 'sun/nio/fs/WindowsException'{0x000000008e4707b0}> (0x000000008e4707b0) 
thrown [s\src\hotspot\share\prims\jni.cpp, line 535]
Event: 410.021 Thread 0x00000252d0ba4270 Exception <a 'sun/nio/fs/WindowsException'{0x000000008e471c58}> (0x000000008e471c58) 
thrown [s\src\hotspot\share\prims\jni.cpp, line 535]
Event: 412.674 Thread 0x00000252d0ba4270 Exception <a 'sun/nio/fs/WindowsException'{0x00000000976fafa8}> (0x00000000976fafa8) 
thrown [s\src\hotspot\share\prims\jni.cpp, line 535]
Event: 412.675 Thread 0x00000252d0ba4270 Exception <a 'sun/nio/fs/WindowsException'{0x00000000976fc710}> (0x00000000976fc710) 
thrown [s\src\hotspot\share\prims\jni.cpp, line 535]
Event: 412.688 Thread 0x00000252d0ba4270 Exception <a 'sun/nio/fs/WindowsException'{0x00000000976feb08}> (0x00000000976feb08) 
thrown [s\src\hotspot\share\prims\jni.cpp, line 535]
Event: 415.602 Thread 0x00000252d0ba4270 Implicit null exception at 0x00000252b436026c to 0x00000252b4360330
Event: 416.113 Thread 0x00000252d0ba4270 Exception <a 'sun/nio/fs/WindowsException'{0x0000000096abf5e0}> (0x0000000096abf5e0) 
thrown [s\src\hotspot\share\prims\jni.cpp, line 535]
Event: 416.114 Thread 0x00000252d0ba4270 Exception <a 'sun/nio/fs/WindowsException'{0x0000000096ac0c40}> (0x0000000096ac0c40) 
thrown [s\src\hotspot\share\prims\jni.cpp, line 535]
Event: 416.114 Thread 0x00000252d0ba4270 Exception <a 'sun/nio/fs/WindowsException'{0x0000000096ac22f0}> (0x0000000096ac22f0) 
thrown [s\src\hotspot\share\prims\jni.cpp, line 535]
Event: 416.115 Thread 0x00000252d0ba4270 Exception <a 'sun/nio/fs/WindowsException'{0x0000000096ac39a0}> (0x0000000096ac39a0) 
thrown [s\src\hotspot\share\prims\jni.cpp, line 535]
Event: 416.563 Thread 0x00000252d0ba4270 Exception <a 'sun/nio/fs/WindowsException'{0x000000009652a420}> (0x000000009652a420) 
thrown [s\src\hotspot\share\prims\jni.cpp, line 535]
Event: 416.691 Thread 0x00000252c67f6f50 Exception <a 'sun/nio/fs/WindowsException'{0x00000000962681d8}> (0x00000000962681d8) 
thrown [s\src\hotspot\share\prims\jni.cpp, line 535]

ZGC Phase Switch (0 events):
No events

VM Operations (20 events):
Event: 408.516 Executing VM operation: Cleanup done
Event: 410.516 Executing VM operation: Cleanup
Event: 410.516 Executing VM operation: Cleanup done
Event: 410.691 Executing VM operation: G1CollectForAllocation (G1 Evacuation Pause)
Event: 411.547 Executing VM operation: G1CollectForAllocation (G1 Evacuation Pause) done
Event: 411.995 Executing VM operation: G1CollectForAllocation (G1 Evacuation Pause)
Event: 412.059 Executing VM operation: G1CollectForAllocation (G1 Evacuation Pause) done
Event: 413.741 Executing VM operation: ICBufferFull
Event: 413.742 Executing VM operation: ICBufferFull done
Event: 414.179 Executing VM operation: G1CollectForAllocation (G1 Evacuation Pause)
Event: 414.223 Executing VM operation: G1CollectForAllocation (G1 Evacuation Pause) done
Event: 414.868 Executing VM operation: G1CollectForAllocation (G1 Evacuation Pause)
Event: 414.930 Executing VM operation: G1CollectForAllocation (G1 Evacuation Pause) done
Event: 415.930 Executing VM operation: Cleanup
Event: 415.930 Executing VM operation: Cleanup done
Event: 416.927 Executing VM operation: G1CollectForAllocation (G1 Evacuation Pause)
Event: 417.014 Executing VM operation: G1CollectForAllocation (G1 Evacuation Pause) done
Event: 417.461 Executing VM operation: G1CollectForAllocation (G1 Evacuation Pause)
Event: 417.520 Executing VM operation: G1CollectForAllocation (G1 Evacuation Pause) done
Event: 418.851 Executing VM operation: G1CollectForAllocation (G1 Evacuation Pause)

Memory protections (0 events):
No events

Nmethod flushes (20 events):
Event: 309.800 Thread 0x00000252c0237700 flushing  nmethod 0x00000252ad181c90
Event: 309.800 Thread 0x00000252c0237700 flushing  nmethod 0x00000252ad405310
Event: 309.800 Thread 0x00000252c0237700 flushing  nmethod 0x00000252ad650710
Event: 309.800 Thread 0x00000252c0237700 flushing  nmethod 0x00000252ad652d10
Event: 309.800 Thread 0x00000252c0237700 flushing  nmethod 0x00000252ad684510
Event: 309.800 Thread 0x00000252c0237700 flushing  nmethod 0x00000252ad687c10
Event: 309.800 Thread 0x00000252c0237700 flushing  nmethod 0x00000252ad7f4a10
Event: 309.800 Thread 0x00000252c0237700 flushing  nmethod 0x00000252ad85b590
Event: 309.800 Thread 0x00000252c0237700 flushing  nmethod 0x00000252ad85f490
Event: 309.800 Thread 0x00000252c0237700 flushing  nmethod 0x00000252ad85fd90
Event: 309.800 Thread 0x00000252c0237700 flushing  nmethod 0x00000252ad860490
Event: 309.800 Thread 0x00000252c0237700 flushing  nmethod 0x00000252ad860890
Event: 309.800 Thread 0x00000252c0237700 flushing  nmethod 0x00000252ad87ff90
Event: 309.800 Thread 0x00000252c0237700 flushing  nmethod 0x00000252ad881190
Event: 309.800 Thread 0x00000252c0237700 flushing  nmethod 0x00000252ada98310
Event: 309.800 Thread 0x00000252c0237700 flushing  nmethod 0x00000252ada98990
Event: 309.800 Thread 0x00000252c0237700 flushing  nmethod 0x00000252ada98d90
Event: 309.800 Thread 0x00000252c0237700 flushing  nmethod 0x00000252ada99090
Event: 309.800 Thread 0x00000252c0237700 flushing  nmethod 0x00000252ada99810
Event: 309.800 Thread 0x00000252c0237700 flushing  nmethod 0x00000252ada99d10

Events (20 events):
Event: 414.456 Thread 0x00000252d0ba4270 Thread added: 0x00000252c67f8990
Event: 414.457 Thread 0x00000252d0ba4270 Thread added: 0x00000252c67f75e0
Event: 414.656 Thread 0x00000252d0ba4270 Thread added: 0x00000252c67f9020
Event: 415.179 Thread 0x00000252d0ba4270 Thread added: 0x00000252c67f96b0
Event: 416.572 Thread 0x00000252d0ba4270 Thread added: 0x00000252c67f68c0
Event: 416.574 Thread 0x00000252d0ba4270 Thread added: 0x00000252c67f47f0
Event: 416.636 Thread 0x00000252d0ba4270 Thread added: 0x00000252c67f6f50
Event: 416.638 Thread 0x00000252c67f6f50 Thread added: 0x00000252c67f2db0
Event: 416.639 Thread 0x00000252c67f6f50 Thread added: 0x00000252c67fa3d0
Event: 416.640 Thread 0x00000252c67f6f50 Thread added: 0x00000252c67f3440
Event: 416.640 Thread 0x00000252c67f6f50 Thread added: 0x00000252c67ff290
Event: 416.640 Thread 0x00000252c67f6f50 Thread added: 0x00000252c67ff920
Event: 416.650 Thread 0x00000252c67f6f50 Thread added: 0x00000252c6800640
Event: 417.302 Thread 0x00000252d0ba5620 Thread exited: 0x00000252d0ba5620
Event: 418.112 Thread 0x00000252c67f2db0 Thread added: 0x00000252c67f5ba0
Event: 418.113 Thread 0x00000252c67f2db0 Thread added: 0x00000252c67faa60
Event: 418.113 Thread 0x00000252c67f2db0 Thread added: 0x00000252c67f3ad0
Event: 418.114 Thread 0x00000252c67f2db0 Thread added: 0x00000252c67fb780
Event: 418.114 Thread 0x00000252c67f2db0 Thread added: 0x00000252c67fc4a0
Event: 418.496 Thread 0x00000252c67ff920 Thread added: 0x00000252c67fd850


Dynamic libraries:
0x00007ff6dadf0000 - 0x00007ff6dadfa000 	C:\Program Files\Android\Android Studio\jbr\bin\java.exe
0x00007ffa737b0000 - 0x00007ffa739a8000 	C:\Windows\SYSTEM32\ntdll.dll
0x00007ffa6b6f0000 - 0x00007ffa6b710000 	C:\Program Files\Avast Software\Avast\aswhook.dll
0x00007ffa72970000 - 0x00007ffa72a32000 	C:\Windows\System32\KERNEL32.DLL
0x00007ffa71250000 - 0x00007ffa71546000 	C:\Windows\System32\KERNELBASE.dll
0x00007ffa715f0000 - 0x00007ffa716f0000 	C:\Windows\System32\ucrtbase.dll
0x00007ffa2eb80000 - 0x00007ffa2eb9b000 	C:\Program Files\Android\Android Studio\jbr\bin\VCRUNTIME140.dll
0x00007ffa5cd90000 - 0x00007ffa5cda8000 	C:\Program Files\Android\Android Studio\jbr\bin\jli.dll
0x00007ffa734f0000 - 0x00007ffa73691000 	C:\Windows\System32\USER32.dll
0x00007ffa717a0000 - 0x00007ffa717c2000 	C:\Windows\System32\win32u.dll
0x00007ffa727b0000 - 0x00007ffa727db000 	C:\Windows\System32\GDI32.dll
0x00007ffa70e40000 - 0x00007ffa70f59000 	C:\Windows\System32\gdi32full.dll
0x00007ffa71550000 - 0x00007ffa715ed000 	C:\Windows\System32\msvcp_win.dll
0x00007ffa5e2e0000 - 0x00007ffa5e57b000 	C:\Windows\WinSxS\amd64_microsoft.windows.common-controls_6595b64144ccf1df_6.0.19041.6456_none_60b8a6cb71f64256\COMCTL32.dll
0x00007ffa72f60000 - 0x00007ffa72ffe000 	C:\Windows\System32\msvcrt.dll
0x00007ffa72780000 - 0x00007ffa727af000 	C:\Windows\System32\IMM32.DLL
0x00007ffa2eb70000 - 0x00007ffa2eb7c000 	C:\Program Files\Android\Android Studio\jbr\bin\vcruntime140_1.dll
0x00007ffa56bc0000 - 0x00007ffa56c4d000 	C:\Program Files\Android\Android Studio\jbr\bin\msvcp140.dll
0x00007ffa14730000 - 0x00007ffa153bb000 	C:\Program Files\Android\Android Studio\jbr\bin\server\jvm.dll
0x00007ffa72c80000 - 0x00007ffa72d31000 	C:\Windows\System32\ADVAPI32.dll
0x00007ffa72be0000 - 0x00007ffa72c7f000 	C:\Windows\System32\sechost.dll
0x00007ffa717d0000 - 0x00007ffa718f0000 	C:\Windows\System32\RPCRT4.dll
0x00007ffa711a0000 - 0x00007ffa711c7000 	C:\Windows\System32\bcrypt.dll
0x00007ffa70850000 - 0x00007ffa7089b000 	C:\Windows\SYSTEM32\POWRPROF.dll
0x00007ffa723b0000 - 0x00007ffa7241b000 	C:\Windows\System32\WS2_32.dll
0x00007ffa65990000 - 0x00007ffa6599a000 	C:\Windows\SYSTEM32\VERSION.dll
0x00007ffa65960000 - 0x00007ffa65987000 	C:\Windows\SYSTEM32\WINMM.dll
0x00007ffa70800000 - 0x00007ffa70812000 	C:\Windows\SYSTEM32\UMPDC.dll
0x00007ffa6f650000 - 0x00007ffa6f662000 	C:\Windows\SYSTEM32\kernel.appcore.dll
0x00007ffa2e800000 - 0x00007ffa2e80a000 	C:\Program Files\Android\Android Studio\jbr\bin\jimage.dll
0x00007ffa6e870000 - 0x00007ffa6ea71000 	C:\Windows\SYSTEM32\DBGHELP.DLL
0x00007ffa648c0000 - 0x00007ffa648f4000 	C:\Windows\SYSTEM32\dbgcore.DLL
0x00007ffa710c0000 - 0x00007ffa71142000 	C:\Windows\System32\bcryptPrimitives.dll
0x00007ffa6ba70000 - 0x00007ffa6ba7e000 	C:\Program Files\Android\Android Studio\jbr\bin\instrument.dll
0x00007ffa2e740000 - 0x00007ffa2e760000 	C:\Program Files\Android\Android Studio\jbr\bin\java.dll
0x00007ffa2e720000 - 0x00007ffa2e738000 	C:\Program Files\Android\Android Studio\jbr\bin\zip.dll
0x00007ffa71980000 - 0x00007ffa720f0000 	C:\Windows\System32\SHELL32.dll
0x00007ffa6ee90000 - 0x00007ffa6f635000 	C:\Windows\SYSTEM32\windows.storage.dll
0x00007ffa72420000 - 0x00007ffa72774000 	C:\Windows\System32\combase.dll
0x00007ffa70820000 - 0x00007ffa7084b000 	C:\Windows\SYSTEM32\Wldp.dll
0x00007ffa736a0000 - 0x00007ffa7376d000 	C:\Windows\System32\OLEAUT32.dll
0x00007ffa72300000 - 0x00007ffa723ad000 	C:\Windows\System32\SHCORE.dll
0x00007ffa727e0000 - 0x00007ffa7283b000 	C:\Windows\System32\shlwapi.dll
0x00007ffa70d70000 - 0x00007ffa70d94000 	C:\Windows\SYSTEM32\profapi.dll
0x00007ffa2e710000 - 0x00007ffa2e720000 	C:\Program Files\Android\Android Studio\jbr\bin\net.dll
0x00007ffa6c8e0000 - 0x00007ffa6c9ea000 	C:\Windows\SYSTEM32\WINHTTP.dll
0x00007ffa70560000 - 0x00007ffa705ca000 	C:\Windows\system32\mswsock.dll
0x00007ffa2de10000 - 0x00007ffa2de26000 	C:\Program Files\Android\Android Studio\jbr\bin\nio.dll
0x00007ffa2d0f0000 - 0x00007ffa2d100000 	C:\Program Files\Android\Android Studio\jbr\bin\verify.dll
0x00007ffa56c50000 - 0x00007ffa56c77000 	C:\Users\USUARIO\.gradle\native\1def1411415f61bf3af743bc5b6707747c0891f09f0c88961ee8f79bc544acac\windows-amd64\native-platform.dll
0x00007ffa35410000 - 0x00007ffa35488000 	C:\Users\USUARIO\.gradle\native\0.2.7\x86_64-windows-gnu\gradle-fileevents.dll
0x00007ffa2d830000 - 0x00007ffa2d839000 	C:\Program Files\Android\Android Studio\jbr\bin\management.dll
0x00007ffa2d820000 - 0x00007ffa2d82b000 	C:\Program Files\Android\Android Studio\jbr\bin\management_ext.dll
0x00007ffa72ab0000 - 0x00007ffa72ab8000 	C:\Windows\System32\PSAPI.DLL
0x00007ffa70240000 - 0x00007ffa7027b000 	C:\Windows\SYSTEM32\IPHLPAPI.DLL
0x00007ffa71970000 - 0x00007ffa71978000 	C:\Windows\System32\NSI.dll
0x00007ffa2d840000 - 0x00007ffa2d849000 	C:\Program Files\Android\Android Studio\jbr\bin\extnet.dll
0x00007ffa70750000 - 0x00007ffa70768000 	C:\Windows\SYSTEM32\CRYPTSP.dll
0x00007ffa6fe80000 - 0x00007ffa6feb8000 	C:\Windows\system32\rsaenh.dll
0x00007ffa70d30000 - 0x00007ffa70d5e000 	C:\Windows\SYSTEM32\USERENV.dll
0x00007ffa70770000 - 0x00007ffa7077c000 	C:\Windows\SYSTEM32\CRYPTBASE.dll
0x00007ffa2d9b0000 - 0x00007ffa2d9b7000 	C:\Windows\system32\wshunix.dll
0x00007ffa46260000 - 0x00007ffa46277000 	C:\Windows\system32\napinsp.dll
0x00007ffa46240000 - 0x00007ffa4625b000 	C:\Windows\system32\pnrpnsp.dll
0x00007ffa6ccb0000 - 0x00007ffa6cccd000 	C:\Windows\system32\wshbth.dll
0x00007ffa6c8c0000 - 0x00007ffa6c8dd000 	C:\Windows\system32\NLAapi.dll
0x00007ffa70280000 - 0x00007ffa7034a000 	C:\Windows\SYSTEM32\DNSAPI.dll
0x00007ffa46220000 - 0x00007ffa46232000 	C:\Windows\System32\winrnr.dll
0x0000000057360000 - 0x0000000057386000 	C:\Program Files\Bonjour\mdnsNSP.dll
0x00007ffa68e00000 - 0x00007ffa68e0a000 	C:\Windows\System32\rasadhlp.dll
0x00007ffa68200000 - 0x00007ffa68280000 	C:\Windows\System32\fwpuclnt.dll
0x00007ffa3e9e0000 - 0x00007ffa3e9e7000 	C:\Program Files\Android\Android Studio\jbr\bin\rmi.dll

dbghelp: loaded successfully - version: 4.0.5 - missing functions: none
symbol engine: initialized successfully - sym options: 0x614 - pdb path: .;C:\Program Files\Android\Android Studio\jbr\bin;C:\Windows\SYSTEM32;C:\Program Files\Avast Software\Avast;C:\Windows\WinSxS\amd64_microsoft.windows.common-controls_6595b64144ccf1df_6.0.19041.6456_none_60b8a6cb71f64256;C:\Program Files\Android\Android Studio\jbr\bin\server;C:\Users\USUARIO\.gradle\native\1def1411415f61bf3af743bc5b6707747c0891f09f0c88961ee8f79bc544acac\windows-amd64;C:\Users\USUARIO\.gradle\native\0.2.7\x86_64-windows-gnu;C:\Program Files\Bonjour

VM Arguments:
jvm_args: --add-opens=java.base/java.lang=ALL-UNNAMED --add-opens=java.base/java.lang.invoke=ALL-UNNAMED --add-opens=java.base/java.util=ALL-UNNAMED --add-opens=java.prefs/java.util.prefs=ALL-UNNAMED --add-exports=jdk.compiler/com.sun.tools.javac.api=ALL-UNNAMED --add-exports=jdk.compiler/com.sun.tools.javac.util=ALL-UNNAMED --add-opens=java.base/java.util=ALL-UNNAMED --add-opens=java.prefs/java.util.prefs=ALL-UNNAMED --add-opens=java.base/java.nio.charset=ALL-UNNAMED --add-opens=java.base/java.net=ALL-UNNAMED --add-opens=java.base/java.util.concurrent.atomic=ALL-UNNAMED --add-opens=java.xml/javax.xml.namespace=ALL-UNNAMED -Xmx2048m -Dfile.encoding=UTF-8 -Duser.country=ES -Duser.language=es -Duser.variant -javaagent:C:\Users\USUARIO\.gradle\wrapper\dists\gradle-8.13-bin\5xuhj0ry160q40clulazy9h7d\gradle-8.13\lib\agents\gradle-instrumentation-agent-8.13.jar 
java_command: org.gradle.launcher.daemon.bootstrap.GradleDaemon 8.13
java_class_path (initial): C:\Users\USUARIO\.gradle\wrapper\dists\gradle-8.13-bin\5xuhj0ry160q40clulazy9h7d\gradle-8.13\lib\gradle-daemon-main-8.13.jar
Launcher Type: SUN_STANDARD

[Global flags]
     intx CICompilerCount                          = 3                                         {product} {ergonomic}
     uint ConcGCThreads                            = 2                                         {product} {ergonomic}
     uint G1ConcRefinementThreads                  = 6                                         {product} {ergonomic}
   size_t G1HeapRegionSize                         = 1048576                                   {product} {ergonomic}
    uintx GCDrainStackTargetSize                   = 64                                        {product} {ergonomic}
   size_t InitialHeapSize                          = 56623104                                  {product} {ergonomic}
   size_t MarkStackSize                            = 4194304                                   {product} {ergonomic}
   size_t MaxHeapSize                              = 2147483648                                {product} {command line}
   size_t MaxNewSize                               = 1287651328                                {product} {ergonomic}
   size_t MinHeapDeltaBytes                        = 1048576                                   {product} {ergonomic}
   size_t MinHeapSize                              = 8388608                                   {product} {ergonomic}
    uintx NonNMethodCodeHeapSize                   = 5832780                                {pd product} {ergonomic}
    uintx NonProfiledCodeHeapSize                  = 122912730                              {pd product} {ergonomic}
    uintx ProfiledCodeHeapSize                     = 122912730                              {pd product} {ergonomic}
    uintx ReservedCodeCacheSize                    = 251658240                              {pd product} {ergonomic}
     bool SegmentedCodeCache                       = true                                      {product} {ergonomic}
   size_t SoftMaxHeapSize                          = 2147483648                             {manageable} {ergonomic}
     bool UseCompressedOops                        = true                           {product lp64_product} {ergonomic}
     bool UseG1GC                                  = true                                      {product} {ergonomic}
     bool UseLargePagesIndividualAllocation        = false                                  {pd product} {ergonomic}

Logging:
Log output configuration:
 #0: stdout all=warning uptime,level,tags foldmultilines=false
 #1: stderr all=off uptime,level,tags foldmultilines=false

Environment Variables:
PATH=C:\Program Files\Common Files\Oracle\Java\javapath;C:\Windows\system32;C:\Windows;C:\Windows\System32\Wbem;C:\Windows\System32\WindowsPowerShell\v1.0\;C:\Windows\System32\OpenSSH\;C:\Program Files\Git\cmd;C:\Program Files\AutoFirma\AutoFirma;C:\Users\USUARIO\AppData\Local\Programs\Python\Launcher\;C:\Users\USUARIO\AppData\Local\Programs\Python\Python39\Scripts\;C:\Users\USUARIO\AppData\Local\Programs\Python\Python39\;C:\Users\USUARIO\AppData\Local\Programs\Python\Python310\Scripts\;C:\Users\USUARIO\AppData\Local\Programs\Python\Python310\;C:\Users\USUARIO\AppData\Local\Microsoft\WindowsApps;C:\Program Files\JetBrains\PyCharm Community Edition 2021.3.2\bin;;C:\Program Files\JetBrains\IntelliJ IDEA Community Edition 2021.3.3\bin;
USERNAME=USUARIO
OS=Windows_NT
PROCESSOR_IDENTIFIER=AMD64 Family 23 Model 96 Stepping 1, AuthenticAMD
TMP=C:\Users\USUARIO\AppData\Local\Temp
TEMP=C:\Users\USUARIO\AppData\Local\Temp




Periodic native trim disabled

JNI global refs:
JNI global refs: 26, weak refs: 2

JNI global refs memory usage: 835, weak refs: 833

Process memory usage:
Resident Set Size: 173376K (4% of 3528124K total physical memory with 19276K free physical memory)

OOME stack traces (most recent first):
Classloader memory used:
Loader org.gradle.internal.classloader.VisitableURLClassLoader$InstrumentingVisitableURLClassLoader: 60496K
Loader org.gradle.internal.classloader.VisitableURLClassLoader                         : 45557K
Loader bootstrap                                                                       : 31940K
Loader org.gradle.initialization.MixInLegacyTypesClassLoader                           : 12257K
Loader jdk.internal.reflect.DelegatingClassLoader                                      : 706K
Loader jdk.internal.loader.ClassLoaders$PlatformClassLoader                            : 539K
Loader org.gradle.internal.classloader.VisitableURLClassLoader                         : 309K
Loader jdk.internal.loader.ClassLoaders$AppClassLoader                                 : 235K
Loader sun.reflect.misc.MethodUtil                                                     : 2952B

Classes loaded by more than one classloader:
Class Program                                                                         : loaded 5 times (x 68B)
Class Build_gradle                                                                    : loaded 3 times (x 126B)
Class Build_gradle$1                                                                  : loaded 3 times (x 70B)
Class org.gradle.internal.classloader.FilteringClassLoader                            : loaded 2 times (x 101B)
Class com.google.common.base.CharMatcher$IsEither                                     : loaded 2 times (x 107B)
Class org.gradle.internal.classloader.ClassLoaderHierarchy                            : loaded 2 times (x 66B)
Class com.google.common.collect.ImmutableEnumSet                                      : loaded 2 times (x 142B)
Class com.google.common.util.concurrent.ExecutionError                                : loaded 2 times (x 78B)
Class com.google.common.collect.ImmutableList$1                                       : loaded 2 times (x 93B)
Class org.gradle.api.internal.classpath.ManifestUtil                                  : loaded 2 times (x 67B)
Class com.google.common.collect.RegularImmutableMap                                   : loaded 2 times (x 117B)
Class com.google.common.collect.ImmutableMap$MapViewOfValuesAsSingletonSets           : loaded 2 times (x 122B)
Class com.google.common.reflect.TypeCapture                                           : loaded 2 times (x 67B)
Class [Lorg.objectweb.asm.Symbol;                                                     : loaded 2 times (x 65B)
Class org.objectweb.asm.ClassVisitor                                                  : loaded 2 times (x 84B)
Class com.google.common.collect.UnmodifiableListIterator                              : loaded 2 times (x 91B)
Class com.google.common.base.Platform$JdkPatternCompiler                              : loaded 2 times (x 71B)
Class org.objectweb.asm.MethodTooLargeException                                       : loaded 2 times (x 79B)
Class [Lcom.google.common.cache.CacheBuilder$OneWeigher;                              : loaded 2 times (x 65B)
Class com.google.common.base.Suppliers                                                : loaded 2 times (x 67B)
Class org.gradle.internal.classloader.DefaultClassLoaderFactory                       : loaded 2 times (x 78B)
Class [Lcom.google.common.collect.AbstractIterator$State;                             : loaded 2 times (x 65B)
Class org.gradle.internal.classloader.ClassLoaderVisitor                              : loaded 2 times (x 72B)
Class [Lcom.google.common.collect.ImmutableMapEntry;                                  : loaded 2 times (x 65B)
Class org.gradle.api.internal.classpath.EffectiveClassPath                            : loaded 2 times (x 86B)
Class com.google.common.collect.ImmutableRangeSet                                     : loaded 2 times (x 111B)
Class com.google.common.collect.ListMultimap                                          : loaded 2 times (x 66B)
Class com.google.common.collect.ImmutableEnumMap                                      : loaded 2 times (x 122B)
Class com.google.common.collect.ImmutableSet$SerializedForm                           : loaded 2 times (x 69B)
Class com.google.common.collect.Sets$1                                                : loaded 2 times (x 135B)
Class org.objectweb.asm.AnnotationVisitor                                             : loaded 2 times (x 74B)
Class org.gradle.api.internal.DefaultClassPathProvider                                : loaded 2 times (x 72B)
Class com.google.common.collect.Maps$ViewCachingAbstractMap                           : loaded 2 times (x 121B)
Class [Lcom.google.common.base.Function;                                              : loaded 2 times (x 65B)
Class com.google.common.collect.Sets$2                                                : loaded 2 times (x 135B)
Class [Lorg.gradle.api.internal.ClassPathProvider;                                    : loaded 2 times (x 65B)
Class org.gradle.api.internal.ClassPathProvider                                       : loaded 2 times (x 66B)
Class com.google.common.reflect.Types$ClassOwnership$1                                : loaded 2 times (x 76B)
Class [Lorg.objectweb.asm.AnnotationVisitor;                                          : loaded 2 times (x 65B)
Class com.google.common.collect.Sets$3                                                : loaded 2 times (x 135B)
Class com.google.common.util.concurrent.AbstractFuture$SafeAtomicHelper               : loaded 2 times (x 75B)
Class com.google.common.cache.LocalCache$LocalLoadingCache                            : loaded 2 times (x 130B)
Class org.gradle.internal.service.UnknownServiceException                             : loaded 2 times (x 79B)
Class com.google.common.reflect.Types$ClassOwnership$2                                : loaded 2 times (x 76B)
Class com.google.common.reflect.TypeResolver                                          : loaded 2 times (x 68B)
Class com.google.common.collect.Sets$4                                                : loaded 2 times (x 135B)
Class org.objectweb.asm.ModuleVisitor                                                 : loaded 2 times (x 77B)
Class com.google.common.cache.LocalCache$Strength$1                                   : loaded 2 times (x 77B)
Class com.google.common.collect.Collections2$FilteredCollection                       : loaded 2 times (x 115B)
Class com.google.common.reflect.Types$ClassOwnership$3                                : loaded 2 times (x 67B)
Class com.google.common.util.concurrent.SettableFuture                                : loaded 2 times (x 110B)
Class com.google.common.cache.LocalCache$Strength$2                                   : loaded 2 times (x 77B)
Class com.google.common.collect.TransformedIterator                                   : loaded 2 times (x 76B)
Class [Lcom.google.common.collect.Maps$EntryFunction;                                 : loaded 2 times (x 65B)
Class com.google.common.cache.LocalCache$Strength$3                                   : loaded 2 times (x 77B)
Class com.google.common.collect.MapDifference                                         : loaded 2 times (x 66B)
Class com.google.common.reflect.Invokable                                             : loaded 2 times (x 99B)
Class org.objectweb.asm.FieldWriter                                                   : loaded 2 times (x 74B)
Class com.google.common.cache.CacheBuilder$NullListener                               : loaded 2 times (x 78B)
Class org.gradle.internal.classpath.TransformedClassPath                              : loaded 2 times (x 92B)
Class org.gradle.internal.classloader.InstrumentingClassLoader                        : loaded 2 times (x 66B)
Class com.google.common.collect.Maps$IteratorBasedAbstractMap$1                       : loaded 2 times (x 134B)
Class com.google.common.reflect.Types$ParameterizedTypeImpl                           : loaded 2 times (x 77B)
Class com.google.common.collect.ImmutableRangeSet$AsSet                               : loaded 2 times (x 296B)
Class com.google.common.cache.CacheLoader$FunctionToCacheLoader                       : loaded 2 times (x 71B)
Class com.google.common.collect.Iterators$ArrayItr                                    : loaded 2 times (x 93B)
Class com.google.common.collect.ImmutableCollection$Builder                           : loaded 2 times (x 72B)
Class com.google.common.reflect.TypeResolver$TypeVariableKey                          : loaded 2 times (x 68B)
Class com.google.common.base.Joiner                                                   : loaded 2 times (x 75B)
Class com.google.common.base.MoreObjects                                              : loaded 2 times (x 67B)
Class com.google.common.collect.Platform                                              : loaded 2 times (x 67B)
Class [Lorg.objectweb.asm.Type;                                                       : loaded 2 times (x 65B)
Class com.google.common.collect.UnmodifiableIterator                                  : loaded 2 times (x 76B)
Class org.gradle.internal.service.ServiceLocator                                      : loaded 2 times (x 66B)
Class com.google.common.base.Ascii                                                    : loaded 2 times (x 67B)
Class com.google.common.collect.SingletonImmutableBiMap                               : loaded 2 times (x 139B)
Class com.google.common.cache.LocalCache$1                                            : loaded 2 times (x 85B)
Class com.google.common.collect.AbstractMapEntry                                      : loaded 2 times (x 77B)
Class com.google.common.reflect.TypeToken$SimpleTypeToken                             : loaded 2 times (x 69B)
Class com.google.common.collect.Sets$ImprovedAbstractSet                              : loaded 2 times (x 131B)
Class com.google.common.collect.ImmutableList$Builder                                 : loaded 2 times (x 73B)
Class com.google.common.collect.AbstractMultimap                                      : loaded 2 times (x 119B)
Class com.google.common.cache.LocalCache$2                                            : loaded 2 times (x 138B)
Class com.google.common.collect.ImmutableRangeSet$1                                   : loaded 2 times (x 206B)
Class com.google.common.util.concurrent.AbstractFuture$UnsafeAtomicHelper$1           : loaded 2 times (x 72B)
Class com.google.common.collect.RegularImmutableAsList                                : loaded 2 times (x 213B)
Class com.google.common.base.Optional                                                 : loaded 2 times (x 76B)
Class com.google.common.collect.Range                                                 : loaded 2 times (x 83B)
Class com.google.common.util.concurrent.AbstractFuture$Trusted                        : loaded 2 times (x 66B)
Class com.google.common.collect.Iterators                                             : loaded 2 times (x 67B)
Class com.google.common.collect.Lists$StringAsImmutableList                           : loaded 2 times (x 203B)
Class com.google.common.util.concurrent.UncheckedExecutionException                   : loaded 2 times (x 78B)
Class org.gradle.kotlin.dsl.VersionCatalogAccessorsKt                                 : loaded 2 times (x 67B)
Class org.gradle.internal.InternalTransformer                                         : loaded 2 times (x 66B)
Class com.google.common.collect.AbstractMapBasedMultimap$KeySet$1                     : loaded 2 times (x 78B)
Class org.objectweb.asm.ClassWriter                                                   : loaded 2 times (x 102B)
Class com.google.common.base.CharMatcher$And                                          : loaded 2 times (x 108B)
Class com.google.common.cache.CacheLoader$UnsupportedLoadingOperationException        : loaded 2 times (x 78B)
Class org.gradle.internal.classloader.ClasspathUtil$1                                 : loaded 2 times (x 72B)
Class com.google.common.collect.FluentIterable$1                                      : loaded 2 times (x 77B)
Class com.google.common.base.Objects                                                  : loaded 2 times (x 67B)
Class org.objectweb.asm.FieldVisitor                                                  : loaded 2 times (x 73B)
Class com.google.common.collect.IndexedImmutableSet                                   : loaded 2 times (x 148B)
Class com.google.common.collect.ImmutableMap$1                                        : loaded 2 times (x 77B)
Class com.google.common.collect.BiMap                                                 : loaded 2 times (x 66B)
Class org.gradle.api.internal.classpath.DefaultModuleRegistry$DefaultModule           : loaded 2 times (x 82B)
Class com.google.common.collect.FluentIterable$2                                      : loaded 2 times (x 77B)
Class com.google.common.base.Absent                                                   : loaded 2 times (x 76B)
Class com.google.common.reflect.Reflection                                            : loaded 2 times (x 67B)
Class com.google.common.primitives.Ints                                               : loaded 2 times (x 67B)
Class com.google.common.collect.AbstractIterator                                      : loaded 2 times (x 78B)
Class com.google.common.collect.FluentIterable$3                                      : loaded 2 times (x 77B)
Class com.google.common.collect.RegularImmutableMap$KeySet                            : loaded 2 times (x 148B)
Class com.google.common.collect.Multiset                                              : loaded 2 times (x 66B)
Class com.google.common.collect.ArrayListMultimapGwtSerializationDependencies         : loaded 2 times (x 168B)
Class com.google.common.collect.AbstractIndexedListIterator                           : loaded 2 times (x 92B)
Class com.google.common.math.MathPreconditions                                        : loaded 2 times (x 67B)
Class com.google.common.collect.ImmutableMapEntrySet                                  : loaded 2 times (x 148B)
Class org.gradle.api.internal.classpath.Module                                        : loaded 2 times (x 66B)
Class com.google.common.cache.Weigher                                                 : loaded 2 times (x 66B)
Class org.gradle.api.internal.classpath.UnknownModuleException                        : loaded 2 times (x 78B)
Class com.google.common.base.Stopwatch                                                : loaded 2 times (x 68B)
Class com.google.common.cache.LocalCache$Strength                                     : loaded 2 times (x 77B)
Class com.google.common.cache.Cache                                                   : loaded 2 times (x 66B)
Class com.google.common.base.NullnessCasts                                            : loaded 2 times (x 67B)
Class com.google.common.util.concurrent.AbstractFuture$Cancellation                   : loaded 2 times (x 68B)
Class com.google.common.collect.ImmutableMap$Builder                                  : loaded 2 times (x 78B)
Class com.google.common.collect.Maps$EntryFunction$1                                  : loaded 2 times (x 87B)
Class com.google.common.base.Present                                                  : loaded 2 times (x 77B)
Class com.google.common.cache.RemovalListener                                         : loaded 2 times (x 66B)
Class org.gradle.api.internal.DefaultClassPathRegistry                                : loaded 2 times (x 72B)
Class com.google.common.collect.Maps$EntryFunction$2                                  : loaded 2 times (x 87B)
Class com.google.common.reflect.Invokable$ConstructorInvokable                        : loaded 2 times (x 103B)
Class com.google.common.primitives.IntsMethodsForWeb                                  : loaded 2 times (x 67B)
Class com.google.common.collect.Multimap                                              : loaded 2 times (x 66B)
Class org.gradle.api.internal.ClassPathRegistry                                       : loaded 2 times (x 66B)
Class org.gradle.internal.classpath.DefaultClassPath$ImmutableUniqueList              : loaded 2 times (x 195B)
Class com.google.common.reflect.TypeToken                                             : loaded 2 times (x 69B)
Class com.google.common.base.ExtraObjectsMethodsForWeb                                : loaded 2 times (x 67B)
Class com.google.common.base.Equivalence$Identity                                     : loaded 2 times (x 78B)
Class com.google.common.cache.CacheBuilder                                            : loaded 2 times (x 68B)
Class com.google.common.collect.SingletonImmutableList                                : loaded 2 times (x 203B)
Class Settings_gradle$1                                                               : loaded 2 times (x 70B)
Class org.gradle.internal.classpath.ClassPath                                         : loaded 2 times (x 66B)
Class org.gradle.api.UncheckedIOException                                             : loaded 2 times (x 78B)
Class [Lcom.google.common.reflect.Types$JavaVersion;                                  : loaded 2 times (x 65B)
Class com.google.common.base.JdkPattern                                               : loaded 2 times (x 71B)
Class com.google.common.collect.ImmutableList$ReverseImmutableList                    : loaded 2 times (x 205B)
Class org.objectweb.asm.SymbolTable$Entry                                             : loaded 2 times (x 70B)
Class com.google.common.util.concurrent.AbstractFuture$AtomicHelper                   : loaded 2 times (x 74B)
Class org.objectweb.asm.Edge                                                          : loaded 2 times (x 68B)
Class com.google.common.base.Suppliers$SupplierOfInstance                             : loaded 2 times (x 75B)
Class com.google.common.collect.Iterators$1                                           : loaded 2 times (x 77B)
Class com.google.common.reflect.TypeToken$1                                           : loaded 2 times (x 106B)
Class com.google.common.cache.LocalCache$ComputingValueReference                      : loaded 2 times (x 92B)
Class com.google.common.collect.SingletonImmutableSet                                 : loaded 2 times (x 142B)
Class com.google.common.collect.ImmutableMap$IteratorBasedImmutableMap                : loaded 2 times (x 122B)
Class com.google.common.reflect.TypeToken$2                                           : loaded 2 times (x 106B)
Class com.google.common.cache.LocalCache$Segment                                      : loaded 2 times (x 150B)
Class com.google.common.collect.SortedIterable                                        : loaded 2 times (x 66B)
Class com.google.common.collect.AbstractListMultimap                                  : loaded 2 times (x 168B)
Class [Lorg.objectweb.asm.SymbolTable$Entry;                                          : loaded 2 times (x 65B)
Class com.google.common.cache.CacheLoader                                             : loaded 2 times (x 70B)
Class com.google.common.collect.Iterators$4                                           : loaded 2 times (x 78B)
Class com.google.common.collect.ImmutableBiMap                                        : loaded 2 times (x 139B)
Class org.gradle.internal.installation.GradleInstallation$1                           : loaded 2 times (x 71B)
Class org.gradle.api.internal.classpath.ModuleRegistry                                : loaded 2 times (x 66B)
Class com.google.common.util.concurrent.internal.InternalFutureFailureAccess          : loaded 2 times (x 68B)
Class com.google.common.collect.Iterators$5                                           : loaded 2 times (x 78B)
Class com.google.common.collect.ImmutableSet$JdkBackedSetBuilderImpl                  : loaded 2 times (x 72B)
Class com.google.common.collect.Iterators$6                                           : loaded 2 times (x 77B)
Class com.google.common.util.concurrent.AbstractFuture$UnsafeAtomicHelper             : loaded 2 times (x 74B)
Class com.google.common.base.CharMatcher$ForPredicate                                 : loaded 2 times (x 108B)
Class com.google.common.cache.LocalCache$LocalManualCache$1                           : loaded 2 times (x 71B)
Class com.google.common.base.CharMatcher$AnyOf                                        : loaded 2 times (x 108B)
Class com.google.common.collect.ImmutableCollection                                   : loaded 2 times (x 121B)
Class org.gradle.api.internal.classpath.DefaultModuleRegistry                         : loaded 2 times (x 82B)
Class com.google.common.collect.Lists                                                 : loaded 2 times (x 67B)
Class com.google.common.util.concurrent.ListenableFuture                              : loaded 2 times (x 66B)
Class com.google.common.cache.ReferenceEntry                                          : loaded 2 times (x 66B)
Class com.google.common.base.Converter                                                : loaded 2 times (x 86B)
Class com.google.common.collect.ImmutableSet$CachingAsList                            : loaded 2 times (x 144B)
Class com.google.common.collect.AbstractMapBasedMultimap                              : loaded 2 times (x 135B)
Class com.google.common.util.concurrent.AbstractFuture                                : loaded 2 times (x 102B)
Class com.google.common.base.FunctionalEquivalence                                    : loaded 2 times (x 79B)
Class com.google.common.collect.Iterators$9                                           : loaded 2 times (x 77B)
Class com.google.common.collect.ImmutableAsList                                       : loaded 2 times (x 205B)
Class com.google.common.reflect.TypeResolver$TypeTable                                : loaded 2 times (x 69B)
Class org.objectweb.asm.RecordComponentVisitor                                        : loaded 2 times (x 73B)
Class com.google.common.cache.CacheLoader$SupplierToCacheLoader                       : loaded 2 times (x 71B)
Class com.google.common.reflect.TypeResolver$TypeTable$1                              : loaded 2 times (x 69B)
Class com.google.common.collect.Maps$EntryTransformer                                 : loaded 2 times (x 66B)
Class org.gradle.internal.service.ServiceLookupException                              : loaded 2 times (x 78B)
Class com.google.common.collect.ImmutableSortedSet                                    : loaded 2 times (x 296B)
Class [Lcom.google.common.cache.LocalCache$EntryFactory;                              : loaded 2 times (x 65B)
Class org.gradle.internal.classloader.ClassLoaderFactory                              : loaded 2 times (x 66B)
Class com.google.common.base.CommonPattern                                            : loaded 2 times (x 70B)
Class com.google.common.base.CharMatcher$IsNot                                        : loaded 2 times (x 107B)
Class com.google.common.cache.LocalCache$LocalManualCache                             : loaded 2 times (x 95B)
Class org.gradle.internal.service.CachingServiceLocator                               : loaded 2 times (x 78B)
Class com.google.common.collect.AbstractMapBasedMultimap$KeySet                       : loaded 2 times (x 133B)
Class com.google.common.collect.RegularImmutableSortedSet                             : loaded 2 times (x 296B)
Class com.google.common.math.IntMath                                                  : loaded 2 times (x 67B)
Class com.google.common.reflect.Types$TypeVariableInvocationHandler                   : loaded 2 times (x 71B)
Class com.google.common.collect.ImmutableMapEntry                                     : loaded 2 times (x 81B)
Class com.google.common.base.Predicates                                               : loaded 2 times (x 67B)
Class com.google.common.base.Equivalence                                              : loaded 2 times (x 78B)
Class com.google.common.base.Function                                                 : loaded 2 times (x 66B)
Class com.google.common.collect.ImmutableMapEntry$NonTerminalImmutableMapEntry        : loaded 2 times (x 81B)
Class com.google.common.collect.IndexedImmutableSet$1                                 : loaded 2 times (x 209B)
Class com.google.common.cache.CacheBuilder$OneWeigher                                 : loaded 2 times (x 78B)
Class com.google.common.collect.RegularImmutableList                                  : loaded 2 times (x 209B)
Class com.google.common.collect.Maps$EntryFunction                                    : loaded 2 times (x 87B)
Class com.google.common.reflect.Types$ClassOwnership$1LocalClass                      : loaded 2 times (x 67B)
Class org.gradle.internal.classloader.ClasspathUtil                                   : loaded 2 times (x 67B)
Class com.google.common.base.Charsets                                                 : loaded 2 times (x 67B)
Class com.google.common.util.concurrent.Uninterruptibles                              : loaded 2 times (x 67B)
Class com.google.common.collect.Maps                                                  : loaded 2 times (x 67B)
Class org.gradle.api.specs.Spec                                                       : loaded 2 times (x 66B)
Class com.google.common.reflect.Types$JavaVersion                                     : loaded 2 times (x 79B)
Class [Lcom.google.common.collect.ImmutableEntry;                                     : loaded 2 times (x 65B)
Class com.google.common.collect.Sets$3$1                                              : loaded 2 times (x 78B)
Class com.google.common.cache.LocalCache$LoadingValueReference                        : loaded 2 times (x 92B)
Class com.google.common.collect.ObjectArrays                                          : loaded 2 times (x 67B)
Class com.google.common.reflect.Invokable$MethodInvokable                             : loaded 2 times (x 103B)
Class com.google.common.base.Platform                                                 : loaded 2 times (x 67B)
Class [Lorg.objectweb.asm.AnnotationWriter;                                           : loaded 2 times (x 65B)
Class com.google.common.collect.Maps$8                                                : loaded 2 times (x 78B)
Class com.google.common.base.Predicates$CompositionPredicate                          : loaded 2 times (x 84B)
Class com.google.common.collect.ImmutableRangeSet$Builder                             : loaded 2 times (x 73B)
Class com.google.common.collect.Sets$SetView                                          : loaded 2 times (x 134B)
Class com.google.common.cache.LocalCache$StrongValueReference                         : loaded 2 times (x 86B)
Class com.google.common.util.concurrent.AbstractFuture$SynchronizedHelper             : loaded 2 times (x 74B)
Class org.objectweb.asm.Type                                                          : loaded 2 times (x 68B)
Class org.gradle.internal.classloader.VisitableURLClassLoader$InstrumentingVisitableURLClassLoader: loaded 2 times (x 119B)
Class org.objectweb.asm.ByteVector                                                    : loaded 2 times (x 75B)
Class [Lcom.google.common.cache.CacheBuilder$NullListener;                            : loaded 2 times (x 65B)
Class com.google.common.math.IntMath$1                                                : loaded 2 times (x 67B)
Class org.gradle.internal.classloader.VisitableURLClassLoader$Spec                    : loaded 2 times (x 70B)
Class org.gradle.internal.classpath.DefaultClassPath                                  : loaded 2 times (x 86B)
Class com.google.common.reflect.Types$ClassOwnership                                  : loaded 2 times (x 76B)
Class org.objectweb.asm.Symbol                                                        : loaded 2 times (x 69B)
Class com.google.common.collect.Sets$FilteredSet                                      : loaded 2 times (x 133B)
Class com.google.common.io.Closer                                                     : loaded 2 times (x 74B)
Class com.google.common.base.CharMatcher$Ascii                                        : loaded 2 times (x 108B)
Class com.google.common.base.CharMatcher$BitSetMatcher                                : loaded 2 times (x 108B)
Class com.google.common.collect.ImmutableSet                                          : loaded 2 times (x 141B)
Class com.google.common.collect.RegularImmutableMap$Values                            : loaded 2 times (x 203B)
Class org.gradle.internal.classloader.ClassLoaderSpec                                 : loaded 2 times (x 67B)
Class org.objectweb.asm.AnnotationWriter                                              : loaded 2 times (x 75B)
Class com.google.common.cache.CacheStats                                              : loaded 2 times (x 67B)
Class com.google.common.io.Closer$Suppressor                                          : loaded 2 times (x 66B)
Class org.objectweb.asm.RecordComponentWriter                                         : loaded 2 times (x 74B)
Class com.google.common.util.concurrent.AbstractFuture$Listener                       : loaded 2 times (x 68B)
Class com.google.common.base.CharMatcher$Or                                           : loaded 2 times (x 108B)
Class Settings_gradle$1$1                                                             : loaded 2 times (x 70B)
Class org.objectweb.asm.Attribute                                                     : loaded 2 times (x 73B)
Class com.google.common.base.Supplier                                                 : loaded 2 times (x 66B)
Class org.gradle.internal.classloader.VisitableURLClassLoader                         : loaded 2 times (x 113B)
Class com.google.common.collect.ImmutableList$SerializedForm                          : loaded 2 times (x 69B)
Class com.google.common.util.concurrent.AbstractFuture$Waiter                         : loaded 2 times (x 68B)
Class Settings_gradle                                                                 : loaded 2 times (x 124B)
Class org.gradle.internal.Cast                                                        : loaded 2 times (x 67B)
Class org.gradle.api.Action                                                           : loaded 2 times (x 66B)
Class com.google.common.base.Strings                                                  : loaded 2 times (x 67B)
Class com.google.common.collect.Sets                                                  : loaded 2 times (x 67B)
Class org.objectweb.asm.Handler                                                       : loaded 2 times (x 68B)
Class com.google.common.base.CharMatcher$FastMatcher                                  : loaded 2 times (x 107B)
Class com.google.common.base.Ticker                                                   : loaded 2 times (x 68B)
Class [Lcom.google.common.cache.LocalCache$Segment;                                   : loaded 2 times (x 65B)
Class com.google.common.base.Predicate                                                : loaded 2 times (x 66B)
Class [Lcom.google.common.cache.LocalCache$Strength;                                  : loaded 2 times (x 65B)
Class com.google.common.cache.CacheBuilder$1                                          : loaded 2 times (x 81B)
Class com.google.common.collect.ImmutableMap                                          : loaded 2 times (x 116B)
Class org.gradle.internal.classpath.DefaultClassPath$ImmutableUniqueList$Builder      : loaded 2 times (x 71B)
Class com.google.common.collect.AbstractRangeSet                                      : loaded 2 times (x 110B)
Class com.google.common.base.CharMatcher$NegatedFastMatcher                           : loaded 2 times (x 109B)
Class com.google.common.cache.LocalCache                                              : loaded 2 times (x 183B)
Class com.google.common.cache.CacheBuilder$2                                          : loaded 2 times (x 75B)
Class com.google.common.collect.ArrayListMultimap                                     : loaded 2 times (x 168B)
Class com.google.common.cache.CacheBuilder$3                                          : loaded 2 times (x 68B)
Class [Lcom.google.common.collect.AbstractMapEntry;                                   : loaded 2 times (x 65B)
Class com.google.common.collect.ImmutableEntry                                        : loaded 2 times (x 78B)
Class org.gradle.api.GradleException                                                  : loaded 2 times (x 78B)
Class com.google.common.base.Suppliers$MemoizingSupplier                              : loaded 2 times (x 75B)
Class com.google.common.collect.CollectPreconditions                                  : loaded 2 times (x 67B)
Class com.google.common.collect.Maps$AbstractFilteredMap                              : loaded 2 times (x 123B)
Class com.google.common.collect.SortedMapDifference                                   : loaded 2 times (x 66B)
Class com.google.common.cache.LocalCache$WriteThroughEntry                            : loaded 2 times (x 75B)
Class com.google.common.cache.LocalCache$HashIterator                                 : loaded 2 times (x 82B)
Class com.google.common.cache.LocalCache$EntryFactory                                 : loaded 2 times (x 79B)
Class com.google.common.collect.Iterables$5                                           : loaded 2 times (x 77B)
Class com.google.common.reflect.Types$NativeTypeVariableEquals                        : loaded 2 times (x 67B)
Class com.google.common.reflect.TypeParameter                                         : loaded 2 times (x 68B)
Class com.google.common.cache.LocalCache$AbstractReferenceEntry                       : loaded 2 times (x 103B)
Class org.gradle.internal.IoActions                                                   : loaded 2 times (x 67B)
Class com.google.common.collect.ImmutableRangeSet$ComplementRanges                    : loaded 2 times (x 203B)
Class org.objectweb.asm.SymbolTable                                                   : loaded 2 times (x 68B)
Class com.google.common.cache.CacheLoader$InvalidCacheLoadException                   : loaded 2 times (x 78B)
Class com.google.common.collect.ImmutableSet$RegularSetBuilderImpl                    : loaded 2 times (x 73B)
Class org.gradle.internal.classloader.SystemClassLoaderSpec                           : loaded 2 times (x 67B)
Class com.google.common.collect.FluentIterable                                        : loaded 2 times (x 77B)
Class com.google.common.cache.LocalCache$StrongEntry                                  : loaded 2 times (x 104B)
Class com.google.common.util.concurrent.AbstractFuture$TrustedFuture                  : loaded 2 times (x 110B)
Class com.google.common.cache.LoadingCache                                            : loaded 2 times (x 66B)
Class com.google.common.base.Suppliers$NonSerializableMemoizingSupplier               : loaded 2 times (x 75B)
Class org.objectweb.asm.MethodWriter                                                  : loaded 2 times (x 102B)
Class [Lcom.google.common.cache.Weigher;                                              : loaded 2 times (x 65B)
Class com.google.common.collect.RegularImmutableMap$BucketOverflowException           : loaded 2 times (x 78B)
Class com.google.common.collect.AbstractIterator$State                                : loaded 2 times (x 75B)
Class com.google.common.reflect.Types$JavaVersion$1                                   : loaded 2 times (x 79B)
Class com.google.common.collect.RegularImmutableBiMap                                 : loaded 2 times (x 145B)
Class com.google.common.base.CharMatcher$Negated                                      : loaded 2 times (x 109B)
Class com.google.common.base.CharMatcher$Is                                           : loaded 2 times (x 107B)
Class com.google.common.cache.LocalCache$ValueReference                               : loaded 2 times (x 66B)
Class com.google.common.reflect.Types$JavaVersion$2                                   : loaded 2 times (x 79B)
Class com.google.common.reflect.Types                                                 : loaded 2 times (x 67B)
Class com.google.common.hash.PrimitiveSink                                            : loaded 2 times (x 66B)
Class com.google.common.base.PatternCompiler                                          : loaded 2 times (x 66B)
Class com.google.common.util.concurrent.AbstractFuture$Failure                        : loaded 2 times (x 68B)
Class com.google.common.base.Equivalence$Equals                                       : loaded 2 times (x 78B)
Class com.google.common.collect.Hashing                                               : loaded 2 times (x 67B)
Class com.google.common.base.Preconditions                                            : loaded 2 times (x 67B)
Class com.google.common.reflect.Types$JavaVersion$3                                   : loaded 2 times (x 79B)
Class com.google.common.base.Joiner$1                                                 : loaded 2 times (x 76B)
Class org.objectweb.asm.Label                                                         : loaded 2 times (x 69B)
Class org.objectweb.asm.CurrentFrame                                                  : loaded 2 times (x 69B)
Class org.objectweb.asm.ClassTooLargeException                                        : loaded 2 times (x 79B)
Class com.google.common.base.CharMatcher                                              : loaded 2 times (x 107B)
Class com.google.common.collect.PeekingIterator                                       : loaded 2 times (x 66B)
Class com.google.common.reflect.Types$JavaVersion$4                                   : loaded 2 times (x 79B)
Class com.google.common.collect.Maps$IteratorBasedAbstractMap                         : loaded 2 times (x 121B)
Class com.google.common.collect.RangeGwtSerializationDependencies                     : loaded 2 times (x 67B)
Class com.google.common.base.Joiner$2                                                 : loaded 2 times (x 75B)
Class org.objectweb.asm.Frame                                                         : loaded 2 times (x 69B)
Class org.objectweb.asm.MethodVisitor                                                 : loaded 2 times (x 101B)
Class com.google.common.base.CharMatcher$NamedFastMatcher                             : loaded 2 times (x 108B)
Class com.google.common.base.CharMatcher$1                                            : loaded 2 times (x 109B)
Class com.google.common.cache.LocalCache$EntryFactory$1                               : loaded 2 times (x 79B)
Class [Lcom.google.common.cache.RemovalListener;                                      : loaded 2 times (x 65B)
Class com.google.common.reflect.Types$JavaVersion$5                                   : loaded 2 times (x 67B)
Class [Lcom.google.common.reflect.Types$ClassOwnership;                               : loaded 2 times (x 65B)
Class com.google.common.collect.RangeSet                                              : loaded 2 times (x 66B)
Class com.google.common.cache.LocalCache$EntryFactory$2                               : loaded 2 times (x 79B)
Class org.gradle.api.internal.classpath.GlobalCacheRootsProvider                      : loaded 2 times (x 66B)
Class com.google.common.collect.CollectCollectors                                     : loaded 2 times (x 67B)
Class org.objectweb.asm.ModuleWriter                                                  : loaded 2 times (x 78B)
Class com.google.common.cache.LocalCache$EntryFactory$3                               : loaded 2 times (x 79B)
Class com.google.common.base.Ticker$1                                                 : loaded 2 times (x 68B)
Class com.google.common.collect.Maps$BiMapConverter                                   : loaded 2 times (x 86B)
Class com.google.common.collect.ImmutableMapEntrySet$RegularEntrySet                  : loaded 2 times (x 148B)
Class com.google.common.base.CharMatcher$InRange                                      : loaded 2 times (x 107B)
Class com.google.common.cache.LocalCache$EntryFactory$4                               : loaded 2 times (x 79B)
Class com.google.common.collect.ImmutableSet$Builder                                  : loaded 2 times (x 81B)
Class com.google.common.cache.LocalCache$EntryFactory$5                               : loaded 2 times (x 79B)
Class com.google.common.base.PairwiseEquivalence                                      : loaded 2 times (x 79B)
Class com.google.common.cache.LocalCache$EntryFactory$6                               : loaded 2 times (x 79B)
Class org.gradle.internal.installation.CurrentGradleInstallationLocator               : loaded 2 times (x 67B)
Class com.google.common.collect.Maps$KeySet                                           : loaded 2 times (x 133B)
Class com.google.common.cache.LocalCache$EntryFactory$7                               : loaded 2 times (x 79B)
Class com.google.common.collect.ImmutableSet$EmptySetBuilderImpl                      : loaded 2 times (x 72B)
Class com.google.common.collect.ImmutableList                                         : loaded 2 times (x 202B)
Class org.gradle.internal.service.DefaultServiceLocator                               : loaded 2 times (x 79B)
Class com.google.common.collect.Maps$EntrySet                                         : loaded 2 times (x 132B)
Class com.google.common.cache.LocalCache$EntryFactory$8                               : loaded 2 times (x 79B)
Class com.google.common.collect.ImmutableSet$SetBuilderImpl                           : loaded 2 times (x 72B)
Class org.gradle.internal.installation.CurrentGradleInstallation                      : loaded 2 times (x 69B)
Class com.google.common.cache.CacheLoader$1                                           : loaded 2 times (x 71B)
Class com.google.common.collect.ForwardingObject                                      : loaded 2 times (x 68B)
Class com.google.common.collect.ImmutableList$SubList                                 : loaded 2 times (x 205B)
Class org.gradle.util.internal.GUtil                                                  : loaded 2 times (x 67B)
Class com.google.common.util.concurrent.AbstractFuture$SetFuture                      : loaded 2 times (x 71B)
Class com.google.common.cache.AbstractCache$StatsCounter                              : loaded 2 times (x 66B)
Class com.google.common.reflect.Types$TypeVariableImpl                                : loaded 2 times (x 68B)
Class com.google.common.collect.Iterators$MergingIterator                             : loaded 2 times (x 77B)
Class com.google.common.collect.RegularImmutableSet                                   : loaded 2 times (x 145B)
Class org.gradle.internal.installation.GradleInstallation                             : loaded 2 times (x 71B)
Class com.google.common.collect.Iterables                                             : loaded 2 times (x 67B)

---------------  S Y S T E M  ---------------

OS:
 Windows 10 , 64 bit Build 19041 (10.0.19041.5915)
OS uptime: 0 days 2:43 hours

CPU: total 6 (initial active 6) (6 cores per cpu, 1 threads per core) family 23 model 96 stepping 1 microcode 0x0, cx8, cmov, fxsr, mmx, 3dnowpref, sse, sse2, sse3, ssse3, sse4a, sse4.1, sse4.2, popcnt, lzcnt, tsc, tscinvbit, avx, avx2, aes, clmul, bmi1, bmi2, adx, sha, fma, vzeroupper, clflush, clflushopt, rdtscp, rdpid, f16c
Processor Information for the first 6 processors :
  Max Mhz: 2375, Current Mhz: 2375, Mhz Limit: 2375

Memory: 4k page, system-wide physical 3445M (207M free)
TotalPageFile size 14197M (AvailPageFile size 134M)
current process WorkingSet (physical memory assigned to process): 174M, peak: 295M
current process commit charge ("private bytes"): 785M, peak: 1054M

vm_info: OpenJDK 64-Bit Server VM (21.0.6+-13391695-b895.109) for windows-amd64 JRE (21.0.6+-13391695-b895.109), built on 2025-04-22T21:19:17Z by "builder" with MS VC++ 16.10 / 16.11 (VS2019)

END.
